{"learning_rate": 0.06837355613450065, "net_arch": {"pi": [291], "vf": [665, 475, 1004]}, "net_arch_dqn": [442, 813, 665, 889], "batch_size": 32, "model_name": "model-1709438783", "map_size": [10, 10], "reset": 167, "box_near_goal": 0.47204471511286994, "box_close_goal": 0.9985221452691266, "box_move_reward": -0.4331491792893081, "box_goal_reward": 0.34320205256033076, "box_player_reward": -0.4673672945757068, "final_player_reward": 0.49670018212595735, "preform_step": -0.6023151646160265, "win_reward": 110, "invalid_move_reward": -18.051754913578474, "max_invalid_move_reset": 10, "model_type": "DQN", "policy": "MlpPolicy", "folder_path_for_models": "models-tone", "model_performance": 5.353814546532808}