{"learning_rate": 0.08280328314440026, "net_arch": {"pi": [714], "vf": [967, 262, 294, 518]}, "net_arch_dqn": [272], "batch_size": 32, "model_name": "model-1709623481", "map_size": [10, 10], "reset": 192, "box_near_goal": 0.4744726391898658, "box_close_goal": 0.48323306973090907, "box_move_reward": 0.6977553245228136, "box_goal_reward": -0.03272844114793383, "box_player_reward": -0.3547340266398977, "final_player_reward": 0.5179416555902383, "preform_step": 0.22145496703832412, "win_reward": 90, "invalid_move_reward": -18.65368873655928, "no_win_reward": -6.1628987887877535, "model_type": "PPO", "policy": "MlpPolicy", "folder_path_for_models": "models-tone", "model_performance": 0}