{"learning_rate": 0.09491025802569468, "net_arch": {"pi": [80, 571], "vf": [391, 985, 723, 552, 272]}, "net_arch_dqn": [633, 95, 548, 982], "batch_size": 32, "model_name": "model-1709391112", "map_size": [10, 10], "reset": 96, "box_near_goal": 0.6110563884307926, "box_close_goal": 0.5474829119511904, "box_move_reward": -0.59643256398214, "box_goal_reward": 0.43848748467117815, "box_player_reward": -0.7501164094059249, "final_player_reward": 0.9369200616234172, "preform_step": 0.29378513767620085, "win_reward": 152, "invalid_move_reward": -13.946125748575824, "max_invalid_move_reset": 13, "model_type": "DQN", "policy": "MlpPolicy", "folder_path_for_models": "models-tone", "model_performance": 9.902820777433782}