{"learning_rate": 0.07045200362422581, "net_arch": {"pi": [880, 591, 290, 203, 600], "vf": [283]}, "net_arch_dqn": [749, 417, 593, 156], "batch_size": 128, "model_name": "model-1709348020", "map_size": [10, 10], "reset": 189, "box_near_goal": 0.47440765110389294, "box_close_goal": 0.8421047578077431, "box_move_reward": -0.11645316763036839, "box_goal_reward": 0.821776425508264, "box_player_reward": 0.016860416887617857, "final_player_reward": -0.635140671876467, "preform_step": -0.7117915457945911, "win_reward": 122, "invalid_move_reward": -2.8030036406562004, "max_invalid_move_reset": 6, "model_type": "DQN", "policy": "MlpPolicy", "folder_path_for_models": "models-tone", "model_performance": 26.00803721493377}