{"learning_rate": 0.06470035327844294, "net_arch": {"pi": [920, 975, 442, 772], "vf": [781]}, "net_arch_dqn": [655], "batch_size": 32, "model_name": "model-1709403965", "map_size": [10, 10], "reset": 78, "box_near_goal": 0.7493781697861324, "box_close_goal": 0.7917204753831051, "box_move_reward": 0.4971788522926186, "box_goal_reward": -0.2289403124417806, "box_player_reward": 0.4192411106016598, "final_player_reward": -0.8510209968335547, "preform_step": -0.982447961375424, "win_reward": 116, "invalid_move_reward": -3.124968386896029, "max_invalid_move_reset": 11, "model_type": "DQN", "policy": "MlpPolicy", "folder_path_for_models": "models-tone", "model_performance": 29.984802431610944}