{"learning_rate": 0.040575618666349726, "net_arch": {"pi": [720, 470], "vf": [413, 178]}, "net_arch_dqn": [822, 810, 622, 802], "batch_size": 128, "model_name": "model-1709350838", "map_size": [10, 10], "reset": 135, "box_near_goal": 0.47645934039739357, "box_close_goal": 0.9242223282959269, "box_move_reward": -0.2107642548558768, "box_goal_reward": -0.7639577776752497, "box_player_reward": -0.3508245677756954, "final_player_reward": 0.8978300855873276, "preform_step": 0.6100108711328469, "win_reward": 152, "invalid_move_reward": -10.954146370205883, "max_invalid_move_reset": 15, "model_type": "PPO", "policy": "MlpPolicy", "folder_path_for_models": "models-tone", "model_performance": 0}