{"learning_rate": 0.07963513493623021, "net_arch": {"pi": [445, 187, 938], "vf": [930, 660, 854, 103, 747]}, "net_arch_dqn": [649, 192, 298, 525], "batch_size": 64, "model_name": "model-1709630973", "map_size": [10, 10], "reset": 131, "box_near_goal": 0.38105271230677307, "box_close_goal": 0.5922294457499704, "box_move_reward": -0.2903684994156366, "box_goal_reward": 0.6273956100478961, "box_player_reward": 0.706070083998054, "final_player_reward": -0.8126301960509197, "preform_step": -0.18216130820424992, "win_reward": 164, "invalid_move_reward": -8.789990451194905, "no_win_reward": -11.807992634828658, "model_type": "DQN", "policy": "MlpPolicy", "folder_path_for_models": "models-tone", "model_performance": 1.3888888888888888}