{"learning_rate": 0.03913282397132289, "net_arch": {"pi": [557, 522, 555], "vf": [130, 906]}, "net_arch_dqn": [166, 323], "batch_size": 32, "model_name": "model-1709623457", "map_size": [10, 10], "reset": 173, "box_near_goal": 0.463228134314559, "box_close_goal": 0.5616969998520945, "box_move_reward": -0.49193070593310706, "box_goal_reward": 0.8075442036036911, "box_player_reward": 0.5678844032966734, "final_player_reward": 0.5732319425288215, "preform_step": 0.923982176901585, "win_reward": 108, "invalid_move_reward": -1.3596688849775482, "no_win_reward": -15.941247272367278, "model_type": "DQN", "policy": "MlpPolicy", "folder_path_for_models": "models-tone", "model_performance": 2.7777777777777777}