{"learning_rate": 0.019990040088885594, "net_arch": {"pi": [350], "vf": [369, 552, 505, 64]}, "net_arch_dqn": [973, 549, 725, 469, 153], "batch_size": 64, "model_name": "model-1709366273", "map_size": [10, 10], "reset": 195, "box_near_goal": 0.31518422644444566, "box_close_goal": 0.6690444921562774, "box_move_reward": -0.6767854675585041, "box_goal_reward": -0.12625759618169052, "box_player_reward": 0.640588643295485, "final_player_reward": -0.03904294708238387, "preform_step": 0.9141308426918489, "win_reward": 144, "invalid_move_reward": -0.23585440251006062, "max_invalid_move_reset": 12, "model_type": "PPO", "policy": "MlpPolicy", "folder_path_for_models": "models-tone", "model_performance": 56.150793650793645}