{"learning_rate": 0.04018461377529604, "net_arch": {"pi": [502, 153, 967, 520, 216], "vf": [238, 83]}, "net_arch_dqn": [237, 890, 783], "batch_size": 64, "model_name": "model-1709358094", "map_size": [10, 10], "reset": 68, "box_near_goal": 0.9449114971470141, "box_close_goal": 0.27430349314110014, "box_move_reward": 0.7967594933862634, "box_goal_reward": 0.7284175719096897, "box_player_reward": -0.14365209890080322, "final_player_reward": 0.2919555875534967, "preform_step": 0.5276854036509431, "win_reward": 177, "invalid_move_reward": -6.006133588818036, "max_invalid_move_reset": 15, "model_type": "DQN", "policy": "MlpPolicy", "folder_path_for_models": "models-tone", "model_performance": 19.37678501638457}