{"learning_rate": 0.011927186995511738, "net_arch": {"pi": [221], "vf": [657, 544, 167, 269, 889]}, "net_arch_dqn": [860, 637, 848], "batch_size": 64, "model_name": "model-1709623952", "map_size": [10, 10], "reset": 195, "box_near_goal": 0.1947689445933205, "box_close_goal": 0.7082656381081298, "box_move_reward": 0.43509183555883, "box_goal_reward": 0.9460498341310861, "box_player_reward": 0.1836086313102847, "final_player_reward": -0.8545258611396249, "preform_step": -0.8047677679476792, "win_reward": 94, "invalid_move_reward": -12.684293695448748, "no_win_reward": -13.515128585526636, "model_type": "DQN", "policy": "MlpPolicy", "folder_path_for_models": "models-tone", "model_performance": 1.3888888888888888}