{"learning_rate": 0.022767739360917614, "net_arch": {"pi": [67, 659, 954, 433], "vf": [371, 484]}, "net_arch_dqn": [517, 495, 145, 709, 998], "batch_size": 64, "model_name": "model-1709661908", "map_size": [10, 10], "reset": 104, "box_near_goal": 0.6853581002298463, "box_close_goal": 0.6597716222531761, "box_move_reward": 0.6867150226249135, "box_goal_reward": 0.6181408293707269, "box_player_reward": -0.33276640763648846, "final_player_reward": -0.9084201065383177, "preform_step": -0.06918468779220666, "win_reward": 50, "invalid_move_reward": -10.132975774429527, "no_win_reward": -10.937488642225702, "model_type": "PPO", "policy": "MlpPolicy", "folder_path_for_models": "models-tone", "model_performance": 0}