{"learning_rate": 0.003205480484783458, "net_arch": {"pi": [895, 586, 595, 954, 169], "vf": [623, 880, 272]}, "net_arch_dqn": [144, 536], "batch_size": 64, "model_name": "model-1709344871", "map_size": [10, 10], "reset": 166, "box_near_goal": 0.132266533852621, "box_close_goal": 0.08552371507792855, "box_move_reward": 0.9131070824360938, "box_goal_reward": -0.2061506184871882, "box_player_reward": 0.07244527491564856, "final_player_reward": 0.07733761884820467, "preform_step": 0.4450318017494266, "win_reward": 63, "invalid_move_reward": -6.491276282427744, "max_invalid_move_reset": 20, "model_type": "DQN", "policy": "MlpPolicy", "folder_path_for_models": "models-tone", "model_performance": 0}