{"learning_rate": 0.020759359010965317, "net_arch": {"pi": [664, 596, 906, 842, 759], "vf": [230]}, "net_arch_dqn": [731, 658, 444], "batch_size": 128, "model_name": "model-1709352822", "map_size": [10, 10], "reset": 81, "box_near_goal": 0.9188367148410695, "box_close_goal": 0.3631988123959916, "box_move_reward": -0.6811537974402921, "box_goal_reward": 0.07488101692676241, "box_player_reward": 0.22104621958163695, "final_player_reward": 0.623826482389195, "preform_step": -0.5210050096944758, "win_reward": 144, "invalid_move_reward": -16.114404838790403, "max_invalid_move_reset": 6, "model_type": "DQN", "policy": "MlpPolicy", "folder_path_for_models": "models-tone", "model_performance": 122.57326007326007}