{"learning_rate": 0.0766406945629241, "net_arch": {"pi": [600], "vf": [133, 426, 1004, 916, 110]}, "net_arch_dqn": [965, 962], "batch_size": 32, "model_name": "model-1709354840", "map_size": [10, 10], "reset": 184, "box_near_goal": 0.9408015136611648, "box_close_goal": 0.8726309745733376, "box_move_reward": -0.3926674941843389, "box_goal_reward": -0.8547926656355187, "box_player_reward": 0.8433074936045473, "final_player_reward": 0.2360218981822828, "preform_step": 0.3386180419899725, "win_reward": 111, "invalid_move_reward": -6.877371991982912, "max_invalid_move_reset": 19, "model_type": "PPO", "policy": "MlpPolicy", "folder_path_for_models": "models-tone", "model_performance": 117.64841455707966}