{"learning_rate": 0.07396212012154801, "net_arch": {"pi": [588, 429], "vf": [65, 327, 499]}, "net_arch_dqn": [932, 94, 477, 1022, 711], "batch_size": 256, "model_name": "model-1709351747", "map_size": [10, 10], "reset": 103, "box_near_goal": 0.3777230690586425, "box_close_goal": 0.11555249574018722, "box_move_reward": 0.4918933309107736, "box_goal_reward": -0.3915137481796882, "box_player_reward": -0.5922508838190785, "final_player_reward": -0.13318069695651635, "preform_step": 0.2110818924927782, "win_reward": 120, "invalid_move_reward": -5.740872371845956, "max_invalid_move_reset": 8, "model_type": "PPO", "policy": "MlpPolicy", "folder_path_for_models": "models-tone", "model_performance": 0}