{"learning_rate": 0.002067293321083397, "net_arch": {"pi": [717, 88], "vf": [930, 375, 107]}, "net_arch_dqn": [336, 603, 136], "batch_size": 32, "model_name": "model-1709437780", "map_size": [10, 10], "reset": 189, "box_near_goal": 0.919776767273204, "box_close_goal": 0.5454861464754296, "box_move_reward": -0.6328939385711354, "box_goal_reward": -0.4867837424775192, "box_player_reward": 0.8546128499086392, "final_player_reward": 0.8404747819811245, "preform_step": 0.4468412950499454, "win_reward": 79, "invalid_move_reward": -2.732558858106742, "max_invalid_move_reset": 8, "model_type": "DQN", "policy": "MlpPolicy", "folder_path_for_models": "models-tone", "model_performance": 104.16666666666666}