{"learning_rate": 0.02631465360073938, "net_arch": {"pi": [203], "vf": [701, 560, 848]}, "net_arch_dqn": [456, 628, 142, 450, 873], "batch_size": 32, "model_name": "model-1709347583", "map_size": [10, 10], "reset": 132, "box_near_goal": 0.7102966938368798, "box_close_goal": 0.6659829295391158, "box_move_reward": 0.17213568140101287, "box_goal_reward": -0.8830310524061664, "box_player_reward": 0.368952783295045, "final_player_reward": 0.6742710052748344, "preform_step": -0.8044867019944106, "win_reward": 123, "invalid_move_reward": -8.878305299060973, "max_invalid_move_reset": 12, "model_type": "DQN", "policy": "MlpPolicy", "folder_path_for_models": "models-tone", "model_performance": 53.27568134171908}