{"learning_rate": 0.0025750854548604696, "net_arch": {"pi": [209], "vf": [693, 114, 82, 279, 1019]}, "net_arch_dqn": [317, 389, 258, 517], "batch_size": 128, "model_name": "model-1709625722", "map_size": [10, 10], "reset": 102, "box_near_goal": 0.40327912551942513, "box_close_goal": 0.14204139685204764, "box_move_reward": -0.09701125399749766, "box_goal_reward": -0.6577645700508357, "box_player_reward": -0.28836797488629906, "final_player_reward": 0.9176931756847646, "preform_step": -0.6010679900119915, "win_reward": 98, "invalid_move_reward": -17.58466034900897, "no_win_reward": -17.11531373366826, "model_type": "DQN", "policy": "MlpPolicy", "folder_path_for_models": "models-tone", "model_performance": 4.166666666666666}