{"learning_rate": 0.0005610108633236926, "net_arch": {"pi": [849, 437, 525], "vf": [688, 823]}, "net_arch_dqn": [194, 72, 405, 747, 551], "batch_size": 32, "model_name": "model-1709664027", "map_size": [10, 10], "reset": 113, "box_near_goal": 0.37726643280951655, "box_close_goal": 0.8122498575384156, "box_move_reward": -0.31851850340174437, "box_goal_reward": -0.6853929792969184, "box_player_reward": -0.07461226628085016, "final_player_reward": 0.8142998300322171, "preform_step": 0.28783968202246646, "win_reward": 57, "invalid_move_reward": -4.962959457331106, "no_win_reward": -6.225429611724991, "model_type": "PPO", "policy": "MlpPolicy", "folder_path_for_models": "models-tone", "model_performance": 2.7777777777777777}