{"learning_rate": 0.006609403344284916, "net_arch": {"pi": [985, 765, 646, 460, 938], "vf": [666, 381, 125]}, "net_arch_dqn": [304, 931, 263, 246], "batch_size": 32, "model_name": "model-1709376654", "map_size": [10, 10], "reset": 120, "box_near_goal": 0.38539083434696864, "box_close_goal": 0.65247753495251, "box_move_reward": 0.557543980031306, "box_goal_reward": -0.44263796660077226, "box_player_reward": 0.8654238188631116, "final_player_reward": 0.4368013407197193, "preform_step": 0.5199988353437377, "win_reward": 93, "invalid_move_reward": -12.908666369113146, "max_invalid_move_reset": 7, "model_type": "PPO", "policy": "MlpPolicy", "folder_path_for_models": "models-tone", "model_performance": 0}