{"learning_rate": 0.07252508040505617, "net_arch": {"pi": [474, 289, 258], "vf": [307, 452, 710, 896, 583]}, "net_arch_dqn": [505, 424, 179, 1004, 706], "batch_size": 256, "model_name": "model-1709389389", "map_size": [10, 10], "reset": 99, "box_near_goal": 0.23585080484304521, "box_close_goal": 0.35965258376992726, "box_move_reward": -0.43557452713377787, "box_goal_reward": 0.21518236129922275, "box_player_reward": 0.4884308711714951, "final_player_reward": 0.16354516333295765, "preform_step": 0.3638535741061295, "win_reward": 105, "invalid_move_reward": -15.960132319209412, "max_invalid_move_reset": 7, "model_type": "DQN", "policy": "MlpPolicy", "folder_path_for_models": "models-tone", "model_performance": 113.562421185372}