{"learning_rate": 0.045006795981364485, "net_arch": {"pi": [188, 216], "vf": [691]}, "net_arch_dqn": [563, 847, 935, 122], "batch_size": 64, "model_name": "model-1709650603", "map_size": [10, 10], "reset": 74, "box_near_goal": 0.1456801530633779, "box_close_goal": 0.7689197629674104, "box_move_reward": 0.526249410490268, "box_goal_reward": 0.9307250112900098, "box_player_reward": 0.06274104321740737, "final_player_reward": 0.12144182888579103, "preform_step": 0.5350741544866053, "win_reward": 194, "invalid_move_reward": -0.9554441558267257, "no_win_reward": -7.66367686190268, "model_type": "DQN", "policy": "MlpPolicy", "folder_path_for_models": "models-tone", "model_performance": 2.7777777777777777}