{"learning_rate": 0.019701583326320913, "net_arch": {"pi": [198, 533, 833], "vf": [326, 449, 146, 321, 608]}, "net_arch_dqn": [715, 936], "batch_size": 128, "model_name": "model-1709348069", "map_size": [10, 10], "reset": 193, "box_near_goal": 0.8180868433156849, "box_close_goal": 0.6972895189373656, "box_move_reward": 0.5917758905719868, "box_goal_reward": -0.5562481589083896, "box_player_reward": 0.6333650991509261, "final_player_reward": 0.16467020306082225, "preform_step": -0.5260937899200762, "win_reward": 109, "invalid_move_reward": -12.882619715934773, "max_invalid_move_reset": 5, "model_type": "PPO", "policy": "MlpPolicy", "folder_path_for_models": "models-tone", "model_performance": 0}