{"learning_rate": 0.08961153434255732, "net_arch": {"pi": [916, 384], "vf": [292, 812, 982, 426, 1004]}, "net_arch_dqn": [525], "batch_size": 128, "model_name": "model-1709436132", "map_size": [10, 10], "reset": 71, "box_near_goal": 0.19171054210836502, "box_close_goal": 0.5132836348509962, "box_move_reward": 0.8910501206393913, "box_goal_reward": 0.6260132959034099, "box_player_reward": -0.7814502268556027, "final_player_reward": -0.07330806167574133, "preform_step": 0.09667806998995276, "win_reward": 165, "invalid_move_reward": -19.15813149291943, "max_invalid_move_reset": 20, "model_type": "DQN", "policy": "MlpPolicy", "folder_path_for_models": "models-tone", "model_performance": 103.56280193236715}