{"learning_rate": 0.024681712472041806, "net_arch": {"pi": [259, 866, 666, 974, 399, 591, 631], "vf": [1001]}, "net_arch_dqn": [791, 468, 256, 238], "batch_size": 128, "model_name": "model-1709663469", "map_size": [10, 10], "reset": 132, "box_near_goal": 0.6048316480391103, "box_close_goal": 0.23415796354387353, "box_move_reward": 0.508092724752272, "box_goal_reward": 0.7607902752603477, "box_player_reward": 0.38561402062375016, "final_player_reward": 0.13374641236438256, "preform_step": 0.7404249436153862, "win_reward": 137, "invalid_move_reward": -19.14537860463016, "no_win_reward": -17.240945164280287, "model_type": "DQN", "policy": "MlpPolicy", "folder_path_for_models": "models-tone", "model_performance": 1.3888888888888888}