{"learning_rate": 0.00911423941722274, "net_arch": {"pi": [743, 803, 869, 956], "vf": [716, 264, 545]}, "net_arch_dqn": [776], "batch_size": 128, "model_name": "model-1709373114", "map_size": [10, 10], "reset": 152, "box_near_goal": 0.07438513050660212, "box_close_goal": 0.30981651190328807, "box_move_reward": -0.6190314700852071, "box_goal_reward": -0.08836844691153845, "box_player_reward": -0.906788594138308, "final_player_reward": 0.6792420249787765, "preform_step": -0.26592629241374577, "win_reward": 158, "invalid_move_reward": -9.774076063441859, "max_invalid_move_reset": 14, "model_type": "DQN", "policy": "MlpPolicy", "folder_path_for_models": "models-tone", "model_performance": 58.857142857142854}