{"learning_rate": 0.060840934529439034, "net_arch": {"pi": [829, 674], "vf": [159, 683, 729, 915, 518]}, "net_arch_dqn": [630, 1018, 517, 252, 620], "batch_size": 128, "model_name": "model-1709438256", "map_size": [10, 10], "reset": 55, "box_near_goal": 0.6744452161305087, "box_close_goal": 0.177339326490498, "box_move_reward": 0.8381190422408933, "box_goal_reward": 0.38992799878829665, "box_player_reward": 0.0077857513222878705, "final_player_reward": 0.19110967552368674, "preform_step": -0.7152090182434365, "win_reward": 160, "invalid_move_reward": -5.8971808906524785, "max_invalid_move_reset": 19, "model_type": "PPO", "policy": "MlpPolicy", "folder_path_for_models": "models-tone", "model_performance": 0}