{"learning_rate": 0.03039275656804009, "net_arch": {"pi": [98, 439, 66], "vf": [548, 729]}, "net_arch_dqn": [625, 687, 785, 291, 994], "batch_size": 64, "model_name": "model-1709383194", "map_size": [10, 10], "reset": 186, "box_near_goal": 0.43579609980748046, "box_close_goal": 0.1477051793132722, "box_move_reward": 0.6625150575106973, "box_goal_reward": -0.6060741020346863, "box_player_reward": -0.15639022704264738, "final_player_reward": 0.4181989224603948, "preform_step": -0.4005875980917335, "win_reward": 174, "invalid_move_reward": -0.06807827385742371, "max_invalid_move_reset": 18, "model_type": "DQN", "policy": "MlpPolicy", "folder_path_for_models": "models-tone", "model_performance": 25.0}