{"learning_rate": 0.0580790826255396, "net_arch": {"pi": [631], "vf": [113]}, "net_arch_dqn": [527, 860, 743], "batch_size": 32, "model_name": "model-1709350935", "map_size": [10, 10], "reset": 169, "box_near_goal": 0.5330849042026642, "box_close_goal": 0.7871499591849458, "box_move_reward": 0.006998077885294052, "box_goal_reward": 0.20403244327329717, "box_player_reward": -0.8146263929453179, "final_player_reward": 0.5041184334153053, "preform_step": -0.10614037618386707, "win_reward": 164, "invalid_move_reward": -12.316562153535923, "max_invalid_move_reset": 11, "model_type": "DQN", "policy": "MlpPolicy", "folder_path_for_models": "models-tone", "model_performance": 35.96491228070175}