{"learning_rate": 0.09386037496347698, "net_arch": {"pi": [825, 766, 825], "vf": [906, 689, 104, 237]}, "net_arch_dqn": [770, 568], "batch_size": 128, "model_name": "model-1709431487", "map_size": [10, 10], "reset": 103, "box_near_goal": 0.2526346657883416, "box_close_goal": 0.7183495032314731, "box_move_reward": -0.6499093039912098, "box_goal_reward": -0.7914631967990851, "box_player_reward": -0.4933491232903957, "final_player_reward": 0.2322739849129214, "preform_step": 0.8982587594397449, "win_reward": 183, "invalid_move_reward": -17.74229373042928, "max_invalid_move_reset": 16, "model_type": "PPO", "policy": "MlpPolicy", "folder_path_for_models": "models-tone", "model_performance": 0}