{"learning_rate": 0.08376009105640705, "net_arch": {"pi": [356, 963, 617], "vf": [380, 681]}, "net_arch_dqn": [83, 511], "batch_size": 32, "model_name": "model-1709398865", "map_size": [10, 10], "reset": 131, "box_near_goal": 0.06871095464012, "box_close_goal": 0.7936420799391574, "box_move_reward": -0.2027386422376185, "box_goal_reward": -0.09569513127020701, "box_player_reward": -0.6867497750505815, "final_player_reward": 0.6906258145470172, "preform_step": 0.8055594553117937, "win_reward": 109, "invalid_move_reward": -3.2213367167463822, "max_invalid_move_reset": 14, "model_type": "PPO", "policy": "MlpPolicy", "folder_path_for_models": "models-tone", "model_performance": 0}