{"learning_rate": 0.05060210496211225, "net_arch": {"pi": [958], "vf": [581]}, "net_arch_dqn": [393, 880, 984], "batch_size": 128, "model_name": "model-1709433620", "map_size": [10, 10], "reset": 68, "box_near_goal": 0.4149508944430417, "box_close_goal": 0.3676994746559866, "box_move_reward": -0.05796962726505828, "box_goal_reward": 0.23440613091149776, "box_player_reward": 0.5799695784784538, "final_player_reward": 0.6446775653691812, "preform_step": -0.9609841965171517, "win_reward": 163, "invalid_move_reward": -12.771657271830051, "max_invalid_move_reset": 20, "model_type": "DQN", "policy": "MlpPolicy", "folder_path_for_models": "models-tone", "model_performance": 25.0}