{"learning_rate": 0.04175240222114337, "net_arch": {"pi": [170, 370, 912], "vf": [645, 675, 983, 989]}, "net_arch_dqn": [335, 91, 250], "batch_size": 64, "model_name": "model-1709395165", "map_size": [10, 10], "reset": 134, "box_near_goal": 0.7293616826797494, "box_close_goal": 0.28177655711360594, "box_move_reward": -0.7734958446458253, "box_goal_reward": 0.11635402426799057, "box_player_reward": 0.3737911400416165, "final_player_reward": -0.7081418962764516, "preform_step": -0.5810798890823845, "win_reward": 60, "invalid_move_reward": -15.870048037925672, "max_invalid_move_reset": 14, "model_type": "DQN", "policy": "MlpPolicy", "folder_path_for_models": "models-tone", "model_performance": 14.316239316239317}