{"learning_rate": 0.09631975279260577, "net_arch": {"pi": [662, 702, 338, 372, 258], "vf": [231, 297, 595, 341]}, "net_arch_dqn": [169, 420, 281, 559], "batch_size": 256, "model_name": "model-1709648610", "map_size": [10, 10], "reset": 188, "box_near_goal": 0.6654315694665045, "box_close_goal": 0.7101985431398068, "box_move_reward": 0.8183256856009893, "box_goal_reward": 0.7009816604245211, "box_player_reward": -0.3304471458234657, "final_player_reward": 0.17849668873231428, "preform_step": -0.2200465642024807, "win_reward": 174, "invalid_move_reward": -14.329776890103002, "no_win_reward": -10.738759529224716, "model_type": "DQN", "policy": "MlpPolicy", "folder_path_for_models": "models-tone", "model_performance": 2.7777777777777777}