{"learning_rate": 0.07871314014821314, "net_arch": {"pi": [823, 773, 133, 196], "vf": [901, 982, 594, 885, 113]}, "net_arch_dqn": [966], "batch_size": 32, "model_name": "model-1709627347", "map_size": [10, 10], "reset": 157, "box_near_goal": 0.35633962850146683, "box_close_goal": 0.5526466450446921, "box_move_reward": 0.7187248296842792, "box_goal_reward": 0.6641355730491134, "box_player_reward": -0.9317028225389745, "final_player_reward": 0.4903843116397568, "preform_step": -0.7326067395077547, "win_reward": 111, "invalid_move_reward": -8.88794233645654, "no_win_reward": -17.59895323164228, "model_type": "DQN", "policy": "MlpPolicy", "folder_path_for_models": "models-tone", "model_performance": 2.7777777777777777}