{"learning_rate": 0.00251806577400887, "net_arch": {"pi": [416], "vf": [83, 197, 964, 418, 606]}, "net_arch_dqn": [766], "batch_size": 64, "model_name": "model-1709644017", "map_size": [10, 10], "reset": 164, "box_near_goal": 0.7817825328437216, "box_close_goal": 0.6942031222974145, "box_move_reward": 0.8521829647528627, "box_goal_reward": 0.8153630335820283, "box_player_reward": 0.8879640431759506, "final_player_reward": 0.9944631993935533, "preform_step": -0.03353018979185429, "win_reward": 83, "invalid_move_reward": -12.00748518281667, "no_win_reward": -5.179196490347518, "model_type": "PPO", "policy": "MlpPolicy", "folder_path_for_models": "models-tone", "model_performance": 2.7777777777777777}