{"learning_rate": 0.006163663515102223, "net_arch": {"pi": [953], "vf": [432, 167]}, "net_arch_dqn": [681], "batch_size": 32, "model_name": "model-1709380813", "map_size": [10, 10], "reset": 185, "box_near_goal": 0.7042970925951181, "box_close_goal": 0.25221796177985045, "box_move_reward": 0.1272054356906045, "box_goal_reward": -0.4153991723250927, "box_player_reward": 0.7340825479200648, "final_player_reward": -0.8956352282065343, "preform_step": 0.26655210241466776, "win_reward": 148, "invalid_move_reward": -18.69093922346809, "max_invalid_move_reset": 16, "model_type": "PPO", "policy": "MlpPolicy", "folder_path_for_models": "models-tone", "model_performance": 0}