{"learning_rate": 0.07914801156242816, "net_arch": {"pi": [599], "vf": [419, 433]}, "net_arch_dqn": [90], "batch_size": 128, "model_name": "model-1709657107", "map_size": [10, 10], "reset": 152, "box_near_goal": 0.0008339035446545129, "box_close_goal": 0.3513779054791505, "box_move_reward": 0.1487486921911021, "box_goal_reward": 0.15035897286042643, "box_player_reward": -0.7537131246482882, "final_player_reward": 0.21415252122390216, "preform_step": -0.4748071782151304, "win_reward": 94, "invalid_move_reward": -7.816489326935729, "no_win_reward": -11.928826049386196, "model_type": "DQN", "policy": "MlpPolicy", "folder_path_for_models": "models-tone", "model_performance": 0}