{"learning_rate": 0.03981644821787898, "net_arch": {"pi": [1012, 137, 153, 481], "vf": [378, 653, 393, 797]}, "net_arch_dqn": [303, 725], "batch_size": 256, "model_name": "model-1709378792", "map_size": [10, 10], "reset": 148, "box_near_goal": 0.18941133860758186, "box_close_goal": 0.11700109432049921, "box_move_reward": -0.45938690085002, "box_goal_reward": -0.378797078012574, "box_player_reward": -0.7366097128808164, "final_player_reward": 0.6616659224018568, "preform_step": 0.7136255935578162, "win_reward": 142, "invalid_move_reward": -19.035077065869306, "max_invalid_move_reset": 14, "model_type": "PPO", "policy": "MlpPolicy", "folder_path_for_models": "models-tone", "model_performance": 0}