{"learning_rate": 0.0725476720070796, "net_arch": {"pi": [803], "vf": [133, 755]}, "net_arch_dqn": [332], "batch_size": 32, "model_name": "model-1709667574", "map_size": [10, 10], "reset": 131, "box_near_goal": 0.026409127257041587, "box_close_goal": 0.47648440668526093, "box_move_reward": 0.6799605288166899, "box_goal_reward": 0.853157295158834, "box_player_reward": -0.9828731284091337, "final_player_reward": 0.30340066736699356, "preform_step": -0.8087490995089535, "win_reward": 145, "invalid_move_reward": -2.0863051624584763, "no_win_reward": -10.82813055448041, "model_type": "PPO", "policy": "MlpPolicy", "folder_path_for_models": "models-tone", "model_performance": 1.3888888888888888}