{"learning_rate": 0.08435881811183309, "net_arch": {"pi": [350], "vf": [640, 204, 532, 196]}, "net_arch_dqn": [282, 936, 807, 274], "batch_size": 256, "model_name": "model-1709654501", "map_size": [10, 10], "reset": 106, "box_near_goal": 0.9508511513594275, "box_close_goal": 0.6931939300441546, "box_move_reward": 0.8173995902990707, "box_goal_reward": 0.13357315874804399, "box_player_reward": -0.681838977924605, "final_player_reward": -0.10168406177513867, "preform_step": -0.7215408305263356, "win_reward": 167, "invalid_move_reward": -8.017948925617297, "no_win_reward": -9.446322833011543, "model_type": "DQN", "policy": "MlpPolicy", "folder_path_for_models": "models-tone", "model_performance": 0}