{"learning_rate": 0.04386475604806829, "net_arch": {"pi": [705, 884, 355], "vf": [1004, 629, 571, 522, 959]}, "net_arch_dqn": [608, 184, 147, 602], "batch_size": 256, "model_name": "model-1709631193", "map_size": [10, 10], "reset": 150, "box_near_goal": 0.3307762033768379, "box_close_goal": 0.6931991577275461, "box_move_reward": -0.31413466882959895, "box_goal_reward": 0.03933375479785117, "box_player_reward": 0.7738527625481963, "final_player_reward": 0.9963340389737267, "preform_step": 0.29931313680071225, "win_reward": 182, "invalid_move_reward": -12.219860826717952, "no_win_reward": -17.653005625202855, "model_type": "DQN", "policy": "MlpPolicy", "folder_path_for_models": "models-tone", "model_performance": 4.166666666666666}