{"learning_rate": 0.043052992623149246, "net_arch": {"pi": [280, 891, 916, 769], "vf": [943]}, "net_arch_dqn": [317, 127], "batch_size": 64, "model_name": "model-1709630160", "map_size": [10, 10], "reset": 113, "box_near_goal": 0.07212744193624676, "box_close_goal": 0.7926154348118832, "box_move_reward": -0.6935788540879657, "box_goal_reward": -0.3969787169563266, "box_player_reward": -0.7814363429266735, "final_player_reward": 0.2186096241149451, "preform_step": -0.9906446995602654, "win_reward": 104, "invalid_move_reward": -9.31461224600068, "no_win_reward": -5.954554304445015, "model_type": "DQN", "policy": "MlpPolicy", "folder_path_for_models": "models-tone", "model_performance": 0}