{"learning_rate": 0.05281955874469136, "net_arch": {"pi": [826, 428, 873, 170, 388], "vf": [723]}, "net_arch_dqn": [993], "batch_size": 32, "model_name": "model-1709384171", "map_size": [10, 10], "reset": 184, "box_near_goal": 0.8588219668665307, "box_close_goal": 0.36170081591242853, "box_move_reward": -0.3380003217152667, "box_goal_reward": 0.546762251377066, "box_player_reward": -0.7687418629213087, "final_player_reward": -0.016990928483795686, "preform_step": -0.8297697318116886, "win_reward": 134, "invalid_move_reward": -14.460318278052425, "max_invalid_move_reset": 17, "model_type": "PPO", "policy": "MlpPolicy", "folder_path_for_models": "models-tone", "model_performance": 0}