{"learning_rate": 0.010292748804450207, "net_arch": {"pi": [721], "vf": [161, 799, 729]}, "net_arch_dqn": [666, 564, 75], "batch_size": 64, "model_name": "model-1709653213", "map_size": [10, 10], "reset": 67, "box_near_goal": 0.25532662712616117, "box_close_goal": 0.45286275264079723, "box_move_reward": -0.5660585545509242, "box_goal_reward": -0.8282138961590912, "box_player_reward": 0.03905531672039375, "final_player_reward": -0.5369628885529976, "preform_step": 0.8221799696763614, "win_reward": 194, "invalid_move_reward": -13.8243966824849, "no_win_reward": -17.54185773353901, "model_type": "PPO", "policy": "MlpPolicy", "folder_path_for_models": "models-tone", "model_performance": 0}