{"learning_rate": 0.013811597842645231, "net_arch": {"pi": [351, 725, 457, 835, 130], "vf": [470, 236]}, "net_arch_dqn": [936, 671, 820, 762, 505], "batch_size": 32, "model_name": "model-1709630101", "map_size": [10, 10], "reset": 88, "box_near_goal": 0.47488372567402637, "box_close_goal": 0.03863915180104538, "box_move_reward": 0.5968879443093622, "box_goal_reward": 0.061342015663537586, "box_player_reward": -0.16737519566022163, "final_player_reward": 0.2013808923501894, "preform_step": -0.9822601976737046, "win_reward": 61, "invalid_move_reward": -19.08328548066465, "no_win_reward": -13.94419478834553, "model_type": "PPO", "policy": "MlpPolicy", "folder_path_for_models": "models-tone", "model_performance": 4.166666666666666}