{"learning_rate": 0.0038441546541147405, "net_arch": {"pi": [146, 1024, 950, 944, 398, 799, 475], "vf": [646]}, "net_arch_dqn": [631, 768], "batch_size": 64, "model_name": "model-1709661419", "map_size": [10, 10], "reset": 172, "box_near_goal": 0.3541962416928408, "box_close_goal": 0.4008411573657017, "box_move_reward": -0.9278561344082492, "box_goal_reward": 0.9523526680009762, "box_player_reward": 0.4725499785418932, "final_player_reward": 0.002318110404357032, "preform_step": 0.6213624202319106, "win_reward": 152, "invalid_move_reward": -3.9523382457944756, "no_win_reward": -0.22245394856684086, "model_type": "PPO", "policy": "MlpPolicy", "folder_path_for_models": "models-tone", "model_performance": 4.166666666666666}