{"learning_rate": 0.052370996150541256, "net_arch": {"pi": [245, 776, 289], "vf": [605, 296, 171, 217, 458, 867, 721]}, "net_arch_dqn": [1019, 752, 952, 589, 574, 723], "batch_size": 32, "model_name": "model-1709653393", "map_size": [10, 10], "reset": 174, "box_near_goal": 0.7474217661370961, "box_close_goal": 0.3139468174901645, "box_move_reward": -0.9546387168906019, "box_goal_reward": -0.3793744753536712, "box_player_reward": -0.883376856535038, "final_player_reward": 0.8599694193511418, "preform_step": 0.7928198268248585, "win_reward": 150, "invalid_move_reward": -19.706782106009403, "no_win_reward": -8.117358215237282, "model_type": "DQN", "policy": "MlpPolicy", "folder_path_for_models": "models-tone", "model_performance": 0}