{"learning_rate": 0.0017969768431269416, "net_arch": {"pi": [851, 585, 288], "vf": [850, 783, 101, 903, 355]}, "net_arch_dqn": [751, 766], "batch_size": 256, "model_name": "model-1709667249", "map_size": [10, 10], "reset": 185, "box_near_goal": 0.36718037259916114, "box_close_goal": 0.44243585043271694, "box_move_reward": -0.26465822314939436, "box_goal_reward": -0.5820992437649666, "box_player_reward": -0.2785714514195865, "final_player_reward": 0.28116007306348334, "preform_step": 0.4916352157507855, "win_reward": 142, "invalid_move_reward": -19.264322347589218, "no_win_reward": -1.0725107786266541, "model_type": "PPO", "policy": "MlpPolicy", "folder_path_for_models": "models-tone", "model_performance": 1.3888888888888888}