{"learning_rate": 0.06812311635805578, "net_arch": {"pi": [338, 93, 992, 138], "vf": [226, 808, 419]}, "net_arch_dqn": [898, 951, 898, 144], "batch_size": 256, "model_name": "model-1709389938", "map_size": [10, 10], "reset": 83, "box_near_goal": 0.7132830102408769, "box_close_goal": 0.770589853815351, "box_move_reward": 0.9643144136915247, "box_goal_reward": 0.15077767220899752, "box_player_reward": 0.010014686793411887, "final_player_reward": -0.25975670827713104, "preform_step": 0.003953490625619338, "win_reward": 95, "invalid_move_reward": -15.01180725753862, "max_invalid_move_reset": 18, "model_type": "DQN", "policy": "MlpPolicy", "folder_path_for_models": "models-tone", "model_performance": 55.55555555555556}