{"learning_rate": 0.09304955573873944, "net_arch": {"pi": [412, 886, 113], "vf": [816, 904]}, "net_arch_dqn": [648, 164, 122], "batch_size": 32, "model_name": "model-1709649629", "map_size": [10, 10], "reset": 164, "box_near_goal": 0.8882402929921113, "box_close_goal": 0.5934293099700131, "box_move_reward": 0.7827435895330963, "box_goal_reward": 0.6888389917739743, "box_player_reward": 0.1859016059522296, "final_player_reward": -0.6827681947161104, "preform_step": -0.053042965064264314, "win_reward": 114, "invalid_move_reward": -1.8584522847405225, "no_win_reward": -3.6414707076077804, "model_type": "DQN", "policy": "MlpPolicy", "folder_path_for_models": "models-tone", "model_performance": 2.7777777777777777}