{"learning_rate": 0.0010868523385303783, "net_arch": {"pi": [635, 338, 339, 296], "vf": [542, 265, 399, 464, 472]}, "net_arch_dqn": [697, 843, 964, 440], "batch_size": 32, "model_name": "model-1709666113", "map_size": [10, 10], "reset": 194, "box_near_goal": 0.4819133110164042, "box_close_goal": 0.4212913719159298, "box_move_reward": -0.004055148211906445, "box_goal_reward": 0.8946064758901848, "box_player_reward": -0.734223939149282, "final_player_reward": 0.5341793950349585, "preform_step": -0.03699166238278351, "win_reward": 196, "invalid_move_reward": -8.27408960803557, "no_win_reward": -14.170925645184697, "model_type": "PPO", "policy": "MlpPolicy", "folder_path_for_models": "models-tone", "model_performance": 4.166666666666666}