{"learning_rate": 0.052254394308856714, "net_arch": {"pi": [450, 731], "vf": [384, 275, 180, 253, 780]}, "net_arch_dqn": [304, 232, 122, 929], "batch_size": 64, "model_name": "model-1709367053", "map_size": [10, 10], "reset": 51, "box_near_goal": 0.9582284482511012, "box_close_goal": 0.8593206498950307, "box_move_reward": -0.38679368729763675, "box_goal_reward": 0.6905138600714944, "box_player_reward": 0.8768894971309527, "final_player_reward": 0.08048885288465635, "preform_step": -0.678443090120195, "win_reward": 154, "invalid_move_reward": -2.485532559011954, "max_invalid_move_reset": 11, "model_type": "DQN", "policy": "MlpPolicy", "folder_path_for_models": "models-tone", "model_performance": 13.267676767676768}