{"learning_rate": 0.07132452073254643, "net_arch": {"pi": [377, 549, 594], "vf": [918, 988]}, "net_arch_dqn": [557], "batch_size": 64, "model_name": "model-1709661024", "map_size": [10, 10], "reset": 77, "box_near_goal": 0.4282489031566594, "box_close_goal": 0.8590113514319363, "box_move_reward": 0.28751233016402544, "box_goal_reward": 0.12429875944833135, "box_player_reward": -0.21557181232672162, "final_player_reward": -0.013020118982713935, "preform_step": 0.5619660361036551, "win_reward": 114, "invalid_move_reward": -15.735018356539488, "no_win_reward": -14.043235528148351, "model_type": "PPO", "policy": "MlpPolicy", "folder_path_for_models": "models-tone", "model_performance": 0}