{"learning_rate": 0.0016010915319638723, "net_arch": {"pi": [920, 809, 555], "vf": [904, 517, 291]}, "net_arch_dqn": [105, 778, 609], "batch_size": 32, "model_name": "model-1709344978", "map_size": [10, 10], "reset": 200, "box_near_goal": 0.42910980863280856, "box_close_goal": 0.9711205418263684, "box_move_reward": 0.08661295857836304, "box_goal_reward": 0.32756726378087175, "box_player_reward": -0.7872521094071485, "final_player_reward": -0.2518382208244305, "preform_step": 0.6184712513569461, "win_reward": 53, "invalid_move_reward": -17.228466788192435, "max_invalid_move_reset": 5, "model_type": "PPO", "policy": "MlpPolicy", "folder_path_for_models": "models-tone", "model_performance": 106.40124902419984}