{"learning_rate": 0.042279155535020777, "net_arch": {"pi": [567, 704], "vf": [680, 906]}, "net_arch_dqn": [927, 873, 704, 508, 472], "batch_size": 32, "model_name": "model-1709375445", "map_size": [10, 10], "reset": 96, "box_near_goal": 0.758546556035955, "box_close_goal": 0.9772232185822028, "box_move_reward": -0.14588730810718253, "box_goal_reward": -0.5188406698609394, "box_player_reward": 0.9789656793055199, "final_player_reward": 0.8575849897317755, "preform_step": 0.7617792731142483, "win_reward": 187, "invalid_move_reward": -9.43715307288107, "max_invalid_move_reset": 20, "model_type": "PPO", "policy": "MlpPolicy", "folder_path_for_models": "models-tone", "model_performance": 0}