{"learning_rate": 0.011238688060185475, "net_arch": {"pi": [547, 705, 619, 760, 683], "vf": [250, 211, 208]}, "net_arch_dqn": [780, 508, 896], "batch_size": 256, "model_name": "model-1709388565", "map_size": [10, 10], "reset": 57, "box_near_goal": 0.7319930386151905, "box_close_goal": 0.6928450510379474, "box_move_reward": -0.5397198574701689, "box_goal_reward": -0.04803552741997774, "box_player_reward": -0.9665518150500183, "final_player_reward": 0.09218371961577798, "preform_step": 0.7688175119526008, "win_reward": 198, "invalid_move_reward": -15.53783327840389, "max_invalid_move_reset": 7, "model_type": "DQN", "policy": "MlpPolicy", "folder_path_for_models": "models-tone", "model_performance": 3.3333333333333335}