{"learning_rate": 0.03930054745774166, "net_arch": {"pi": [149, 726, 574, 446], "vf": [681, 266, 575]}, "net_arch_dqn": [845, 911, 464], "batch_size": 64, "model_name": "model-1709625989", "map_size": [10, 10], "reset": 99, "box_near_goal": 0.5177759155960622, "box_close_goal": 0.8865532402791692, "box_move_reward": 0.5965561865930855, "box_goal_reward": 0.5276456907010929, "box_player_reward": -0.31394451175685534, "final_player_reward": 0.8947455099534494, "preform_step": 0.6781487361548464, "win_reward": 127, "invalid_move_reward": -11.47559803654799, "no_win_reward": -1.9469128605483625, "model_type": "PPO", "policy": "MlpPolicy", "folder_path_for_models": "models-tone", "model_performance": 0}