{"learning_rate": 0.04581458339198366, "net_arch": {"pi": [186, 594, 782, 772], "vf": [122, 645]}, "net_arch_dqn": [993], "batch_size": 64, "model_name": "model-1709439250", "map_size": [10, 10], "reset": 84, "box_near_goal": 0.5058694308828823, "box_close_goal": 0.5532395419077656, "box_move_reward": 0.020187193889113164, "box_goal_reward": -0.7004799694825588, "box_player_reward": 0.2235278569811574, "final_player_reward": -0.8041357885672875, "preform_step": 0.20822301978669921, "win_reward": 119, "invalid_move_reward": -7.500058793159694, "max_invalid_move_reset": 6, "model_type": "PPO", "policy": "MlpPolicy", "folder_path_for_models": "models-tone", "model_performance": 0}