{"learning_rate": 0.08986495644197708, "net_arch": {"pi": [517, 293, 885, 798], "vf": [322, 325, 240]}, "net_arch_dqn": [140, 897, 703], "batch_size": 64, "model_name": "model-1709368249", "map_size": [10, 10], "reset": 177, "box_near_goal": 0.8350012007106583, "box_close_goal": 0.4465553604035274, "box_move_reward": -0.9061725359303703, "box_goal_reward": 0.08918265258232805, "box_player_reward": -0.7443762888627681, "final_player_reward": 0.957121245167466, "preform_step": -0.45730688646762685, "win_reward": 191, "invalid_move_reward": -6.242917581562432, "max_invalid_move_reset": 14, "model_type": "PPO", "policy": "MlpPolicy", "folder_path_for_models": "models-tone", "model_performance": 0}