{"learning_rate": 0.027563636220263466, "net_arch": {"pi": [424, 323, 640, 895, 200], "vf": [344, 105, 442, 110, 468]}, "net_arch_dqn": [232, 81], "batch_size": 256, "model_name": "model-1709365550", "map_size": [10, 10], "reset": 148, "box_near_goal": 0.24161706152015183, "box_close_goal": 0.34953090555181343, "box_move_reward": 0.3211455125904452, "box_goal_reward": -0.6978391203594101, "box_player_reward": 0.43910512163701654, "final_player_reward": -0.7593991660923045, "preform_step": 0.5597927762170902, "win_reward": 132, "invalid_move_reward": -5.586319823426994, "max_invalid_move_reset": 5, "model_type": "PPO", "policy": "MlpPolicy", "folder_path_for_models": "models-tone", "model_performance": 0}