{"learning_rate": 0.0949469090165312, "net_arch": {"pi": [945, 1007, 518], "vf": [773, 464, 887, 795]}, "net_arch_dqn": [754], "batch_size": 128, "model_name": "model-1709440506", "map_size": [10, 10], "reset": 67, "box_near_goal": 0.83739422071085, "box_close_goal": 0.8772812642317271, "box_move_reward": 0.7180713407577259, "box_goal_reward": -0.497253521977296, "box_player_reward": 0.42305794649643835, "final_player_reward": 0.8318426129630005, "preform_step": -0.6503070184698647, "win_reward": 153, "invalid_move_reward": -1.0094296210036262, "max_invalid_move_reset": 13, "model_type": "PPO", "policy": "MlpPolicy", "folder_path_for_models": "models-tone", "model_performance": 39.61851156973108}