{"learning_rate": 0.07282393962894704, "net_arch": {"pi": [746, 816, 77, 921], "vf": [629, 203, 485]}, "net_arch_dqn": [416], "batch_size": 256, "model_name": "model-1709404386", "map_size": [10, 10], "reset": 166, "box_near_goal": 0.09168542171252525, "box_close_goal": 0.9737280030063906, "box_move_reward": -0.39964928798881805, "box_goal_reward": 0.7052745788591797, "box_player_reward": -0.2568787531025545, "final_player_reward": -0.7364146672207543, "preform_step": -0.13898072970264952, "win_reward": 67, "invalid_move_reward": -9.90774721829373, "max_invalid_move_reset": 19, "model_type": "DQN", "policy": "MlpPolicy", "folder_path_for_models": "models-tone", "model_performance": 23.61111111111111}