{"learning_rate": 0.08361430689554548, "net_arch": {"pi": [807], "vf": [103, 960, 1010, 658]}, "net_arch_dqn": [256, 227], "batch_size": 128, "model_name": "model-1709375926", "map_size": [10, 10], "reset": 115, "box_near_goal": 0.06216017254993578, "box_close_goal": 0.4284750491928714, "box_move_reward": -0.5458410733763222, "box_goal_reward": 0.19460534248331296, "box_player_reward": 0.7196473287445149, "final_player_reward": 0.19675761755635057, "preform_step": 0.7270079847370348, "win_reward": 101, "invalid_move_reward": -15.301688005593146, "max_invalid_move_reset": 17, "model_type": "PPO", "policy": "MlpPolicy", "folder_path_for_models": "models-tone", "model_performance": 0}