{"learning_rate": 0.032542163569934716, "net_arch": {"pi": [362, 391, 848], "vf": [745]}, "net_arch_dqn": [347, 256, 744, 253, 473], "batch_size": 128, "model_name": "model-1709363413", "map_size": [10, 10], "reset": 170, "box_near_goal": 0.6633916747195204, "box_close_goal": 0.4378708530023242, "box_move_reward": 0.6842366745997126, "box_goal_reward": 0.27629299137539376, "box_player_reward": 0.4985054561455984, "final_player_reward": -0.7932540311520908, "preform_step": 0.6315936743064157, "win_reward": 167, "invalid_move_reward": -19.65071826316997, "max_invalid_move_reset": 6, "model_type": "DQN", "policy": "MlpPolicy", "folder_path_for_models": "models-tone", "model_performance": 24.793409645161667}