{"learning_rate": 0.07879368935244017, "net_arch": {"pi": [980], "vf": [833]}, "net_arch_dqn": [634, 95, 671, 734], "batch_size": 32, "model_name": "model-1709654705", "map_size": [10, 10], "reset": 137, "box_near_goal": 0.3490608243126645, "box_close_goal": 0.7670610686537224, "box_move_reward": 0.8767193800053987, "box_goal_reward": 0.6452914068752278, "box_player_reward": -0.5078261367686521, "final_player_reward": 0.5461951154539391, "preform_step": -0.576140716172796, "win_reward": 55, "invalid_move_reward": -2.4970016649499236, "no_win_reward": -1.5443009816998519, "model_type": "DQN", "policy": "MlpPolicy", "folder_path_for_models": "models-tone", "model_performance": 0}