{"learning_rate": 0.06760771314121354, "net_arch": {"pi": [564, 78], "vf": [1021]}, "net_arch_dqn": [409, 838, 863], "batch_size": 128, "model_name": "model-1709437817", "map_size": [10, 10], "reset": 190, "box_near_goal": 0.7279441739515092, "box_close_goal": 0.8671647445770977, "box_move_reward": -0.7523908469607741, "box_goal_reward": -0.7554730321219547, "box_player_reward": -0.40630167039665865, "final_player_reward": 0.35061191456307816, "preform_step": -0.2891948212690154, "win_reward": 163, "invalid_move_reward": -13.673340001278566, "max_invalid_move_reset": 10, "model_type": "DQN", "policy": "MlpPolicy", "folder_path_for_models": "models-tone", "model_performance": 110.03105590062113}