{"learning_rate": 0.05630687394585727, "net_arch": {"pi": [667, 578, 406, 739], "vf": [975, 414, 222]}, "net_arch_dqn": [505], "batch_size": 64, "model_name": "model-1709373093", "map_size": [10, 10], "reset": 122, "box_near_goal": 0.230010282389418, "box_close_goal": 0.6801301753039994, "box_move_reward": 0.08518279137516394, "box_goal_reward": 0.5350214697708462, "box_player_reward": -0.3204093648669504, "final_player_reward": 0.9831441459779295, "preform_step": 0.696004510090803, "win_reward": 199, "invalid_move_reward": -2.049041293903848, "max_invalid_move_reset": 6, "model_type": "PPO", "policy": "MlpPolicy", "folder_path_for_models": "models-tone", "model_performance": 0}