{"learning_rate": 0.08184972804104991, "net_arch": {"pi": [785, 790, 572, 931, 819], "vf": [144, 200, 957, 449, 496]}, "net_arch_dqn": [321, 679, 902], "batch_size": 64, "model_name": "model-1709367969", "map_size": [10, 10], "reset": 187, "box_near_goal": 0.7762651050527025, "box_close_goal": 0.5129565164234993, "box_move_reward": -0.10140018344225754, "box_goal_reward": -0.5028438140321416, "box_player_reward": -0.7213582507698357, "final_player_reward": -0.7038757574652503, "preform_step": 0.35246768241288406, "win_reward": 140, "invalid_move_reward": -18.723004036577787, "max_invalid_move_reset": 15, "model_type": "PPO", "policy": "MlpPolicy", "folder_path_for_models": "models-tone", "model_performance": 0}