{"learning_rate": 0.0530600851466333, "net_arch": {"pi": [92], "vf": [446, 862, 713, 559]}, "net_arch_dqn": [122, 245, 501, 170], "batch_size": 256, "model_name": "model-1709428473", "map_size": [10, 10], "reset": 157, "box_near_goal": 0.530796273593264, "box_close_goal": 0.6693182079358322, "box_move_reward": -0.9290495241527412, "box_goal_reward": -0.8417507301370373, "box_player_reward": 0.6722444306886384, "final_player_reward": -0.8578378552428934, "preform_step": 0.47916012627413584, "win_reward": 54, "invalid_move_reward": -8.979464333578955, "max_invalid_move_reset": 8, "model_type": "PPO", "policy": "MlpPolicy", "folder_path_for_models": "models-tone", "model_performance": 0}