{"learning_rate": 0.0773024640059405, "net_arch": {"pi": [177], "vf": [120, 210, 870, 494]}, "net_arch_dqn": [844], "batch_size": 256, "model_name": "model-1709429609", "map_size": [10, 10], "reset": 134, "box_near_goal": 0.729635563706198, "box_close_goal": 0.8772647757878849, "box_move_reward": -0.27965325291958654, "box_goal_reward": 0.18784517590762162, "box_player_reward": 0.794707246531204, "final_player_reward": 0.5842148684367039, "preform_step": -0.05919985293767249, "win_reward": 73, "invalid_move_reward": -4.51446428391459, "max_invalid_move_reset": 16, "model_type": "DQN", "policy": "MlpPolicy", "folder_path_for_models": "models-tone", "model_performance": 101.38888888888889}