{"learning_rate": 0.023190005729914618, "net_arch": {"pi": [881, 697, 530, 974], "vf": [705, 91]}, "net_arch_dqn": [174, 1015], "batch_size": 32, "model_name": "model-1709639650", "map_size": [10, 10], "reset": 75, "box_near_goal": 0.08960164071025356, "box_close_goal": 0.36152808774702916, "box_move_reward": 0.25324978305679124, "box_goal_reward": 0.9780459354231401, "box_player_reward": -0.25680760932972624, "final_player_reward": 0.5342521856466944, "preform_step": 0.3516233589917812, "win_reward": 103, "invalid_move_reward": -10.55934545095557, "no_win_reward": -16.181397396881664, "model_type": "PPO", "policy": "MlpPolicy", "folder_path_for_models": "models-tone", "model_performance": 2.7777777777777777}