{"learning_rate": 0.01237698581643059, "net_arch": {"pi": [186, 152, 902, 376, 943], "vf": [1003, 546, 698, 152]}, "net_arch_dqn": [400, 880], "batch_size": 64, "model_name": "model-1709394402", "map_size": [10, 10], "reset": 51, "box_near_goal": 0.027920416275653448, "box_close_goal": 0.003069211351274692, "box_move_reward": 0.7124902965999576, "box_goal_reward": 0.5407064272445203, "box_player_reward": -0.16770575393278286, "final_player_reward": 0.8962354561580692, "preform_step": 0.8376925036968175, "win_reward": 149, "invalid_move_reward": -2.594972650924994, "max_invalid_move_reset": 6, "model_type": "PPO", "policy": "MlpPolicy", "folder_path_for_models": "models-tone", "model_performance": 15.362287985238806}