{"learning_rate": 0.017112081080253066, "net_arch": {"pi": [603, 365], "vf": [960, 565]}, "net_arch_dqn": [162, 270, 793, 848, 442], "batch_size": 256, "model_name": "model-1709390761", "map_size": [10, 10], "reset": 103, "box_near_goal": 0.9636726293185307, "box_close_goal": 0.7193581781616682, "box_move_reward": 0.5983139054034907, "box_goal_reward": 0.8917743487773961, "box_player_reward": 0.9000126231607661, "final_player_reward": -0.4024967435949218, "preform_step": -0.11832530264714003, "win_reward": 137, "invalid_move_reward": -2.354449419393994, "max_invalid_move_reset": 19, "model_type": "DQN", "policy": "MlpPolicy", "folder_path_for_models": "models-tone", "model_performance": 12.022550581872615}