{"learning_rate": 0.07683581372130471, "net_arch": {"pi": [449, 940], "vf": [609, 642, 876, 134]}, "net_arch_dqn": [370, 632], "batch_size": 64, "model_name": "model-1709647250", "map_size": [10, 10], "reset": 123, "box_near_goal": 0.5790499997356735, "box_close_goal": 0.09673028299265485, "box_move_reward": -0.49031476974445454, "box_goal_reward": -0.8733485026888701, "box_player_reward": -0.09863675788665183, "final_player_reward": 0.9017806269196502, "preform_step": -0.683315839942445, "win_reward": 137, "invalid_move_reward": -4.493673159335058, "no_win_reward": -17.630197828934733, "model_type": "PPO", "policy": "MlpPolicy", "folder_path_for_models": "models-tone", "model_performance": 0}