{"learning_rate": 0.08598773817923183, "net_arch": {"pi": [335, 412], "vf": [130]}, "net_arch_dqn": [845, 681, 947, 836], "batch_size": 64, "model_name": "model-1709643747", "map_size": [10, 10], "reset": 57, "box_near_goal": 0.34201568451572817, "box_close_goal": 0.779817506957258, "box_move_reward": -0.026138328619446538, "box_goal_reward": 0.994121395809455, "box_player_reward": -0.5508769235257598, "final_player_reward": -0.5912245851791222, "preform_step": 0.2463965032780222, "win_reward": 174, "invalid_move_reward": -12.114558980615485, "no_win_reward": -17.792552937573877, "model_type": "DQN", "policy": "MlpPolicy", "folder_path_for_models": "models-tone", "model_performance": 2.7777777777777777}