{"learning_rate": 0.04543794742638356, "net_arch": {"pi": [326, 416, 458, 639, 384, 670, 287], "vf": [167, 361, 853]}, "net_arch_dqn": [428, 519, 703, 949, 1000], "batch_size": 256, "model_name": "model-1709641260", "map_size": [10, 10], "reset": 184, "box_near_goal": 0.5023448689543099, "box_close_goal": 0.6727059433161724, "box_move_reward": -0.17967676199482296, "box_goal_reward": 0.13191075290885346, "box_player_reward": 0.514684556743378, "final_player_reward": -0.757685384233675, "preform_step": -0.15843070310906904, "win_reward": 69, "invalid_move_reward": -12.28659181639564, "no_win_reward": -18.412113383906302, "model_type": "PPO", "policy": "MlpPolicy", "folder_path_for_models": "models-tone", "model_performance": 0}