{"learning_rate": 0.010962412970763821, "net_arch": {"pi": [908, 975, 520, 910], "vf": [349, 607, 362, 636, 764]}, "net_arch_dqn": [992, 932], "batch_size": 32, "model_name": "model-1709634662", "map_size": [10, 10], "reset": 125, "box_near_goal": 0.08884608359538282, "box_close_goal": 0.7588191000928408, "box_move_reward": -0.20101494163092948, "box_goal_reward": 0.11004406594271887, "box_player_reward": 0.7614189698097529, "final_player_reward": -0.9886509037532094, "preform_step": 0.5548678033241379, "win_reward": 160, "invalid_move_reward": -11.518331695572916, "no_win_reward": -8.40268859640638, "model_type": "DQN", "policy": "MlpPolicy", "folder_path_for_models": "models-tone", "model_performance": 0}