{"learning_rate": 0.05582601342116972, "net_arch": {"pi": [601, 997], "vf": [883, 454, 308]}, "net_arch_dqn": [72, 971, 346, 677, 1018], "batch_size": 64, "model_name": "model-1709369917", "map_size": [10, 10], "reset": 141, "box_near_goal": 0.02606689743557733, "box_close_goal": 0.694906267844591, "box_move_reward": 0.0504344254287199, "box_goal_reward": 0.16695065797809905, "box_player_reward": 0.1619619822457461, "final_player_reward": 0.3648492308186244, "preform_step": 0.8342577173411856, "win_reward": 125, "invalid_move_reward": -3.850286461869185, "max_invalid_move_reset": 17, "model_type": "PPO", "policy": "MlpPolicy", "folder_path_for_models": "models-tone", "model_performance": 0}