{"learning_rate": 0.0030010567121281748, "net_arch": {"pi": [501], "vf": [1016, 626]}, "net_arch_dqn": [322, 273, 950], "batch_size": 64, "model_name": "model-1709362708", "map_size": [10, 10], "reset": 156, "box_near_goal": 0.6181445109563202, "box_close_goal": 0.1474393474234864, "box_move_reward": -0.713080844308057, "box_goal_reward": -0.4470228056773773, "box_player_reward": 0.47702105575729203, "final_player_reward": -0.7741831681186122, "preform_step": -0.41479254101773044, "win_reward": 119, "invalid_move_reward": -11.751142910663006, "max_invalid_move_reset": 14, "model_type": "DQN", "policy": "MlpPolicy", "folder_path_for_models": "models-tone", "model_performance": 100.0}