{"learning_rate": 0.09340124107726451, "net_arch": {"pi": [559, 785, 803], "vf": [403]}, "net_arch_dqn": [842, 248, 217, 331, 849], "batch_size": 128, "model_name": "model-1709353278", "map_size": [10, 10], "reset": 112, "box_near_goal": 0.19786807652275507, "box_close_goal": 0.09759320990446207, "box_move_reward": 0.7555780744979461, "box_goal_reward": -0.8211564546238905, "box_player_reward": -0.7651957680593928, "final_player_reward": 0.5265646049270798, "preform_step": -0.7753459789056105, "win_reward": 148, "invalid_move_reward": -6.4020888140256105, "max_invalid_move_reset": 7, "model_type": "PPO", "policy": "MlpPolicy", "folder_path_for_models": "models-tone", "model_performance": 0}