{
    "learning_rate": 0.02572747294324742,
    "net_arch": {
        "pi": [
            425,
            733
        ],
        "vf": [
            266,
            319,
            662
        ]
    },
    "net_arch_dqn": [
        174,
        694
    ],
    "batch_size": 32,
    "model_name": "model-1709341862",
    "map_size": [
        10,
        10
    ],
    "reset": 155,
    "box_near_goal": 0.9726382226606723,
    "box_close_goal": 0.9526900545572466,
    "box_move_reward": 0.6856035190237173,
    "box_goal_reward": -0.8272683282054767,
    "box_player_reward": 0.0972226968804224,
    "final_player_reward": 0.14835747940131916,
    "preform_step": 0.7342037762025735,
    "win_reward": 118,
    "invalid_move_reward": -3.5450485286786346,
    "max_invalid_move_reset": 6,
    "model_type": "PPO",
    "policy": "MlpPolicy",
    "folder_path_for_models": "models-tone",
    "model_performance": 0
}