{"learning_rate": 0.06773223409047364, "net_arch": {"pi": [730, 771, 774, 805], "vf": [794, 88, 82, 415]}, "net_arch_dqn": [148], "batch_size": 64, "model_name": "model-1709431097", "map_size": [10, 10], "reset": 136, "box_near_goal": 0.6039376045820174, "box_close_goal": 0.4901562678390653, "box_move_reward": -0.9556052844715863, "box_goal_reward": 0.955552577444984, "box_player_reward": 0.24632993986590979, "final_player_reward": -0.24289440227698678, "preform_step": 0.38663296335947916, "win_reward": 199, "invalid_move_reward": -19.90858818444929, "max_invalid_move_reset": 18, "model_type": "DQN", "policy": "MlpPolicy", "folder_path_for_models": "models-tone", "model_performance": 37.84722222222222}