{"learning_rate": 0.08009006337668034, "net_arch": {"pi": [556, 76], "vf": [815, 548, 252, 268]}, "net_arch_dqn": [963, 439], "batch_size": 64, "model_name": "model-1709645762", "map_size": [10, 10], "reset": 118, "box_near_goal": 0.8219787193015208, "box_close_goal": 0.4775423179476741, "box_move_reward": 0.2092589376449272, "box_goal_reward": 0.021693250510556927, "box_player_reward": 0.4096099268590325, "final_player_reward": 0.986121478947801, "preform_step": -0.44542116124733, "win_reward": 76, "invalid_move_reward": -17.577523440621462, "no_win_reward": -16.191786419888427, "model_type": "DQN", "policy": "MlpPolicy", "folder_path_for_models": "models-tone", "model_performance": 2.7777777777777777}