{"learning_rate": 0.03522419804446331, "net_arch": {"pi": [147, 798], "vf": [992, 762, 339, 581, 185]}, "net_arch_dqn": [102, 750, 647, 599], "batch_size": 256, "model_name": "model-1709391741", "map_size": [10, 10], "reset": 169, "box_near_goal": 0.8424352614268306, "box_close_goal": 0.2655394132142056, "box_move_reward": -0.9096795970673781, "box_goal_reward": -0.6150508717984939, "box_player_reward": 0.8331045128502772, "final_player_reward": -0.025659035807756636, "preform_step": -0.1506847079861935, "win_reward": 198, "invalid_move_reward": -4.342350870290431, "max_invalid_move_reset": 8, "model_type": "DQN", "policy": "MlpPolicy", "folder_path_for_models": "models-tone", "model_performance": 100.0}