{"learning_rate": 0.008895808908107405, "net_arch": {"pi": [738, 854, 589, 798], "vf": [770, 466]}, "net_arch_dqn": [848, 757, 665], "batch_size": 128, "model_name": "model-1709433390", "map_size": [10, 10], "reset": 56, "box_near_goal": 0.8447347013721734, "box_close_goal": 0.6241919091714314, "box_move_reward": -0.21287240300598564, "box_goal_reward": -0.008289292930948156, "box_player_reward": 0.1280189985522453, "final_player_reward": -0.1958362994808449, "preform_step": 0.40560425985277404, "win_reward": 173, "invalid_move_reward": -4.111641049239601, "max_invalid_move_reset": 8, "model_type": "PPO", "policy": "MlpPolicy", "folder_path_for_models": "models-tone", "model_performance": 101.63934426229508}