{"learning_rate": 0.053812796142962686, "net_arch": {"pi": [698, 878], "vf": [695]}, "net_arch_dqn": [357, 483, 498], "batch_size": 256, "model_name": "model-1709622955", "map_size": [10, 10], "reset": 150, "box_near_goal": 0.35274158664057675, "box_close_goal": 0.3061059057598301, "box_move_reward": -0.46749768642943756, "box_goal_reward": -0.5126319503171519, "box_player_reward": 0.2848316595663223, "final_player_reward": -0.42239108936454484, "preform_step": -0.6371548914514349, "win_reward": 137, "invalid_move_reward": -9.453590063646146, "no_win_reward": -15.449103833674002, "model_type": "PPO", "policy": "MlpPolicy", "folder_path_for_models": "models-tone", "model_performance": 0}