{"learning_rate": 0.06885144242228433, "net_arch": {"pi": [143, 363, 678], "vf": [133, 673, 428]}, "net_arch_dqn": [878], "batch_size": 64, "model_name": "model-1709371496", "map_size": [10, 10], "reset": 124, "box_near_goal": 0.6091142310702937, "box_close_goal": 0.6258478691041894, "box_move_reward": 0.4378654216628457, "box_goal_reward": 0.9076587377455463, "box_player_reward": -0.5982721655225041, "final_player_reward": -0.6727055781585423, "preform_step": -0.5316891015942833, "win_reward": 122, "invalid_move_reward": -12.599593155757503, "max_invalid_move_reset": 15, "model_type": "PPO", "policy": "MlpPolicy", "folder_path_for_models": "models-tone", "model_performance": 0}