{"learning_rate": 0.08925111098630197, "net_arch": {"pi": [773, 953, 658], "vf": [823, 129]}, "net_arch_dqn": [883, 581], "batch_size": 64, "model_name": "model-1709430038", "map_size": [10, 10], "reset": 98, "box_near_goal": 0.6203447741420509, "box_close_goal": 0.32796820610699773, "box_move_reward": -0.2639167239643663, "box_goal_reward": 0.8735578459757187, "box_player_reward": 0.39795507358670146, "final_player_reward": 0.6317996157993464, "preform_step": 0.30246005629781947, "win_reward": 124, "invalid_move_reward": -1.5070898524714984, "max_invalid_move_reset": 16, "model_type": "PPO", "policy": "MlpPolicy", "folder_path_for_models": "models-tone", "model_performance": 0}