{"learning_rate": 0.057439676209142226, "net_arch": {"pi": [772], "vf": [966, 499, 804]}, "net_arch_dqn": [607, 1014, 606, 702], "batch_size": 32, "model_name": "model-1709427121", "map_size": [10, 10], "reset": 78, "box_near_goal": 0.25947187805001715, "box_close_goal": 0.05051225086437683, "box_move_reward": 0.8060260827477552, "box_goal_reward": -0.893404719358891, "box_player_reward": 0.6239701526754735, "final_player_reward": -0.0555054570700837, "preform_step": -0.07169880104077397, "win_reward": 65, "invalid_move_reward": -2.113006059592429, "max_invalid_move_reset": 12, "model_type": "DQN", "policy": "MlpPolicy", "folder_path_for_models": "models-tone", "model_performance": 15.38888888888889}