{"learning_rate": 0.025098990709599804, "net_arch": {"pi": [668], "vf": [768, 256]}, "net_arch_dqn": [1003], "batch_size": 32, "model_name": "model-1709350801", "map_size": [10, 10], "reset": 106, "box_near_goal": 0.7116077048556453, "box_close_goal": 0.10588468601906631, "box_move_reward": 0.32784370944634467, "box_goal_reward": -0.4598177206945755, "box_player_reward": 0.4792533089296067, "final_player_reward": -0.13793033868402538, "preform_step": -0.21448053085996266, "win_reward": 178, "invalid_move_reward": -1.5796557186785805, "max_invalid_move_reset": 9, "model_type": "PPO", "policy": "MlpPolicy", "folder_path_for_models": "models-tone", "model_performance": 0}