{"learning_rate": 0.07988976617060038, "net_arch": {"pi": [794], "vf": [707, 777, 119, 487]}, "net_arch_dqn": [475, 340], "batch_size": 64, "model_name": "model-1709665879", "map_size": [10, 10], "reset": 145, "box_near_goal": 0.742747839595413, "box_close_goal": 0.43415201506315126, "box_move_reward": 0.6244570496866724, "box_goal_reward": -0.6756672914813169, "box_player_reward": -0.6979236876103989, "final_player_reward": 0.518166804262387, "preform_step": 0.142682147634134, "win_reward": 110, "invalid_move_reward": -8.86921683620651, "no_win_reward": -19.356723827345274, "model_type": "PPO", "policy": "MlpPolicy", "folder_path_for_models": "models-tone", "model_performance": 2.7777777777777777}