{"learning_rate": 0.03958057026417872, "net_arch": {"pi": [685, 325, 802, 259, 141], "vf": [597, 683, 215, 548]}, "net_arch_dqn": [181], "batch_size": 256, "model_name": "model-1709346825", "map_size": [10, 10], "reset": 67, "box_near_goal": 0.02724888883820087, "box_close_goal": 0.5429748483309714, "box_move_reward": 0.6099407097830025, "box_goal_reward": 0.34760430903627926, "box_player_reward": 0.9841714938985155, "final_player_reward": 0.8122051196677331, "preform_step": -0.7856157922123839, "win_reward": 131, "invalid_move_reward": -19.569971196343086, "max_invalid_move_reset": 16, "model_type": "PPO", "policy": "MlpPolicy", "folder_path_for_models": "models-tone", "model_performance": 0}