{"learning_rate": 0.026526861466752896, "net_arch": {"pi": [471, 562, 278], "vf": [83, 133]}, "net_arch_dqn": [423], "batch_size": 64, "model_name": "model-1709439474", "map_size": [10, 10], "reset": 177, "box_near_goal": 0.9027783670801758, "box_close_goal": 0.0602834715525582, "box_move_reward": 0.5325438339523274, "box_goal_reward": 0.3879929795351649, "box_player_reward": -0.19320600968833723, "final_player_reward": 0.8274748805853378, "preform_step": 0.9202594783697631, "win_reward": 187, "invalid_move_reward": -17.251610724104133, "max_invalid_move_reset": 20, "model_type": "PPO", "policy": "MlpPolicy", "folder_path_for_models": "models-tone", "model_performance": 0}