{"learning_rate": 0.030198571295091063, "net_arch": {"pi": [115, 495, 918, 722, 541], "vf": [180, 987]}, "net_arch_dqn": [336, 596], "batch_size": 256, "model_name": "model-1709353981", "map_size": [10, 10], "reset": 56, "box_near_goal": 0.4321835490610503, "box_close_goal": 0.8860637909581621, "box_move_reward": -0.9562272171767825, "box_goal_reward": 0.6141293455842336, "box_player_reward": 0.8205316453925215, "final_player_reward": 0.939533058892378, "preform_step": 0.6216663282082473, "win_reward": 60, "invalid_move_reward": -8.140259038735175, "max_invalid_move_reset": 17, "model_type": "DQN", "policy": "MlpPolicy", "folder_path_for_models": "models-tone", "model_performance": 13.383829030704842}