{"learning_rate": 0.06313770754002519, "net_arch": {"pi": [749, 332], "vf": [907]}, "net_arch_dqn": [95, 505, 181, 460, 505], "batch_size": 32, "model_name": "model-1709377768", "map_size": [10, 10], "reset": 165, "box_near_goal": 0.7524246455142134, "box_close_goal": 0.25277289500886835, "box_move_reward": -0.0094736330855969, "box_goal_reward": 0.6305912237553768, "box_player_reward": 0.021774301624859715, "final_player_reward": -0.3050292525842144, "preform_step": -0.285461814243682, "win_reward": 51, "invalid_move_reward": -8.747076087287892, "max_invalid_move_reset": 14, "model_type": "DQN", "policy": "MlpPolicy", "folder_path_for_models": "models-tone", "model_performance": 27.22222222222222}