{"learning_rate": 0.03182337960788126, "net_arch": {"pi": [65, 362], "vf": [633, 110]}, "net_arch_dqn": [788, 409, 805, 529, 719], "batch_size": 32, "model_name": "model-1709393868", "map_size": [10, 10], "reset": 75, "box_near_goal": 0.9459960226774436, "box_close_goal": 0.21043779000264984, "box_move_reward": -0.23235498790600673, "box_goal_reward": 0.843165876075872, "box_player_reward": -0.5913232655074614, "final_player_reward": 0.5174882581003033, "preform_step": 0.5850534626912776, "win_reward": 135, "invalid_move_reward": -13.9378840346622, "max_invalid_move_reset": 6, "model_type": "PPO", "policy": "MlpPolicy", "folder_path_for_models": "models-tone", "model_performance": 0}