{"learning_rate": 0.021064022181855158, "net_arch": {"pi": [166], "vf": [83, 87, 731, 947, 245, 860]}, "net_arch_dqn": [491, 279, 791, 844], "batch_size": 64, "model_name": "model-1709629501", "map_size": [10, 10], "reset": 158, "box_near_goal": 0.6368551210064223, "box_close_goal": 0.4132127640570332, "box_move_reward": 0.8622481216001905, "box_goal_reward": 0.6159972943743299, "box_player_reward": 0.31052198313598667, "final_player_reward": 0.5697200509703195, "preform_step": 0.5045308688579011, "win_reward": 86, "invalid_move_reward": -8.172418008896816, "no_win_reward": -18.221243843602778, "model_type": "DQN", "policy": "MlpPolicy", "folder_path_for_models": "models-tone", "model_performance": 1.3888888888888888}