{"learning_rate": 0.07453298180983153, "net_arch": {"pi": [897, 224, 575, 563], "vf": [174, 218]}, "net_arch_dqn": [278, 838, 265, 105], "batch_size": 256, "model_name": "model-1709351569", "map_size": [10, 10], "reset": 93, "box_near_goal": 0.9467417098055999, "box_close_goal": 0.6058032570962432, "box_move_reward": -0.18609654137896636, "box_goal_reward": 0.45056680350094247, "box_player_reward": -0.36227543784849936, "final_player_reward": 0.35465092439700596, "preform_step": 0.36007281519175516, "win_reward": 102, "invalid_move_reward": -1.3370203214455358, "max_invalid_move_reset": 6, "model_type": "PPO", "policy": "MlpPolicy", "folder_path_for_models": "models-tone", "model_performance": 102.77777777777777}