{
    "learning_rate": 0.04623157336987397,
    "net_arch": {
        "pi": [
            821
        ],
        "vf": [
            83,
            377,
            472,
            955
        ]
    },
    "net_arch_dqn": [
        838,
        118,
        880,
        67
    ],
    "batch_size": 256,
    "model_name": "model-1709341842",
    "map_size": [
        10,
        10
    ],
    "reset": 119,
    "box_near_goal": 0.48253046144708267,
    "box_close_goal": 0.3439247369059626,
    "box_move_reward": -0.8042807501203924,
    "box_goal_reward": 0.18840627468656646,
    "box_player_reward": -0.9763125681181111,
    "final_player_reward": 0.4328670387030269,
    "preform_step": 0.4631619505888578,
    "win_reward": 83,
    "invalid_move_reward": -4.0741413480471635,
    "max_invalid_move_reset": 11,
    "model_type": "PPO",
    "policy": "MlpPolicy",
    "folder_path_for_models": "models-tone",
    "model_performance": 0
}