{"learning_rate": 0.002944537182307692, "net_arch": {"pi": [619, 608, 126, 799], "vf": [733, 599, 928]}, "net_arch_dqn": [1017, 665, 681, 483], "batch_size": 32, "model_name": "model-1709397585", "map_size": [10, 10], "reset": 152, "box_near_goal": 0.714363024392548, "box_close_goal": 0.06624255133431889, "box_move_reward": -0.06422306597044991, "box_goal_reward": -0.5990523460069581, "box_player_reward": -0.4405358830569184, "final_player_reward": 0.1674421834869726, "preform_step": 0.103398092855151, "win_reward": 64, "invalid_move_reward": -11.001928929158964, "max_invalid_move_reset": 5, "model_type": "DQN", "policy": "MlpPolicy", "folder_path_for_models": "models-tone", "model_performance": 7.993730407523511}