{"learning_rate": 0.06180671341261286, "net_arch": {"pi": [681, 752, 664, 273, 710], "vf": [586, 1019, 302, 752, 878]}, "net_arch_dqn": [185, 548, 495, 291, 246], "batch_size": 32, "model_name": "model-1709645673", "map_size": [10, 10], "reset": 179, "box_near_goal": 0.18677936626955882, "box_close_goal": 0.8764162469887729, "box_move_reward": -0.852185188635157, "box_goal_reward": -0.7095366071461109, "box_player_reward": -0.8194065895701776, "final_player_reward": -0.656098768852974, "preform_step": 0.07020801806666088, "win_reward": 51, "invalid_move_reward": -14.609781338922625, "no_win_reward": -1.385827360261768, "model_type": "PPO", "policy": "MlpPolicy", "folder_path_for_models": "models-tone", "model_performance": 0}