{"learning_rate": 0.019859185162186082, "net_arch": {"pi": [401], "vf": [406, 702]}, "net_arch_dqn": [761, 745], "batch_size": 128, "model_name": "model-1709380787", "map_size": [10, 10], "reset": 98, "box_near_goal": 0.4466703201608062, "box_close_goal": 0.2173521127409258, "box_move_reward": -0.6481225516999067, "box_goal_reward": 0.15000883587258373, "box_player_reward": 0.6585907738501608, "final_player_reward": -0.35906932492279986, "preform_step": 0.706495115903762, "win_reward": 137, "invalid_move_reward": -9.842885084304086, "max_invalid_move_reset": 7, "model_type": "PPO", "policy": "MlpPolicy", "folder_path_for_models": "models-tone", "model_performance": 103.57142857142857}