{"learning_rate": 0.09866163517841386, "net_arch": {"pi": [928, 566, 863], "vf": [664, 90]}, "net_arch_dqn": [919, 131, 1000, 746], "batch_size": 32, "model_name": "model-1709397359", "map_size": [10, 10], "reset": 190, "box_near_goal": 0.4499422066193023, "box_close_goal": 0.6396046866448912, "box_move_reward": -0.17607706562431624, "box_goal_reward": -0.05827563903184796, "box_player_reward": -0.5497862343469262, "final_player_reward": 0.7986722625430827, "preform_step": 0.9489950164212582, "win_reward": 147, "invalid_move_reward": -8.747755998672845, "max_invalid_move_reset": 18, "model_type": "DQN", "policy": "MlpPolicy", "folder_path_for_models": "models-tone", "model_performance": 102.77777777777777}