{"learning_rate": 0.011420643939741376, "net_arch": {"pi": [437, 490, 843, 215, 901], "vf": [287]}, "net_arch_dqn": [186, 144, 145, 118, 741], "batch_size": 256, "model_name": "model-1709632179", "map_size": [10, 10], "reset": 72, "box_near_goal": 0.3925990170145296, "box_close_goal": 0.19001291970259615, "box_move_reward": -0.8549303580498206, "box_goal_reward": 0.9815287190669804, "box_player_reward": -0.8369679848451868, "final_player_reward": 0.9876962127195372, "preform_step": 0.9987095694497972, "win_reward": 108, "invalid_move_reward": -2.5575749561551895, "no_win_reward": -8.378606519636492, "model_type": "PPO", "policy": "MlpPolicy", "folder_path_for_models": "models-tone", "model_performance": 2.7777777777777777}