{"learning_rate": 0.0045360494409881595, "net_arch": {"pi": [376, 238], "vf": [1014, 608, 372]}, "net_arch_dqn": [96, 473, 975], "batch_size": 128, "model_name": "model-1709626219", "map_size": [10, 10], "reset": 104, "box_near_goal": 0.38726409385479277, "box_close_goal": 0.5577129210517551, "box_move_reward": -0.869157449746693, "box_goal_reward": 0.3996131429732537, "box_player_reward": -0.09811348293997058, "final_player_reward": -0.23513113904516025, "preform_step": 0.10996372403602916, "win_reward": 195, "invalid_move_reward": -15.23537783909636, "no_win_reward": -18.722759182059555, "model_type": "DQN", "policy": "MlpPolicy", "folder_path_for_models": "models-tone", "model_performance": 1.3888888888888888}