{"learning_rate": 0.02297200375696966, "net_arch": {"pi": [995, 236, 664, 793], "vf": [707, 547, 390, 147]}, "net_arch_dqn": [783, 980, 536, 526], "batch_size": 64, "model_name": "model-1709372203", "map_size": [10, 10], "reset": 156, "box_near_goal": 0.9525630055777499, "box_close_goal": 0.7859400301998558, "box_move_reward": -0.8259046359618145, "box_goal_reward": 0.07457553761437352, "box_player_reward": -0.220505875871992, "final_player_reward": 0.7994207113473948, "preform_step": 0.9605988289741114, "win_reward": 65, "invalid_move_reward": -15.085216348867787, "max_invalid_move_reset": 16, "model_type": "PPO", "policy": "MlpPolicy", "folder_path_for_models": "models-tone", "model_performance": 53.44827586206897}