{"learning_rate": 0.07186723299010134, "net_arch": {"pi": [521, 189], "vf": [819, 351, 433]}, "net_arch_dqn": [1015, 944, 1004, 335], "batch_size": 128, "model_name": "model-1709388658", "map_size": [10, 10], "reset": 195, "box_near_goal": 0.7279610239027521, "box_close_goal": 0.2542097984820265, "box_move_reward": -0.11969003175995341, "box_goal_reward": -0.14514420896271885, "box_player_reward": -0.7521020369412861, "final_player_reward": 0.27966780968247007, "preform_step": 0.08021094049102917, "win_reward": 160, "invalid_move_reward": -1.3148314677104942, "max_invalid_move_reset": 6, "model_type": "PPO", "policy": "MlpPolicy", "folder_path_for_models": "models-tone", "model_performance": 106.60569105691057}