{"learning_rate": 0.034095945470154106, "net_arch": {"pi": [667, 782], "vf": [703, 544, 129, 424, 930]}, "net_arch_dqn": [356], "batch_size": 32, "model_name": "model-1709357691", "map_size": [10, 10], "reset": 65, "box_near_goal": 0.736112978159781, "box_close_goal": 0.7522157752940818, "box_move_reward": 0.2408114911301693, "box_goal_reward": -0.9376350614911431, "box_player_reward": 0.8156914352945035, "final_player_reward": -0.8357474033708563, "preform_step": -0.8472222368096887, "win_reward": 198, "invalid_move_reward": -13.286706581672805, "max_invalid_move_reset": 5, "model_type": "DQN", "policy": "MlpPolicy", "folder_path_for_models": "models-tone", "model_performance": 33.333333333333336}