{"learning_rate": 0.07031407644751697, "net_arch": {"pi": [607], "vf": [746, 1001, 419, 222]}, "net_arch_dqn": [507, 279, 595], "batch_size": 32, "model_name": "model-1709376418", "map_size": [10, 10], "reset": 104, "box_near_goal": 0.15376610905854826, "box_close_goal": 0.009919878974141483, "box_move_reward": -0.9030086864232552, "box_goal_reward": -0.886306706079752, "box_player_reward": -0.5488082556649847, "final_player_reward": 0.3407386181441372, "preform_step": 0.9795896765862055, "win_reward": 92, "invalid_move_reward": -0.5157483786631865, "max_invalid_move_reset": 10, "model_type": "PPO", "policy": "MlpPolicy", "folder_path_for_models": "models-tone", "model_performance": 103.3119658119658}