{"learning_rate": 0.04729846623223059, "net_arch": {"pi": [682, 980, 190, 305, 1009, 929], "vf": [599, 83, 128, 568, 196, 550, 605]}, "net_arch_dqn": [207, 954, 120, 776], "batch_size": 128, "model_name": "model-1709652525", "map_size": [10, 10], "reset": 149, "box_near_goal": 0.7792834584043747, "box_close_goal": 0.5820877658589525, "box_move_reward": -0.40393161857170634, "box_goal_reward": 0.39544208979990536, "box_player_reward": 0.03537508529543132, "final_player_reward": -0.20244250316093404, "preform_step": 0.7182739336568751, "win_reward": 58, "invalid_move_reward": -17.96691627121246, "no_win_reward": -9.708496244983237, "model_type": "PPO", "policy": "MlpPolicy", "folder_path_for_models": "models-tone", "model_performance": 0}