{"learning_rate": 0.03110872944619291, "net_arch": {"pi": [925, 97, 806, 793, 102], "vf": [324, 145]}, "net_arch_dqn": [881, 235, 214, 670], "batch_size": 64, "model_name": "model-1709639346", "map_size": [10, 10], "reset": 123, "box_near_goal": 0.788577275295413, "box_close_goal": 0.08670556614336744, "box_move_reward": -0.8063621017037363, "box_goal_reward": 0.18169092937556885, "box_player_reward": 0.5974531713821902, "final_player_reward": -0.7054250951372669, "preform_step": -0.4043546365837669, "win_reward": 157, "invalid_move_reward": -9.432497142922578, "no_win_reward": -0.26897536947665657, "model_type": "DQN", "policy": "MlpPolicy", "folder_path_for_models": "models-tone", "model_performance": 2.7777777777777777}