{"learning_rate": 0.021920585193561253, "net_arch": {"pi": [1013, 787, 464], "vf": [210, 331, 87, 578]}, "net_arch_dqn": [450], "batch_size": 256, "model_name": "model-1709667994", "map_size": [10, 10], "reset": 182, "box_near_goal": 0.3311451605238557, "box_close_goal": 0.7136495117059596, "box_move_reward": 0.3434528376355672, "box_goal_reward": -0.3468796452909986, "box_player_reward": 0.9623540299707538, "final_player_reward": 0.020716379401745977, "preform_step": 0.15219326601978134, "win_reward": 130, "invalid_move_reward": -12.939377561007053, "no_win_reward": -11.769900745086122, "model_type": "DQN", "policy": "MlpPolicy", "folder_path_for_models": "models-tone", "model_performance": 0}