{"learning_rate": 0.04892923291853577, "net_arch": {"pi": [715, 801, 688, 310], "vf": [165]}, "net_arch_dqn": [642, 146, 568], "batch_size": 256, "model_name": "model-1709375370", "map_size": [10, 10], "reset": 114, "box_near_goal": 0.14910590408815938, "box_close_goal": 0.800822857115956, "box_move_reward": -0.7697433878210667, "box_goal_reward": -0.03420295162313858, "box_player_reward": -0.26496810675306404, "final_player_reward": 0.4713337279070291, "preform_step": -0.470120644792434, "win_reward": 143, "invalid_move_reward": -7.001217216430394, "max_invalid_move_reset": 10, "model_type": "PPO", "policy": "MlpPolicy", "folder_path_for_models": "models-tone", "model_performance": 0}