{"learning_rate": 0.0029984130938858367, "net_arch": {"pi": [630, 886, 215], "vf": [499, 839, 604]}, "net_arch_dqn": [1022], "batch_size": 64, "model_name": "model-1709437627", "map_size": [10, 10], "reset": 88, "box_near_goal": 0.731206744029793, "box_close_goal": 0.080902227827228, "box_move_reward": -0.664232208743402, "box_goal_reward": 0.15747106912966213, "box_player_reward": -0.8019622046866981, "final_player_reward": -0.5707789367229767, "preform_step": 0.8548751015309073, "win_reward": 135, "invalid_move_reward": -11.869077158047228, "max_invalid_move_reset": 20, "model_type": "DQN", "policy": "MlpPolicy", "folder_path_for_models": "models-tone", "model_performance": 0}