{"learning_rate": 0.05776623398948134, "net_arch": {"pi": [865, 428], "vf": [612]}, "net_arch_dqn": [299, 854], "batch_size": 64, "model_name": "model-1709395639", "map_size": [10, 10], "reset": 93, "box_near_goal": 0.9320329481713632, "box_close_goal": 0.30329576949817083, "box_move_reward": -0.9116783026528628, "box_goal_reward": -0.7256815343267997, "box_player_reward": -0.8994390723469572, "final_player_reward": 0.41360515904449024, "preform_step": -0.4505416723741038, "win_reward": 196, "invalid_move_reward": -18.710983566273537, "max_invalid_move_reset": 16, "model_type": "DQN", "policy": "MlpPolicy", "folder_path_for_models": "models-tone", "model_performance": 28.028233151183972}