{"learning_rate": 0.08032200819582827, "net_arch": {"pi": [328, 319, 224], "vf": [917, 990, 637]}, "net_arch_dqn": [946, 289, 885, 353, 682, 101, 433], "batch_size": 256, "model_name": "model-1709622265", "map_size": [10, 10], "reset": 144, "box_near_goal": 0.05504275021103944, "box_close_goal": 0.6280782406456353, "box_move_reward": 0.5131695293924021, "box_goal_reward": -0.5201145316166373, "box_player_reward": -0.37702110424379676, "final_player_reward": -0.17150160708166862, "preform_step": 0.18434414535981403, "win_reward": 105, "invalid_move_reward": -19.121157036954123, "no_win_reward": -13.440767627170837, "model_type": "PPO", "policy": "MlpPolicy", "folder_path_for_models": "models-tone", "model_performance": 0}