{"learning_rate": 0.049622358811248504, "net_arch": {"pi": [327, 952, 921, 541, 793], "vf": [971, 920, 993]}, "net_arch_dqn": [235, 863, 249, 986, 753], "batch_size": 64, "model_name": "model-1709656548", "map_size": [10, 10], "reset": 149, "box_near_goal": 0.1703241961533689, "box_close_goal": 0.7926058929312718, "box_move_reward": -0.5835583035696483, "box_goal_reward": -0.23441246013548356, "box_player_reward": -0.8885212270451195, "final_player_reward": -0.7966000715029549, "preform_step": 0.04022752602473578, "win_reward": 121, "invalid_move_reward": -18.74348655941273, "no_win_reward": -3.2830522365182304, "model_type": "PPO", "policy": "MlpPolicy", "folder_path_for_models": "models-tone", "model_performance": 0}