{"learning_rate": 0.05386712790213646, "net_arch": {"pi": [295, 581, 543, 330], "vf": [243, 209, 831, 243]}, "net_arch_dqn": [499], "batch_size": 256, "model_name": "model-1709376066", "map_size": [10, 10], "reset": 69, "box_near_goal": 0.3685037718974358, "box_close_goal": 0.10439667996804658, "box_move_reward": 0.7912757564149999, "box_goal_reward": -0.7816231636838942, "box_player_reward": -0.6952731713719762, "final_player_reward": -0.7002468953803491, "preform_step": -0.5132014084828824, "win_reward": 175, "invalid_move_reward": -11.083102180630215, "max_invalid_move_reset": 13, "model_type": "DQN", "policy": "MlpPolicy", "folder_path_for_models": "models-tone", "model_performance": 53.7037037037037}