{"learning_rate": 0.09592134004053143, "net_arch": {"pi": [498, 221, 817, 879, 712], "vf": [741, 917, 972, 543]}, "net_arch_dqn": [703, 228, 170], "batch_size": 256, "model_name": "model-1709624120", "map_size": [10, 10], "reset": 62, "box_near_goal": 0.9241982853252864, "box_close_goal": 0.789088982252256, "box_move_reward": 0.8715190223277514, "box_goal_reward": -0.734413800532576, "box_player_reward": -0.34791804623199996, "final_player_reward": 0.5416510394571028, "preform_step": -0.9160048127067275, "win_reward": 56, "invalid_move_reward": -9.861660827841606, "no_win_reward": -16.160843459858086, "model_type": "DQN", "policy": "MlpPolicy", "folder_path_for_models": "models-tone", "model_performance": 0}