{"learning_rate": 0.09936724613379841, "net_arch": {"pi": [448], "vf": [362]}, "net_arch_dqn": [515, 837, 929, 610], "batch_size": 64, "model_name": "model-1709353167", "map_size": [10, 10], "reset": 139, "box_near_goal": 0.45438519549827905, "box_close_goal": 0.8264525448847947, "box_move_reward": 0.25154981617531447, "box_goal_reward": 0.8216237072008457, "box_player_reward": -0.6822340752796718, "final_player_reward": -0.5938696597064324, "preform_step": 0.6801071389169342, "win_reward": 164, "invalid_move_reward": -9.111128774555201, "max_invalid_move_reset": 14, "model_type": "DQN", "policy": "MlpPolicy", "folder_path_for_models": "models-tone", "model_performance": 36.89613526570049}