{"learning_rate": 0.06230853934737863, "net_arch": {"pi": [690, 1009, 562], "vf": [1001, 629, 195, 223, 511]}, "net_arch_dqn": [786, 977, 1007, 354, 748, 747], "batch_size": 64, "model_name": "model-1709663998", "map_size": [10, 10], "reset": 183, "box_near_goal": 0.47192984899137425, "box_close_goal": 0.5445843850169818, "box_move_reward": 0.568822688073374, "box_goal_reward": -0.5869794101319841, "box_player_reward": -0.4264226143440053, "final_player_reward": 0.01828506907293681, "preform_step": -0.41853327738414436, "win_reward": 199, "invalid_move_reward": -1.5252201023927512, "no_win_reward": -8.60008069915306, "model_type": "PPO", "policy": "MlpPolicy", "folder_path_for_models": "models-tone", "model_performance": 0}