{"learning_rate": 0.08415928872112981, "net_arch": {"pi": [859, 390, 388], "vf": [477]}, "net_arch_dqn": [291, 460, 753], "batch_size": 128, "model_name": "model-1709652465", "map_size": [10, 10], "reset": 73, "box_near_goal": 0.2740165697358399, "box_close_goal": 0.00138819301163573, "box_move_reward": 0.97565201893994, "box_goal_reward": 0.17831102664318554, "box_player_reward": -0.04155586299105418, "final_player_reward": -0.4884887969942304, "preform_step": -0.049108684566145255, "win_reward": 124, "invalid_move_reward": -16.80843899945246, "no_win_reward": -4.732854008216965, "model_type": "PPO", "policy": "MlpPolicy", "folder_path_for_models": "models-tone", "model_performance": 0}