{"learning_rate": 0.06175251552101716, "net_arch": {"pi": [594, 888, 329], "vf": [246, 675, 515, 285]}, "net_arch_dqn": [531, 103, 1016, 264, 251], "batch_size": 32, "model_name": "model-1709435212", "map_size": [10, 10], "reset": 190, "box_near_goal": 0.030499060252615395, "box_close_goal": 0.6767989893958141, "box_move_reward": 0.4141953175873896, "box_goal_reward": -0.0796195998909146, "box_player_reward": -0.33516604615619583, "final_player_reward": -0.03332828164376367, "preform_step": -0.1951021915886082, "win_reward": 185, "invalid_move_reward": -1.4276808503488354, "max_invalid_move_reset": 6, "model_type": "PPO", "policy": "MlpPolicy", "folder_path_for_models": "models-tone", "model_performance": 0}