{"learning_rate": 0.05171971694969194, "net_arch": {"pi": [907, 156], "vf": [829]}, "net_arch_dqn": [973, 461, 765], "batch_size": 32, "model_name": "model-1709643341", "map_size": [10, 10], "reset": 158, "box_near_goal": 0.9248419029841367, "box_close_goal": 0.3023187295542491, "box_move_reward": 0.8432207124890385, "box_goal_reward": 0.915464976399172, "box_player_reward": 0.7972654958596348, "final_player_reward": -0.10907043626014268, "preform_step": -0.1348580558667427, "win_reward": 96, "invalid_move_reward": -7.3937242284243805, "no_win_reward": -19.835483676683445, "model_type": "DQN", "policy": "MlpPolicy", "folder_path_for_models": "models-tone", "model_performance": 2.7777777777777777}