{"learning_rate": 0.062008366715867715, "net_arch": {"pi": [94, 958, 702, 754, 525], "vf": [415]}, "net_arch_dqn": [239, 1019], "batch_size": 128, "model_name": "model-1709637296", "map_size": [10, 10], "reset": 139, "box_near_goal": 0.27479097190575974, "box_close_goal": 0.679356335414651, "box_move_reward": -0.45792462442810633, "box_goal_reward": 0.9241386252913022, "box_player_reward": -0.8676444536183889, "final_player_reward": -0.6332616939731699, "preform_step": -0.12971312996114448, "win_reward": 196, "invalid_move_reward": -10.85860971033507, "no_win_reward": -17.14232332876404, "model_type": "DQN", "policy": "MlpPolicy", "folder_path_for_models": "models-tone", "model_performance": 0}