{"learning_rate": 0.09643977770947651, "net_arch": {"pi": [351, 854], "vf": [330, 636, 655, 149, 174]}, "net_arch_dqn": [650, 644, 326, 582, 675], "batch_size": 128, "model_name": "model-1709438987", "map_size": [10, 10], "reset": 96, "box_near_goal": 0.9260587675479125, "box_close_goal": 0.40789543477428214, "box_move_reward": -0.5847432034015454, "box_goal_reward": 0.07049607435182859, "box_player_reward": 0.007308415503514798, "final_player_reward": -0.4453398078791875, "preform_step": 0.47120216949171234, "win_reward": 148, "invalid_move_reward": -14.352090719925062, "max_invalid_move_reset": 5, "model_type": "DQN", "policy": "MlpPolicy", "folder_path_for_models": "models-tone", "model_performance": 24.139344262295083}