{"learning_rate": 0.09601694808455082, "net_arch": {"pi": [786, 132], "vf": [1022, 108]}, "net_arch_dqn": [571, 963], "batch_size": 256, "model_name": "model-1709363538", "map_size": [10, 10], "reset": 190, "box_near_goal": 0.5278591122818788, "box_close_goal": 0.9386379958578146, "box_move_reward": -0.1120487935844543, "box_goal_reward": -0.18835083539823727, "box_player_reward": 0.03387793358211577, "final_player_reward": -0.10802456091605839, "preform_step": -0.7620148166648004, "win_reward": 194, "invalid_move_reward": -16.78912192880521, "max_invalid_move_reset": 7, "model_type": "DQN", "policy": "MlpPolicy", "folder_path_for_models": "models-tone", "model_performance": 0}