{"learning_rate": 0.09636207730611845, "net_arch": {"pi": [677, 912, 168, 285, 205], "vf": [910, 945, 305, 307]}, "net_arch_dqn": [1021, 153], "batch_size": 128, "model_name": "model-1709651481", "map_size": [10, 10], "reset": 74, "box_near_goal": 0.25350400950910335, "box_close_goal": 0.05390944094273287, "box_move_reward": 0.004855636310430178, "box_goal_reward": 0.7472632937955224, "box_player_reward": 0.9105271072425414, "final_player_reward": -0.6539917851959955, "preform_step": -0.6294116411713477, "win_reward": 154, "invalid_move_reward": -1.2306714329446393, "no_win_reward": -10.615223447111191, "model_type": "DQN", "policy": "MlpPolicy", "folder_path_for_models": "models-tone", "model_performance": 0}