{"learning_rate": 0.06344307709149805, "net_arch": {"pi": [379, 181, 916, 130, 591, 762], "vf": [390, 784, 181, 360]}, "net_arch_dqn": [554, 617, 827, 613], "batch_size": 128, "model_name": "model-1709632475", "map_size": [10, 10], "reset": 81, "box_near_goal": 0.4670299279902075, "box_close_goal": 0.4889302150967928, "box_move_reward": 0.5621295291327508, "box_goal_reward": 0.848525873692535, "box_player_reward": -0.5053544524511397, "final_player_reward": -0.03399115900761229, "preform_step": -0.7265296054436838, "win_reward": 93, "invalid_move_reward": -16.176461392990866, "no_win_reward": -8.568714133388188, "model_type": "PPO", "policy": "MlpPolicy", "folder_path_for_models": "models-tone", "model_performance": 2.7777777777777777}