{"learning_rate": 0.04986966870065872, "net_arch": {"pi": [824, 801], "vf": [866, 942, 796, 428]}, "net_arch_dqn": [928, 668], "batch_size": 128, "model_name": "model-1709624170", "map_size": [10, 10], "reset": 134, "box_near_goal": 0.5240044128066584, "box_close_goal": 0.0059487758693196335, "box_move_reward": -0.7306393384724954, "box_goal_reward": 0.37067694852357636, "box_player_reward": 0.7925475877889208, "final_player_reward": -0.8517145477587382, "preform_step": 0.9970386938291544, "win_reward": 199, "invalid_move_reward": -8.911452371655082, "no_win_reward": -13.610699744161224, "model_type": "DQN", "policy": "MlpPolicy", "folder_path_for_models": "models-tone", "model_performance": 2.7777777777777777}