{"learning_rate": 0.0763828003512002, "net_arch": {"pi": [827, 274, 376, 507], "vf": [859, 300, 290, 264]}, "net_arch_dqn": [565, 637, 159, 152, 89], "batch_size": 256, "model_name": "model-1709353642", "map_size": [10, 10], "reset": 102, "box_near_goal": 0.02742801203984435, "box_close_goal": 0.40103931769242607, "box_move_reward": -0.6291679617828865, "box_goal_reward": -0.8477379447599118, "box_player_reward": -0.23318593491792527, "final_player_reward": -0.12190050507503547, "preform_step": 0.8899261135027194, "win_reward": 81, "invalid_move_reward": -16.729002168896784, "max_invalid_move_reset": 18, "model_type": "DQN", "policy": "MlpPolicy", "folder_path_for_models": "models-tone", "model_performance": 18.25657894736842}