{"learning_rate": 0.036583370197355435, "net_arch": {"pi": [593, 709], "vf": [728, 914, 492, 258]}, "net_arch_dqn": [741], "batch_size": 128, "model_name": "model-1709647842", "map_size": [10, 10], "reset": 100, "box_near_goal": 0.25267883290655935, "box_close_goal": 0.3082588228508715, "box_move_reward": -0.5991811210205684, "box_goal_reward": 0.5672679915870891, "box_player_reward": -0.04144506864946984, "final_player_reward": -0.19403630528923932, "preform_step": -0.1048870155482804, "win_reward": 66, "invalid_move_reward": -19.514781472871373, "no_win_reward": -10.324918922753652, "model_type": "DQN", "policy": "MlpPolicy", "folder_path_for_models": "models-tone", "model_performance": 0}