{"learning_rate": 0.09502446294883979, "net_arch": {"pi": [926, 529, 923, 494, 925], "vf": [705, 355]}, "net_arch_dqn": [762, 781, 581, 254], "batch_size": 256, "model_name": "model-1709643804", "map_size": [10, 10], "reset": 178, "box_near_goal": 0.7054936791630603, "box_close_goal": 0.5204271508704367, "box_move_reward": -0.22741133116402112, "box_goal_reward": 0.8774840677301985, "box_player_reward": -0.5550526812445962, "final_player_reward": 0.36283056312141015, "preform_step": 0.8883373974251116, "win_reward": 194, "invalid_move_reward": -12.704580853109954, "no_win_reward": -5.564849342753369, "model_type": "DQN", "policy": "MlpPolicy", "folder_path_for_models": "models-tone", "model_performance": 0}