{"learning_rate": 0.026144866900644406, "net_arch": {"pi": [295, 577, 522], "vf": [113, 491, 615, 211, 189]}, "net_arch_dqn": [966, 147, 957, 755, 523], "batch_size": 64, "model_name": "model-1709373786", "map_size": [10, 10], "reset": 143, "box_near_goal": 0.8141106750776133, "box_close_goal": 0.1582024248547279, "box_move_reward": 0.5565142883469272, "box_goal_reward": -0.31463205669094263, "box_player_reward": 0.4646344133966738, "final_player_reward": -0.7675374080951807, "preform_step": 0.6597578263975947, "win_reward": 171, "invalid_move_reward": -5.2295662914486805, "max_invalid_move_reset": 13, "model_type": "DQN", "policy": "MlpPolicy", "folder_path_for_models": "models-tone", "model_performance": 32.27969348659004}