{"learning_rate": 0.017964982613816342, "net_arch": {"pi": [349], "vf": [932]}, "net_arch_dqn": [464, 826, 192], "batch_size": 32, "model_name": "model-1709364707", "map_size": [10, 10], "reset": 194, "box_near_goal": 0.0323591837864573, "box_close_goal": 0.15497770548113166, "box_move_reward": 0.30258780940752317, "box_goal_reward": 0.7916843602521326, "box_player_reward": 0.34436516439024945, "final_player_reward": 0.35461235596824525, "preform_step": 0.5207878783471607, "win_reward": 123, "invalid_move_reward": -16.055015562078697, "max_invalid_move_reset": 10, "model_type": "DQN", "policy": "MlpPolicy", "folder_path_for_models": "models-tone", "model_performance": 46.07142857142857}