{"learning_rate": 0.024972905818816626, "net_arch": {"pi": [940, 223], "vf": [652, 757, 846, 534, 328]}, "net_arch_dqn": [486], "batch_size": 128, "model_name": "model-1709660618", "map_size": [10, 10], "reset": 195, "box_near_goal": 0.38588448117928775, "box_close_goal": 0.11192770532914897, "box_move_reward": 0.6438993035131082, "box_goal_reward": 0.6599756561937649, "box_player_reward": -0.07826803870954446, "final_player_reward": 0.4990764579358169, "preform_step": -0.948644741355257, "win_reward": 198, "invalid_move_reward": -4.698276667083441, "no_win_reward": -4.101202788038499, "model_type": "PPO", "policy": "MlpPolicy", "folder_path_for_models": "models-tone", "model_performance": 0}