{"learning_rate": 0.058722151359387326, "net_arch": {"pi": [557, 795, 277, 964, 588], "vf": [559, 982]}, "net_arch_dqn": [678, 994, 664, 918], "batch_size": 64, "model_name": "model-1709386695", "map_size": [10, 10], "reset": 163, "box_near_goal": 0.36394402389807046, "box_close_goal": 0.17365744183948584, "box_move_reward": -0.7613829876726985, "box_goal_reward": -0.12993121148409714, "box_player_reward": 0.6699947432668216, "final_player_reward": 0.1849600319053315, "preform_step": 0.9787513964020877, "win_reward": 194, "invalid_move_reward": -18.650624994221687, "max_invalid_move_reset": 5, "model_type": "DQN", "policy": "MlpPolicy", "folder_path_for_models": "models-tone", "model_performance": 52.94117647058823}