{"learning_rate": 0.06631627190993362, "net_arch": {"pi": [127], "vf": [916, 557, 743]}, "net_arch_dqn": [761, 100, 96], "batch_size": 256, "model_name": "model-1709401794", "map_size": [10, 10], "reset": 99, "box_near_goal": 0.34842883430893157, "box_close_goal": 0.7790518990092817, "box_move_reward": 0.9150959455006706, "box_goal_reward": 0.5574930400227331, "box_player_reward": -0.5619087085337604, "final_player_reward": 0.43328530652667974, "preform_step": -0.6733139065226403, "win_reward": 158, "invalid_move_reward": -17.092307522472712, "max_invalid_move_reset": 14, "model_type": "DQN", "policy": "MlpPolicy", "folder_path_for_models": "models-tone", "model_performance": 12.918822370041884}