{"learning_rate": 0.031084301384462436, "net_arch": {"pi": [336, 362, 595], "vf": [680]}, "net_arch_dqn": [542, 209, 198, 494], "batch_size": 256, "model_name": "model-1709651135", "map_size": [10, 10], "reset": 144, "box_near_goal": 0.06750220845115229, "box_close_goal": 0.8509320187639376, "box_move_reward": -0.6622597214596966, "box_goal_reward": -0.42983974664629443, "box_player_reward": 0.8213379819551927, "final_player_reward": 0.655852477349302, "preform_step": -0.9216733444579923, "win_reward": 104, "invalid_move_reward": -0.1421655072139103, "no_win_reward": -17.52525339991543, "model_type": "DQN", "policy": "MlpPolicy", "folder_path_for_models": "models-tone", "model_performance": 1.3888888888888888}