{"learning_rate": 0.06769215513311465, "net_arch": {"pi": [354, 135, 838, 659, 882], "vf": [1012, 897, 145]}, "net_arch_dqn": [921, 863], "batch_size": 64, "model_name": "model-1709404985", "map_size": [10, 10], "reset": 52, "box_near_goal": 0.3813921346878212, "box_close_goal": 0.47930793639660285, "box_move_reward": 0.5462652861703357, "box_goal_reward": -0.7055690975761899, "box_player_reward": 0.986512455984069, "final_player_reward": -0.6341255067010492, "preform_step": 0.9153002614518726, "win_reward": 194, "invalid_move_reward": -4.544240414659349, "max_invalid_move_reset": 7, "model_type": "DQN", "policy": "MlpPolicy", "folder_path_for_models": "models-tone", "model_performance": 19.97267759562842}