{"learning_rate": 0.004926819114440436, "net_arch": {"pi": [548, 840, 600, 835, 262], "vf": [109]}, "net_arch_dqn": [207, 483, 1022, 359, 782], "batch_size": 32, "model_name": "model-1709630642", "map_size": [10, 10], "reset": 147, "box_near_goal": 0.656549123536676, "box_close_goal": 0.13748424704328366, "box_move_reward": 0.29379175151280146, "box_goal_reward": -0.723956304775369, "box_player_reward": -0.38167643275718355, "final_player_reward": -0.742375724438304, "preform_step": -0.6445130789871585, "win_reward": 111, "invalid_move_reward": -15.315616678228416, "no_win_reward": -18.188157013367228, "model_type": "PPO", "policy": "MlpPolicy", "folder_path_for_models": "models-tone", "model_performance": 2.7777777777777777}