{"learning_rate": 0.03643313860882641, "net_arch": {"pi": [907, 946], "vf": [763, 417, 951, 93, 577]}, "net_arch_dqn": [466], "batch_size": 128, "model_name": "model-1709343723", "map_size": [10, 10], "reset": 91, "box_near_goal": 0.2817171274491792, "box_close_goal": 0.3444083464032851, "box_move_reward": 0.007463910006311858, "box_goal_reward": 0.7391123356356788, "box_player_reward": -0.27772530454088984, "final_player_reward": -0.3225133949889576, "preform_step": 0.8844054334156051, "win_reward": 78, "invalid_move_reward": -0.9552581430372129, "max_invalid_move_reset": 6, "model_type": "DQN", "policy": "MlpPolicy", "folder_path_for_models": "models-tone", "model_performance": 65.42997103147479}