{"learning_rate": 0.07989186353916462, "net_arch": {"pi": [821, 519, 735, 764], "vf": [625, 86, 405]}, "net_arch_dqn": [91, 689, 134, 631], "batch_size": 256, "model_name": "model-1709438204", "map_size": [10, 10], "reset": 88, "box_near_goal": 0.042867531684543936, "box_close_goal": 0.8869386791190083, "box_move_reward": 0.009763333940878027, "box_goal_reward": -0.4730740473671253, "box_player_reward": -0.921829066346803, "final_player_reward": -0.7749298097739672, "preform_step": 0.5516531669321261, "win_reward": 118, "invalid_move_reward": -12.366399261784869, "max_invalid_move_reset": 16, "model_type": "DQN", "policy": "MlpPolicy", "folder_path_for_models": "models-tone", "model_performance": 44.09722222222222}