{"learning_rate": 0.01783181217701909, "net_arch": {"pi": [786, 543, 818, 292], "vf": [841, 493, 463, 473, 634]}, "net_arch_dqn": [621, 477, 799, 184], "batch_size": 64, "model_name": "model-1709374687", "map_size": [10, 10], "reset": 113, "box_near_goal": 0.2632062177800949, "box_close_goal": 0.40449803904112247, "box_move_reward": -0.7520013251192152, "box_goal_reward": -0.533611861591271, "box_player_reward": 0.06191071819481064, "final_player_reward": -0.06254899199188468, "preform_step": -0.5013170600530541, "win_reward": 197, "invalid_move_reward": -4.570137179452596, "max_invalid_move_reset": 10, "model_type": "DQN", "policy": "MlpPolicy", "folder_path_for_models": "models-tone", "model_performance": 7.564102564102564}