{"learning_rate": 0.016224702655542073, "net_arch": {"pi": [404, 763, 980, 84, 800, 744], "vf": [748, 952, 493, 811, 564]}, "net_arch_dqn": [886, 313, 911, 909, 947, 1010], "batch_size": 256, "model_name": "model-1709628698", "map_size": [10, 10], "reset": 52, "box_near_goal": 0.46657002116436863, "box_close_goal": 0.5444805961496455, "box_move_reward": -0.2921512669438817, "box_goal_reward": -0.9837340454767494, "box_player_reward": -0.7299454142880788, "final_player_reward": 0.6508534234259287, "preform_step": 0.4884078931437581, "win_reward": 62, "invalid_move_reward": -12.664879233849415, "no_win_reward": -13.726679961992934, "model_type": "PPO", "policy": "MlpPolicy", "folder_path_for_models": "models-tone", "model_performance": 2.7777777777777777}