{"learning_rate": 0.007754324266469741, "net_arch": {"pi": [604, 600, 865, 999, 666], "vf": [537]}, "net_arch_dqn": [94, 632, 904, 704], "batch_size": 256, "model_name": "model-1709626833", "map_size": [10, 10], "reset": 184, "box_near_goal": 0.8881360204479326, "box_close_goal": 0.3341380308983516, "box_move_reward": 0.04027932016721536, "box_goal_reward": 0.29158646919277964, "box_player_reward": -0.540796961120904, "final_player_reward": -0.740948123826378, "preform_step": 0.42056213272620036, "win_reward": 200, "invalid_move_reward": -3.849414719714808, "no_win_reward": -16.83935576279078, "model_type": "DQN", "policy": "MlpPolicy", "folder_path_for_models": "models-tone", "model_performance": 0}