{"learning_rate": 0.01414187817441405, "net_arch": {"pi": [830], "vf": [722]}, "net_arch_dqn": [259, 899, 432], "batch_size": 32, "model_name": "model-1709625481", "map_size": [10, 10], "reset": 198, "box_near_goal": 0.08728923368389996, "box_close_goal": 0.8213281058343584, "box_move_reward": -0.31055506584383696, "box_goal_reward": -0.8511563312848007, "box_player_reward": -0.0063745695101034006, "final_player_reward": 0.23730684135082636, "preform_step": 0.21367554958539325, "win_reward": 51, "invalid_move_reward": -18.302071318283236, "no_win_reward": -2.0268443319274745, "model_type": "DQN", "policy": "MlpPolicy", "folder_path_for_models": "models-tone", "model_performance": 1.3888888888888888}