{"learning_rate": 0.03804391558073376, "net_arch": {"pi": [781, 821, 699], "vf": [690, 123, 74]}, "net_arch_dqn": [749, 756, 526], "batch_size": 32, "model_name": "model-1709666582", "map_size": [10, 10], "reset": 54, "box_near_goal": 0.5205094050504808, "box_close_goal": 0.584331354793821, "box_move_reward": -0.9216766961161798, "box_goal_reward": -0.9072115628334481, "box_player_reward": 0.6129266102261457, "final_player_reward": 0.2685160473174628, "preform_step": -0.7454345276862848, "win_reward": 133, "invalid_move_reward": -10.759305872680313, "no_win_reward": -6.543591741585848, "model_type": "PPO", "policy": "MlpPolicy", "folder_path_for_models": "models-tone", "model_performance": 2.7777777777777777}