{"learning_rate": 0.06566787358095325, "net_arch": {"pi": [1002, 294, 239, 963], "vf": [567, 776, 714, 770, 91]}, "net_arch_dqn": [194, 495], "batch_size": 32, "model_name": "model-1709345294", "map_size": [10, 10], "reset": 68, "box_near_goal": 0.6625267278010869, "box_close_goal": 0.09393556359688293, "box_move_reward": -0.49572653961755786, "box_goal_reward": -0.6862426978535185, "box_player_reward": -0.8464315355146874, "final_player_reward": -0.48744013813769116, "preform_step": 0.32031902423532865, "win_reward": 156, "invalid_move_reward": -1.4615377281472206, "max_invalid_move_reset": 18, "model_type": "PPO", "policy": "MlpPolicy", "folder_path_for_models": "models-tone", "model_performance": 0}