{"learning_rate": 0.09094727192673728, "net_arch": {"pi": [423], "vf": [902, 569, 433, 565, 817]}, "net_arch_dqn": [798, 69, 890, 863], "batch_size": 128, "model_name": "model-1709651655", "map_size": [10, 10], "reset": 79, "box_near_goal": 0.6680916515864871, "box_close_goal": 0.46412889313408245, "box_move_reward": -0.06933735221588044, "box_goal_reward": -0.6608571961728142, "box_player_reward": 0.2933579633903747, "final_player_reward": 0.9920470222672229, "preform_step": 0.14618184238319332, "win_reward": 98, "invalid_move_reward": -14.295251978787576, "no_win_reward": -15.001140216006352, "model_type": "PPO", "policy": "MlpPolicy", "folder_path_for_models": "models-tone", "model_performance": 0}