{"learning_rate": 0.07463466075981975, "net_arch": {"pi": [529], "vf": [766, 344, 334, 96]}, "net_arch_dqn": [201, 730], "batch_size": 128, "model_name": "model-1709395293", "map_size": [10, 10], "reset": 102, "box_near_goal": 0.8079286267521617, "box_close_goal": 0.12954169418307038, "box_move_reward": -0.07025234036550132, "box_goal_reward": 0.931218024732839, "box_player_reward": 0.5063316536894444, "final_player_reward": -0.029533645246728968, "preform_step": 0.07159210280437334, "win_reward": 163, "invalid_move_reward": -0.86567644578707, "max_invalid_move_reset": 6, "model_type": "PPO", "policy": "MlpPolicy", "folder_path_for_models": "models-tone", "model_performance": 42.26558033161807}