{"learning_rate": 0.01097673038135973, "net_arch": {"pi": [807, 337, 413], "vf": [733, 889, 1014, 910, 295]}, "net_arch_dqn": [736, 453, 98], "batch_size": 256, "model_name": "model-1709367519", "map_size": [10, 10], "reset": 84, "box_near_goal": 0.4446361057429793, "box_close_goal": 0.04118963817149757, "box_move_reward": -0.8793303352558024, "box_goal_reward": -0.4305817150099327, "box_player_reward": -0.0019738327182978743, "final_player_reward": -0.18028934886460135, "preform_step": 0.3770671321960697, "win_reward": 50, "invalid_move_reward": -3.854934207406565, "max_invalid_move_reset": 5, "model_type": "DQN", "policy": "MlpPolicy", "folder_path_for_models": "models-tone", "model_performance": 103.05555555555556}