{"learning_rate": 0.09934717502814841, "net_arch": {"pi": [262, 310, 882], "vf": [834, 733, 686, 555]}, "net_arch_dqn": [231], "batch_size": 256, "model_name": "model-1709392660", "map_size": [10, 10], "reset": 184, "box_near_goal": 0.3165549178758581, "box_close_goal": 0.3465760198740393, "box_move_reward": -0.6605514408324205, "box_goal_reward": -0.8935309615890266, "box_player_reward": 0.5562027370079596, "final_player_reward": 0.2757538561342432, "preform_step": -0.6834796060519996, "win_reward": 146, "invalid_move_reward": -8.352024665076627, "max_invalid_move_reset": 10, "model_type": "PPO", "policy": "MlpPolicy", "folder_path_for_models": "models-tone", "model_performance": 109.14319111630626}