{"learning_rate": 0.03627602053393983, "net_arch": {"pi": [658, 745, 697, 74], "vf": [555, 375, 662]}, "net_arch_dqn": [529, 177], "batch_size": 256, "model_name": "model-1709403238", "map_size": [10, 10], "reset": 149, "box_near_goal": 0.6585005122820987, "box_close_goal": 0.6047245415013309, "box_move_reward": -0.7900848686425361, "box_goal_reward": -0.15651004107855782, "box_player_reward": 0.8154693280502328, "final_player_reward": 0.6289245840221047, "preform_step": -0.46023152640895426, "win_reward": 90, "invalid_move_reward": -4.406510221264799, "max_invalid_move_reset": 6, "model_type": "PPO", "policy": "MlpPolicy", "folder_path_for_models": "models-tone", "model_performance": 0}