{"learning_rate": 0.08073266538253322, "net_arch": {"pi": [679, 814, 937, 99, 536], "vf": [933]}, "net_arch_dqn": [660, 618, 998], "batch_size": 32, "model_name": "model-1709660366", "map_size": [10, 10], "reset": 185, "box_near_goal": 0.7775576517533592, "box_close_goal": 0.6123064716200493, "box_move_reward": 0.4357563765005039, "box_goal_reward": 0.2257913069592088, "box_player_reward": 0.6930815963591197, "final_player_reward": 0.4228851418494517, "preform_step": -0.1545224474481912, "win_reward": 143, "invalid_move_reward": -3.145378964639196, "no_win_reward": -5.398146914866906, "model_type": "DQN", "policy": "MlpPolicy", "folder_path_for_models": "models-tone", "model_performance": 2.7777777777777777}