{"learning_rate": 0.03051803076398955, "net_arch": {"pi": [245, 79], "vf": [902, 951]}, "net_arch_dqn": [224, 556], "batch_size": 32, "model_name": "model-1709665104", "map_size": [10, 10], "reset": 70, "box_near_goal": 0.057918435858096196, "box_close_goal": 0.16922022826306438, "box_move_reward": -0.5209422391388385, "box_goal_reward": 0.9995350171548263, "box_player_reward": -0.8006131836661636, "final_player_reward": -0.6424442222144926, "preform_step": -0.6005421257823536, "win_reward": 183, "invalid_move_reward": -4.075958268869005, "no_win_reward": -3.1323204910158395, "model_type": "DQN", "policy": "MlpPolicy", "folder_path_for_models": "models-tone", "model_performance": 0}