{"learning_rate": 0.06464396892830156, "net_arch": {"pi": [556], "vf": [754, 167, 797, 476, 193, 792, 177]}, "net_arch_dqn": [120, 624, 962, 911], "batch_size": 32, "model_name": "model-1709656735", "map_size": [10, 10], "reset": 167, "box_near_goal": 0.868017430782284, "box_close_goal": 0.7788541428469383, "box_move_reward": 0.8319376181452769, "box_goal_reward": 0.0012553748946684262, "box_player_reward": -0.15950759967451167, "final_player_reward": 0.700714314178648, "preform_step": -0.10799749650517576, "win_reward": 162, "invalid_move_reward": -2.3568917585843536, "no_win_reward": -15.871502598184072, "model_type": "PPO", "policy": "MlpPolicy", "folder_path_for_models": "models-tone", "model_performance": 0}