{"learning_rate": 0.02356649303401201, "net_arch": {"pi": [421], "vf": [441, 616]}, "net_arch_dqn": [148, 258, 746, 893], "batch_size": 64, "model_name": "model-1709634740", "map_size": [10, 10], "reset": 193, "box_near_goal": 0.24577931793515984, "box_close_goal": 0.5786685152952702, "box_move_reward": 0.05108101907001816, "box_goal_reward": 0.4322387357369779, "box_player_reward": 0.5802020647962229, "final_player_reward": -0.05859737378385632, "preform_step": -0.970639412082936, "win_reward": 150, "invalid_move_reward": -17.31542532810821, "no_win_reward": -15.742449681399894, "model_type": "DQN", "policy": "MlpPolicy", "folder_path_for_models": "models-tone", "model_performance": 2.7777777777777777}