{"learning_rate": 0.049136892447616196, "net_arch": {"pi": [377], "vf": [543, 461]}, "net_arch_dqn": [764, 245, 794], "batch_size": 64, "model_name": "model-1709389036", "map_size": [10, 10], "reset": 80, "box_near_goal": 0.9133082528693484, "box_close_goal": 0.985020008830168, "box_move_reward": 0.7085656809431058, "box_goal_reward": 0.9406956322228845, "box_player_reward": 0.9681215627857167, "final_player_reward": -0.3044466523576095, "preform_step": 0.6117289968990947, "win_reward": 50, "invalid_move_reward": -9.418243905137604, "max_invalid_move_reset": 16, "model_type": "PPO", "policy": "MlpPolicy", "folder_path_for_models": "models-tone", "model_performance": 0}