{"learning_rate": 0.0010596039447713563, "net_arch": {"pi": [83, 456], "vf": [789, 787, 950, 363, 219]}, "net_arch_dqn": [67, 371, 674], "batch_size": 32, "model_name": "model-1709658910", "map_size": [10, 10], "reset": 157, "box_near_goal": 0.2833278649263402, "box_close_goal": 0.9092715039686632, "box_move_reward": -0.5861318709829078, "box_goal_reward": 0.9580030541576301, "box_player_reward": 0.44402015161026953, "final_player_reward": -0.6728645274185219, "preform_step": -0.480512711397165, "win_reward": 174, "invalid_move_reward": -14.506695971541443, "no_win_reward": -17.119672065757467, "model_type": "PPO", "policy": "MlpPolicy", "folder_path_for_models": "models-tone", "model_performance": 2.7777777777777777}