{"learning_rate": 0.07052492594291164, "net_arch": {"pi": [223], "vf": [1020, 705]}, "net_arch_dqn": [289], "batch_size": 64, "model_name": "model-1709353210", "map_size": [10, 10], "reset": 162, "box_near_goal": 0.9441499507354278, "box_close_goal": 0.09648023553470897, "box_move_reward": 0.569027084972183, "box_goal_reward": -0.03265957202695824, "box_player_reward": 0.4653196292297226, "final_player_reward": -0.002622177955654559, "preform_step": -0.3004520634072141, "win_reward": 93, "invalid_move_reward": -18.53240600544922, "max_invalid_move_reset": 10, "model_type": "PPO", "policy": "MlpPolicy", "folder_path_for_models": "models-tone", "model_performance": 0}