{"learning_rate": 0.01028540073061364, "net_arch": {"pi": [256, 934, 884, 71], "vf": [550, 615]}, "net_arch_dqn": [911], "batch_size": 64, "model_name": "model-1709344039", "map_size": [10, 10], "reset": 83, "box_near_goal": 0.2580304333235417, "box_close_goal": 0.6867297876455283, "box_move_reward": -0.6773456128219852, "box_goal_reward": 0.509104611848789, "box_player_reward": 0.8688367541812212, "final_player_reward": 0.2751740145324768, "preform_step": -0.9612379015818111, "win_reward": 164, "invalid_move_reward": -9.647706671249825, "max_invalid_move_reset": 9, "model_type": "PPO", "policy": "MlpPolicy", "folder_path_for_models": "models-tone", "model_performance": 0}