{"learning_rate": 0.03957070055882561, "net_arch": {"pi": [929, 745, 915, 527, 602], "vf": [964]}, "net_arch_dqn": [468, 984, 467, 130, 142], "batch_size": 128, "model_name": "model-1709638782", "map_size": [10, 10], "reset": 199, "box_near_goal": 0.3785371754923563, "box_close_goal": 0.17888121161329573, "box_move_reward": 0.4541306452670446, "box_goal_reward": 0.7093372183693423, "box_player_reward": -0.2855903836867899, "final_player_reward": 0.47288604859867944, "preform_step": 0.9281227788945863, "win_reward": 118, "invalid_move_reward": -0.3876740266513288, "no_win_reward": -2.528951248239185, "model_type": "DQN", "policy": "MlpPolicy", "folder_path_for_models": "models-tone", "model_performance": 2.7777777777777777}