{"learning_rate": 0.08642244365072946, "net_arch": {"pi": [772, 488, 129], "vf": [118, 488]}, "net_arch_dqn": [214, 593, 81], "batch_size": 256, "model_name": "model-1709359837", "map_size": [10, 10], "reset": 102, "box_near_goal": 0.3501050181134874, "box_close_goal": 0.03551624318614366, "box_move_reward": 0.14863093603398658, "box_goal_reward": 0.02143655871951844, "box_player_reward": 0.676980935031509, "final_player_reward": -0.4262501393869653, "preform_step": 0.8056484619413051, "win_reward": 117, "invalid_move_reward": -15.184558018930687, "max_invalid_move_reset": 8, "model_type": "DQN", "policy": "MlpPolicy", "folder_path_for_models": "models-tone", "model_performance": 35.97222222222222}