{"learning_rate": 0.08245684964123474, "net_arch": {"pi": [419, 163, 951, 921], "vf": [334]}, "net_arch_dqn": [546], "batch_size": 128, "model_name": "model-1709342517", "map_size": [10, 10], "reset": 79, "box_near_goal": 0.9196182643591353, "box_close_goal": 0.6121900948230331, "box_move_reward": 0.7238353915430848, "box_goal_reward": 0.9676432354567328, "box_player_reward": -0.23846729825554935, "final_player_reward": -0.8723046757078734, "preform_step": -0.8744410120478594, "win_reward": 146, "invalid_move_reward": -15.73752234972038, "max_invalid_move_reset": 20, "model_type": "PPO", "policy": "MlpPolicy", "folder_path_for_models": "models-tone", "model_performance": 0}