{"learning_rate": 0.0614927824998485, "net_arch": {"pi": [243], "vf": [660]}, "net_arch_dqn": [569, 1020], "batch_size": 256, "model_name": "model-1709405420", "map_size": [10, 10], "reset": 166, "box_near_goal": 0.12895256554975776, "box_close_goal": 0.9509738941110799, "box_move_reward": -0.8146458931176972, "box_goal_reward": -0.925354663721762, "box_player_reward": 0.18512794113819075, "final_player_reward": -0.07851220969999284, "preform_step": 0.21413597226668002, "win_reward": 59, "invalid_move_reward": -17.488737645497558, "max_invalid_move_reset": 9, "model_type": "PPO", "policy": "MlpPolicy", "folder_path_for_models": "models-tone", "model_performance": 0}