{"learning_rate": 0.08657978974537398, "net_arch": {"pi": [223], "vf": [784, 252]}, "net_arch_dqn": [410], "batch_size": 128, "model_name": "model-1709646829", "map_size": [10, 10], "reset": 93, "box_near_goal": 0.19638625655746267, "box_close_goal": 0.1849416906269522, "box_move_reward": -0.4944804088075201, "box_goal_reward": 0.5939473474022114, "box_player_reward": -0.3773526124828084, "final_player_reward": -0.8465653494025427, "preform_step": 0.0986281247167895, "win_reward": 194, "invalid_move_reward": -18.363859182948875, "no_win_reward": -14.333682624863002, "model_type": "PPO", "policy": "MlpPolicy", "folder_path_for_models": "models-tone", "model_performance": 0}