{"learning_rate": 0.037607070532400075, "net_arch": {"pi": [718, 987, 809, 489], "vf": [694, 253]}, "net_arch_dqn": [70], "batch_size": 32, "model_name": "model-1709362281", "map_size": [10, 10], "reset": 65, "box_near_goal": 0.2618958148897994, "box_close_goal": 0.9248607380089726, "box_move_reward": 0.058134017330251364, "box_goal_reward": -0.18992288449351524, "box_player_reward": -0.6828834827403438, "final_player_reward": -0.5317647175434119, "preform_step": -0.3169122581147539, "win_reward": 159, "invalid_move_reward": -16.3566325195441, "max_invalid_move_reset": 19, "model_type": "DQN", "policy": "MlpPolicy", "folder_path_for_models": "models-tone", "model_performance": 34.72222222222222}