{"learning_rate": 0.027004992806582823, "net_arch": {"pi": [172, 666], "vf": [711, 523, 119]}, "net_arch_dqn": [802, 95, 262], "batch_size": 256, "model_name": "model-1709434275", "map_size": [10, 10], "reset": 88, "box_near_goal": 0.9180333597495892, "box_close_goal": 0.3882261822856461, "box_move_reward": 0.43062208794730483, "box_goal_reward": -0.9096829912833175, "box_player_reward": 0.28384874058749565, "final_player_reward": 0.5508289746383734, "preform_step": -0.8218443002805937, "win_reward": 79, "invalid_move_reward": -0.17277670849949445, "max_invalid_move_reset": 20, "model_type": "DQN", "policy": "MlpPolicy", "folder_path_for_models": "models-tone", "model_performance": 111.11111111111111}