{"learning_rate": 0.09674903753569762, "net_arch": {"pi": [800, 524], "vf": [566, 308]}, "net_arch_dqn": [86, 163], "batch_size": 128, "model_name": "model-1709632878", "map_size": [10, 10], "reset": 106, "box_near_goal": 0.39138891364374484, "box_close_goal": 0.7911598699634721, "box_move_reward": -0.31703826108263566, "box_goal_reward": 0.6610454076076839, "box_player_reward": -0.6240412567200277, "final_player_reward": -0.8112721999005492, "preform_step": -0.38855446219334433, "win_reward": 105, "invalid_move_reward": -11.542148810499713, "no_win_reward": -12.847477199929047, "model_type": "PPO", "policy": "MlpPolicy", "folder_path_for_models": "models-tone", "model_performance": 2.7777777777777777}