{"learning_rate": 0.07889209163610414, "net_arch": {"pi": [209, 130, 671], "vf": [669, 358, 144]}, "net_arch_dqn": [596], "batch_size": 64, "model_name": "model-1709624645", "map_size": [10, 10], "reset": 78, "box_near_goal": 0.04674089771191381, "box_close_goal": 0.4707596465240471, "box_move_reward": 0.6047843769845813, "box_goal_reward": 0.6646243464958026, "box_player_reward": -0.573930304573181, "final_player_reward": 0.4196961058892046, "preform_step": 0.34001896507265905, "win_reward": 106, "invalid_move_reward": -10.11407649128934, "no_win_reward": -8.47148042793201, "model_type": "PPO", "policy": "MlpPolicy", "folder_path_for_models": "models-tone", "model_performance": 0}