{"learning_rate": 0.08553173938876905, "net_arch": {"pi": [619, 582, 655, 858], "vf": [762, 190, 921, 948, 291]}, "net_arch_dqn": [502, 258, 551, 286], "batch_size": 128, "model_name": "model-1709628906", "map_size": [10, 10], "reset": 113, "box_near_goal": 0.6799364480939809, "box_close_goal": 0.9532639526099894, "box_move_reward": -0.47425368403249935, "box_goal_reward": 0.23812509559486172, "box_player_reward": 0.42824598340538533, "final_player_reward": -0.6443524170675838, "preform_step": -0.6432153353516148, "win_reward": 105, "invalid_move_reward": -4.870280689571008, "no_win_reward": -15.015373682337723, "model_type": "DQN", "policy": "MlpPolicy", "folder_path_for_models": "models-tone", "model_performance": 1.3888888888888888}