{"learning_rate": 0.021302860285732778, "net_arch": {"pi": [970, 471, 521, 679, 75], "vf": [866, 537, 426]}, "net_arch_dqn": [838, 596, 770, 286, 558], "batch_size": 64, "model_name": "model-1709636407", "map_size": [10, 10], "reset": 172, "box_near_goal": 0.10367296795554426, "box_close_goal": 0.018173574000754145, "box_move_reward": -0.037270601569853845, "box_goal_reward": -0.29378738694453954, "box_player_reward": -0.8216589547618232, "final_player_reward": 0.5534364083096652, "preform_step": -0.6279950457546399, "win_reward": 198, "invalid_move_reward": -15.753217526336812, "no_win_reward": -15.317923469682631, "model_type": "PPO", "policy": "MlpPolicy", "folder_path_for_models": "models-tone", "model_performance": 0}