{"learning_rate": 0.06946682360039913, "net_arch": {"pi": [273, 977], "vf": [363, 955, 88, 443, 500]}, "net_arch_dqn": [410, 536, 931, 468, 91], "batch_size": 256, "model_name": "model-1709387013", "map_size": [10, 10], "reset": 191, "box_near_goal": 0.02426952357782719, "box_close_goal": 0.31353138624228283, "box_move_reward": -0.8986227869982404, "box_goal_reward": 0.6437820936946992, "box_player_reward": 0.6016517433484392, "final_player_reward": -0.10687566242230528, "preform_step": -0.4524312429612236, "win_reward": 62, "invalid_move_reward": -18.569359475126966, "max_invalid_move_reset": 17, "model_type": "PPO", "policy": "MlpPolicy", "folder_path_for_models": "models-tone", "model_performance": 0}