{"learning_rate": 0.016112021441620595, "net_arch": {"pi": [646, 138, 637], "vf": [150, 992, 149, 458, 966]}, "net_arch_dqn": [154], "batch_size": 128, "model_name": "model-1709644873", "map_size": [10, 10], "reset": 148, "box_near_goal": 0.7859837047271016, "box_close_goal": 0.9193639901512792, "box_move_reward": 0.5955902511438183, "box_goal_reward": 0.8663838475528023, "box_player_reward": 0.6960332994207092, "final_player_reward": 0.34846694169607884, "preform_step": 0.696637889243009, "win_reward": 84, "invalid_move_reward": -9.20762687220571, "no_win_reward": -10.272673351671536, "model_type": "PPO", "policy": "MlpPolicy", "folder_path_for_models": "models-tone", "model_performance": 0}