{"learning_rate": 0.06261884299120588, "net_arch": {"pi": [695, 159], "vf": [466, 334, 653, 963]}, "net_arch_dqn": [106, 406, 462], "batch_size": 32, "model_name": "model-1709400782", "map_size": [10, 10], "reset": 58, "box_near_goal": 0.7325268589921894, "box_close_goal": 0.6139593316978775, "box_move_reward": 0.1894293850154256, "box_goal_reward": -0.4325674099998227, "box_player_reward": -0.38417881163842993, "final_player_reward": 0.11340726901752585, "preform_step": 0.13405994377234087, "win_reward": 86, "invalid_move_reward": -12.026383101944706, "max_invalid_move_reset": 7, "model_type": "PPO", "policy": "MlpPolicy", "folder_path_for_models": "models-tone", "model_performance": 0}