{"learning_rate": 0.07645336265310179, "net_arch": {"pi": [236, 133, 784, 688], "vf": [635, 677, 782]}, "net_arch_dqn": [1016, 102, 125], "batch_size": 128, "model_name": "model-1709635133", "map_size": [10, 10], "reset": 51, "box_near_goal": 0.16153083427962334, "box_close_goal": 0.48981910426111697, "box_move_reward": -0.6978249249821249, "box_goal_reward": 0.7814774468032051, "box_player_reward": 0.022852072354057507, "final_player_reward": 0.6247718366460973, "preform_step": 0.3036627202323421, "win_reward": 175, "invalid_move_reward": -6.320726763108539, "no_win_reward": -19.154099070076956, "model_type": "PPO", "policy": "MlpPolicy", "folder_path_for_models": "models-tone", "model_performance": 0}