{"learning_rate": 0.07194801251240547, "net_arch": {"pi": [96], "vf": [445, 980]}, "net_arch_dqn": [591, 442, 555], "batch_size": 256, "model_name": "model-1709402253", "map_size": [10, 10], "reset": 52, "box_near_goal": 0.3749069155507634, "box_close_goal": 0.20768118895247523, "box_move_reward": 0.10810994738968183, "box_goal_reward": -0.6072814192753528, "box_player_reward": 0.6557077091821455, "final_player_reward": 0.6462875392762519, "preform_step": 0.8683233443143705, "win_reward": 76, "invalid_move_reward": -14.855008478325287, "max_invalid_move_reset": 20, "model_type": "DQN", "policy": "MlpPolicy", "folder_path_for_models": "models-tone", "model_performance": 15.88888888888889}