{"learning_rate": 0.09950443942917327, "net_arch": {"pi": [435, 202, 903, 473], "vf": [897, 436, 499, 789]}, "net_arch_dqn": [164, 120, 937], "batch_size": 32, "model_name": "model-1709385213", "map_size": [10, 10], "reset": 70, "box_near_goal": 0.711445778281194, "box_close_goal": 0.2343968587169628, "box_move_reward": 0.20348589568772724, "box_goal_reward": 0.502117953199952, "box_player_reward": -0.8810092304411266, "final_player_reward": -0.5240961032733364, "preform_step": -0.6862640958918218, "win_reward": 182, "invalid_move_reward": -11.697108849639148, "max_invalid_move_reset": 18, "model_type": "PPO", "policy": "MlpPolicy", "folder_path_for_models": "models-tone", "model_performance": 100.0}