{"learning_rate": 0.03800830791018072, "net_arch": {"pi": [309, 902, 895, 647, 369], "vf": [212]}, "net_arch_dqn": [225], "batch_size": 32, "model_name": "model-1709396691", "map_size": [10, 10], "reset": 199, "box_near_goal": 0.6961025505703308, "box_close_goal": 0.7125152754219916, "box_move_reward": -0.8576871258354055, "box_goal_reward": 0.31070567799032633, "box_player_reward": 0.9044770388693018, "final_player_reward": -0.25198233311737983, "preform_step": 0.2700304246336993, "win_reward": 138, "invalid_move_reward": -5.732846905875968, "max_invalid_move_reset": 20, "model_type": "PPO", "policy": "MlpPolicy", "folder_path_for_models": "models-tone", "model_performance": 0}