{"learning_rate": 0.007562995431137894, "net_arch": {"pi": [448, 855, 458], "vf": [156, 870, 449]}, "net_arch_dqn": [295, 600, 504, 887, 183], "batch_size": 32, "model_name": "model-1709392265", "map_size": [10, 10], "reset": 169, "box_near_goal": 0.765902737215362, "box_close_goal": 0.615768080212842, "box_move_reward": 0.7049394714290793, "box_goal_reward": 0.5945049915944847, "box_player_reward": -0.08761881730866072, "final_player_reward": 0.25064146315117664, "preform_step": 0.1935517867099945, "win_reward": 82, "invalid_move_reward": -3.39760923836128, "max_invalid_move_reset": 14, "model_type": "PPO", "policy": "MlpPolicy", "folder_path_for_models": "models-tone", "model_performance": 0}