{"learning_rate": 0.0625046692459061, "net_arch": {"pi": [862, 78, 931, 179], "vf": [698, 425, 862, 808]}, "net_arch_dqn": [346], "batch_size": 32, "model_name": "model-1709654526", "map_size": [10, 10], "reset": 109, "box_near_goal": 0.24329261702860572, "box_close_goal": 0.8489126316384055, "box_move_reward": 0.8608992208575974, "box_goal_reward": -0.49997989335605597, "box_player_reward": -0.5842278222003936, "final_player_reward": 0.7065943111200301, "preform_step": 0.9290589837118761, "win_reward": 172, "invalid_move_reward": -3.5630400978901484, "no_win_reward": -16.77595174729398, "model_type": "DQN", "policy": "MlpPolicy", "folder_path_for_models": "models-tone", "model_performance": 2.7777777777777777}