{"learning_rate": 0.058816343343880674, "net_arch": {"pi": [294], "vf": [150]}, "net_arch_dqn": [266, 936, 785, 453], "batch_size": 64, "model_name": "model-1709430370", "map_size": [10, 10], "reset": 191, "box_near_goal": 0.23853872584858193, "box_close_goal": 0.7092739088145645, "box_move_reward": 0.08423516317888446, "box_goal_reward": -0.8139628896959867, "box_player_reward": 0.31255200400455085, "final_player_reward": 0.8867031973030481, "preform_step": -0.11511560124995457, "win_reward": 70, "invalid_move_reward": -10.626371875068163, "max_invalid_move_reset": 14, "model_type": "PPO", "policy": "MlpPolicy", "folder_path_for_models": "models-tone", "model_performance": 102.17391304347827}