{"learning_rate": 0.047275750855173444, "net_arch": {"pi": [277], "vf": [972, 259, 424, 956]}, "net_arch_dqn": [698, 103, 879, 114, 654], "batch_size": 64, "model_name": "model-1709346022", "map_size": [10, 10], "reset": 135, "box_near_goal": 0.6337406550942773, "box_close_goal": 0.6707866763153715, "box_move_reward": -0.3624534077678485, "box_goal_reward": 0.7308100394484964, "box_player_reward": 0.8129680129618733, "final_player_reward": -0.7942663699557797, "preform_step": 0.5170687929307012, "win_reward": 124, "invalid_move_reward": -17.72164035977278, "max_invalid_move_reset": 16, "model_type": "PPO", "policy": "MlpPolicy", "folder_path_for_models": "models-tone", "model_performance": 0}