{"learning_rate": 0.03530459461057694, "net_arch": {"pi": [238, 949], "vf": [896]}, "net_arch_dqn": [119, 240, 940, 466], "batch_size": 128, "model_name": "model-1709625196", "map_size": [10, 10], "reset": 150, "box_near_goal": 0.18561425821579636, "box_close_goal": 0.45851200792468816, "box_move_reward": -0.03886793892793361, "box_goal_reward": 0.47842953671224353, "box_player_reward": 0.13381591593073638, "final_player_reward": 0.927244915349213, "preform_step": -0.5195276084906784, "win_reward": 95, "invalid_move_reward": -17.204068498379495, "no_win_reward": -7.7301939837753935, "model_type": "DQN", "policy": "MlpPolicy", "folder_path_for_models": "models-tone", "model_performance": 2.7777777777777777}