{"learning_rate": 0.025553517108854024, "net_arch": {"pi": [98, 217], "vf": [607, 577]}, "net_arch_dqn": [618, 81, 1018, 411, 523], "batch_size": 64, "model_name": "model-1709349655", "map_size": [10, 10], "reset": 126, "box_near_goal": 0.5984672665124885, "box_close_goal": 0.8109764419709085, "box_move_reward": 0.8300105083420115, "box_goal_reward": -0.564853529709141, "box_player_reward": -0.9901832421776955, "final_player_reward": 0.18806661783029988, "preform_step": -0.8029539691718499, "win_reward": 90, "invalid_move_reward": -10.306328643163443, "max_invalid_move_reset": 15, "model_type": "DQN", "policy": "MlpPolicy", "folder_path_for_models": "models-tone", "model_performance": 6.694915254237289}