{"learning_rate": 0.007178556400148797, "net_arch": {"pi": [831, 377, 818, 689, 238], "vf": [276]}, "net_arch_dqn": [691], "batch_size": 64, "model_name": "model-1709647574", "map_size": [10, 10], "reset": 112, "box_near_goal": 0.5723528928206433, "box_close_goal": 0.220674668399644, "box_move_reward": 0.7925906795931532, "box_goal_reward": -0.5355354413801481, "box_player_reward": 0.5206672384136368, "final_player_reward": -0.4608017205452224, "preform_step": -0.43025858543941453, "win_reward": 88, "invalid_move_reward": -16.225714659422042, "no_win_reward": -5.818372512219252, "model_type": "PPO", "policy": "MlpPolicy", "folder_path_for_models": "models-tone", "model_performance": 4.166666666666666}