{"learning_rate": 0.09879172746024661, "net_arch": {"pi": [490, 937, 259], "vf": [132, 487, 837, 64]}, "net_arch_dqn": [204, 487, 982], "batch_size": 128, "model_name": "model-1709628319", "map_size": [10, 10], "reset": 138, "box_near_goal": 0.008625631748362839, "box_close_goal": 0.9680847344464455, "box_move_reward": 0.29282123004505056, "box_goal_reward": -0.04272558888531042, "box_player_reward": 0.8047446061984258, "final_player_reward": 0.30892106159242694, "preform_step": -0.7446584672719543, "win_reward": 72, "invalid_move_reward": -1.4152506798167117, "no_win_reward": -0.664584272267966, "model_type": "PPO", "policy": "MlpPolicy", "folder_path_for_models": "models-tone", "model_performance": 0}