{"learning_rate": 0.059394274913967246, "net_arch": {"pi": [439, 473, 878, 789, 83, 981, 514], "vf": [368, 840]}, "net_arch_dqn": [72, 506, 243], "batch_size": 64, "model_name": "model-1709655245", "map_size": [10, 10], "reset": 83, "box_near_goal": 0.6038186756783493, "box_close_goal": 0.6142715612280076, "box_move_reward": 0.6564352857736759, "box_goal_reward": 0.3432638500977305, "box_player_reward": 0.6211469813637387, "final_player_reward": 0.7464280139928614, "preform_step": 0.9174472993806255, "win_reward": 61, "invalid_move_reward": -10.887678509669747, "no_win_reward": -2.4401970325402047, "model_type": "PPO", "policy": "MlpPolicy", "folder_path_for_models": "models-tone", "model_performance": 2.7777777777777777}