{"learning_rate": 0.08802915893919251, "net_arch": {"pi": [183, 854, 518, 1020], "vf": [118]}, "net_arch_dqn": [87, 69, 223, 1010, 152], "batch_size": 64, "model_name": "model-1709434066", "map_size": [10, 10], "reset": 87, "box_near_goal": 0.8909676304563051, "box_close_goal": 0.1513351851066902, "box_move_reward": 0.4594753533379783, "box_goal_reward": -0.7927816547911111, "box_player_reward": -0.32731794604862463, "final_player_reward": 0.9214751719892558, "preform_step": -0.25652028730615895, "win_reward": 87, "invalid_move_reward": -19.565912816117258, "max_invalid_move_reset": 6, "model_type": "DQN", "policy": "MlpPolicy", "folder_path_for_models": "models-tone", "model_performance": 33.029556650246306}