{"learning_rate": 0.04379912757303395, "net_arch": {"pi": [90, 955, 84], "vf": [317, 748, 424]}, "net_arch_dqn": [807, 486, 524, 865], "batch_size": 128, "model_name": "model-1709358546", "map_size": [10, 10], "reset": 89, "box_near_goal": 0.636325753153941, "box_close_goal": 0.9225247933611496, "box_move_reward": 0.19320677336980974, "box_goal_reward": 0.34615685257315687, "box_player_reward": -0.4143699478302101, "final_player_reward": -0.1449571599674533, "preform_step": 0.7776910478252415, "win_reward": 126, "invalid_move_reward": -6.1508898984481775, "max_invalid_move_reset": 17, "model_type": "PPO", "policy": "MlpPolicy", "folder_path_for_models": "models-tone", "model_performance": 0}