{"learning_rate": 0.024136208994046466, "net_arch": {"pi": [428, 821, 270], "vf": [224, 562, 864, 611, 495]}, "net_arch_dqn": [1024], "batch_size": 32, "model_name": "model-1709649512", "map_size": [10, 10], "reset": 53, "box_near_goal": 0.7412151530884362, "box_close_goal": 0.8534000291422628, "box_move_reward": -0.20784228357143486, "box_goal_reward": -0.9901982094119999, "box_player_reward": 0.24306613604375404, "final_player_reward": 0.6441888738189974, "preform_step": 0.5846206680438573, "win_reward": 176, "invalid_move_reward": -0.5825653839899658, "no_win_reward": -9.441428186269466, "model_type": "PPO", "policy": "MlpPolicy", "folder_path_for_models": "models-tone", "model_performance": 2.7777777777777777}