{"learning_rate": 0.017414589395800442, "net_arch": {"pi": [883, 301, 1017, 850], "vf": [368, 163, 185, 392]}, "net_arch_dqn": [292, 587], "batch_size": 256, "model_name": "model-1709623630", "map_size": [10, 10], "reset": 145, "box_near_goal": 0.37121079751503816, "box_close_goal": 0.0680002640463786, "box_move_reward": 0.5665916334008108, "box_goal_reward": -0.8617146265144533, "box_player_reward": -0.39531446639186574, "final_player_reward": -0.18473485890990826, "preform_step": 0.9688694850338375, "win_reward": 159, "invalid_move_reward": -9.365486367611219, "no_win_reward": -0.8265391424955624, "model_type": "DQN", "policy": "MlpPolicy", "folder_path_for_models": "models-tone", "model_performance": 0}