{"learning_rate": 0.04094113317684922, "net_arch": {"pi": [391, 987, 711, 436], "vf": [919]}, "net_arch_dqn": [194, 697], "batch_size": 32, "model_name": "model-1709649148", "map_size": [10, 10], "reset": 129, "box_near_goal": 0.28512945141347457, "box_close_goal": 0.1807151249112534, "box_move_reward": -0.5666130882022946, "box_goal_reward": 0.2350111681042908, "box_player_reward": -0.36638699849051504, "final_player_reward": 0.6234240851983497, "preform_step": -0.9113623289114878, "win_reward": 77, "invalid_move_reward": -3.5427170681225775, "no_win_reward": -4.89816334972242, "model_type": "PPO", "policy": "MlpPolicy", "folder_path_for_models": "models-tone", "model_performance": 0}