{"learning_rate": 0.08303314999846911, "net_arch": {"pi": [588, 847], "vf": [594, 541, 1021, 708]}, "net_arch_dqn": [495, 751, 634], "batch_size": 256, "model_name": "model-1709663748", "map_size": [10, 10], "reset": 156, "box_near_goal": 0.12883163774907447, "box_close_goal": 0.053673964523117346, "box_move_reward": 0.02411585994158627, "box_goal_reward": -0.023744776550931768, "box_player_reward": -0.05173549549030265, "final_player_reward": 0.7095316208151388, "preform_step": 0.5213253977731913, "win_reward": 60, "invalid_move_reward": -11.56230754948314, "no_win_reward": -18.66590738917543, "model_type": "DQN", "policy": "MlpPolicy", "folder_path_for_models": "models-tone", "model_performance": 2.7777777777777777}