{"learning_rate": 0.021807878096540223, "net_arch": {"pi": [142, 917, 474, 807], "vf": [87]}, "net_arch_dqn": [910, 636], "batch_size": 32, "model_name": "model-1709357572", "map_size": [10, 10], "reset": 163, "box_near_goal": 0.9939177098971446, "box_close_goal": 0.35007518620868416, "box_move_reward": 0.5704413722743542, "box_goal_reward": 0.2664940150453643, "box_player_reward": 0.36527457403241526, "final_player_reward": 0.17295677080723504, "preform_step": 0.17654094342798476, "win_reward": 124, "invalid_move_reward": -11.458497789928009, "max_invalid_move_reset": 13, "model_type": "PPO", "policy": "MlpPolicy", "folder_path_for_models": "models-tone", "model_performance": 0}