{"learning_rate": 0.010021876350424194, "net_arch": {"pi": [527], "vf": [868, 153, 473]}, "net_arch_dqn": [341], "batch_size": 128, "model_name": "model-1709428822", "map_size": [10, 10], "reset": 80, "box_near_goal": 0.7125509551694682, "box_close_goal": 0.6165543739354911, "box_move_reward": 0.3903261195200325, "box_goal_reward": 0.7902748383497389, "box_player_reward": 0.023949325889748296, "final_player_reward": -0.41913355935775876, "preform_step": 0.02352715121175941, "win_reward": 53, "invalid_move_reward": -10.19446168913618, "max_invalid_move_reset": 18, "model_type": "DQN", "policy": "MlpPolicy", "folder_path_for_models": "models-tone", "model_performance": 0}