{"learning_rate": 0.08377378621789126, "net_arch": {"pi": [928, 415, 124], "vf": [839, 673, 644]}, "net_arch_dqn": [589, 670], "batch_size": 32, "model_name": "model-1709381735", "map_size": [10, 10], "reset": 178, "box_near_goal": 0.5788270312157958, "box_close_goal": 0.781647810737512, "box_move_reward": 0.8855770773081904, "box_goal_reward": 0.15387355726160767, "box_player_reward": 0.4295635178755306, "final_player_reward": 0.06491340316891026, "preform_step": -0.6772976598556473, "win_reward": 110, "invalid_move_reward": -19.69717074038677, "max_invalid_move_reset": 13, "model_type": "PPO", "policy": "MlpPolicy", "folder_path_for_models": "models-tone", "model_performance": 0}