{"learning_rate": 0.06707824449448146, "net_arch": {"pi": [931, 607, 683], "vf": [738]}, "net_arch_dqn": [504, 755, 119, 977], "batch_size": 128, "model_name": "model-1709381734", "map_size": [10, 10], "reset": 104, "box_near_goal": 0.9073647846568972, "box_close_goal": 0.13826967685246272, "box_move_reward": 0.16070128562170138, "box_goal_reward": -0.14134630512459134, "box_player_reward": 0.13667116348239228, "final_player_reward": -0.4598118478043276, "preform_step": 0.34594988065176135, "win_reward": 83, "invalid_move_reward": -9.166570381591923, "max_invalid_move_reset": 5, "model_type": "DQN", "policy": "MlpPolicy", "folder_path_for_models": "models-tone", "model_performance": 11.513157894736842}