{"learning_rate": 0.09611789285238023, "net_arch": {"pi": [382], "vf": [223, 817]}, "net_arch_dqn": [405], "batch_size": 64, "model_name": "model-1709352444", "map_size": [10, 10], "reset": 163, "box_near_goal": 0.20924889311724815, "box_close_goal": 0.09440199591122456, "box_move_reward": -0.4998283367431253, "box_goal_reward": -0.7631827923181584, "box_player_reward": -0.2275405135523183, "final_player_reward": -0.6595637098652116, "preform_step": -0.17461800881692224, "win_reward": 109, "invalid_move_reward": -19.867526994329022, "max_invalid_move_reset": 7, "model_type": "PPO", "policy": "MlpPolicy", "folder_path_for_models": "models-tone", "model_performance": 100.0}