{"learning_rate": 0.05319041703683014, "net_arch": {"pi": [871, 1005, 745, 794], "vf": [252]}, "net_arch_dqn": [573, 130, 131], "batch_size": 32, "model_name": "model-1709630217", "map_size": [10, 10], "reset": 110, "box_near_goal": 0.697817669739914, "box_close_goal": 0.840409374839321, "box_move_reward": 0.7914163510298564, "box_goal_reward": 0.3533087957988317, "box_player_reward": 0.5587479727636133, "final_player_reward": 0.7299277227440568, "preform_step": -0.7236045454857634, "win_reward": 197, "invalid_move_reward": -12.792829890136355, "no_win_reward": -11.587342773912997, "model_type": "PPO", "policy": "MlpPolicy", "folder_path_for_models": "models-tone", "model_performance": 0}