{"learning_rate": 0.07639154489916233, "net_arch": {"pi": [379, 255], "vf": [829]}, "net_arch_dqn": [308, 986, 732, 192], "batch_size": 32, "model_name": "model-1709379831", "map_size": [10, 10], "reset": 89, "box_near_goal": 0.5440816022667335, "box_close_goal": 0.6911172824276993, "box_move_reward": 0.9621819124392956, "box_goal_reward": 0.8261422195040073, "box_player_reward": 0.8479752295082188, "final_player_reward": -0.2962341635385526, "preform_step": -0.3551205965606117, "win_reward": 51, "invalid_move_reward": -10.068237246363399, "max_invalid_move_reset": 5, "model_type": "DQN", "policy": "MlpPolicy", "folder_path_for_models": "models-tone", "model_performance": 57.472943722943725}