{"learning_rate": 0.005891939181480046, "net_arch": {"pi": [581, 151, 127], "vf": [178, 676, 584, 224]}, "net_arch_dqn": [926, 729], "batch_size": 256, "model_name": "model-1709433585", "map_size": [10, 10], "reset": 53, "box_near_goal": 0.7264223368772488, "box_close_goal": 0.3482722986356225, "box_move_reward": -0.6468054816945688, "box_goal_reward": -0.7554892114558744, "box_player_reward": -0.14415915413787062, "final_player_reward": -0.9687636837444267, "preform_step": 0.6168260265233891, "win_reward": 96, "invalid_move_reward": -16.257289560231943, "max_invalid_move_reset": 16, "model_type": "PPO", "policy": "MlpPolicy", "folder_path_for_models": "models-tone", "model_performance": 105.20833333333333}