{"learning_rate": 0.054173164545150254, "net_arch": {"pi": [310, 853], "vf": [331, 185, 329]}, "net_arch_dqn": [479, 72, 301], "batch_size": 32, "model_name": "model-1709363968", "map_size": [10, 10], "reset": 163, "box_near_goal": 0.5549587073184779, "box_close_goal": 0.5193719834197221, "box_move_reward": 0.3291165502420299, "box_goal_reward": 0.8292151143619217, "box_player_reward": 0.06939915645196049, "final_player_reward": -0.14305281981444917, "preform_step": 0.9808049881485092, "win_reward": 164, "invalid_move_reward": -0.2557980228683405, "max_invalid_move_reset": 19, "model_type": "PPO", "policy": "MlpPolicy", "folder_path_for_models": "models-tone", "model_performance": 0}