{"learning_rate": 0.07141474794749653, "net_arch": {"pi": [809, 398, 632, 126, 910], "vf": [740, 944]}, "net_arch_dqn": [727, 550, 91, 671, 522, 669], "batch_size": 128, "model_name": "model-1709626659", "map_size": [10, 10], "reset": 82, "box_near_goal": 0.831516109385604, "box_close_goal": 0.3953990283526857, "box_move_reward": 0.12568130412716338, "box_goal_reward": 0.03607364891375897, "box_player_reward": 0.683161849172778, "final_player_reward": -0.7449028523884398, "preform_step": 0.46530956951867974, "win_reward": 136, "invalid_move_reward": -15.088830670470468, "no_win_reward": -16.457852855175183, "model_type": "PPO", "policy": "MlpPolicy", "folder_path_for_models": "models-tone", "model_performance": 4.166666666666666}