{"learning_rate": 0.07590290656948631, "net_arch": {"pi": [515], "vf": [294, 708, 683]}, "net_arch_dqn": [519, 87], "batch_size": 32, "model_name": "model-1709626271", "map_size": [10, 10], "reset": 125, "box_near_goal": 0.9628765593144841, "box_close_goal": 0.6517826439655401, "box_move_reward": 0.7747746762685701, "box_goal_reward": 0.9098917544629821, "box_player_reward": 0.013307145970153922, "final_player_reward": -0.9475596430658881, "preform_step": 0.5775611630436008, "win_reward": 54, "invalid_move_reward": -15.02217311457036, "no_win_reward": -15.008391173237586, "model_type": "DQN", "policy": "MlpPolicy", "folder_path_for_models": "models-tone", "model_performance": 0}