{"learning_rate": 0.042397598127287585, "net_arch": {"pi": [522, 192, 386, 775, 138], "vf": [432, 102, 594, 71]}, "net_arch_dqn": [583], "batch_size": 32, "model_name": "model-1709365154", "map_size": [10, 10], "reset": 188, "box_near_goal": 0.947464708380831, "box_close_goal": 0.7476289339004064, "box_move_reward": -0.8780693553584273, "box_goal_reward": -0.7421937384929702, "box_player_reward": -0.346007500971691, "final_player_reward": 0.4482442109979503, "preform_step": -0.6270258140298739, "win_reward": 80, "invalid_move_reward": -15.565051091982685, "max_invalid_move_reset": 16, "model_type": "DQN", "policy": "MlpPolicy", "folder_path_for_models": "models-tone", "model_performance": 112.04081632653062}