{"learning_rate": 0.07170172412582426, "net_arch": {"pi": [225, 575, 600, 529, 243], "vf": [410]}, "net_arch_dqn": [545, 599, 957, 707], "batch_size": 256, "model_name": "model-1709377817", "map_size": [10, 10], "reset": 110, "box_near_goal": 0.09364230653539107, "box_close_goal": 0.055683555507087035, "box_move_reward": -0.5197644730126283, "box_goal_reward": -0.6396741723962558, "box_player_reward": 0.8164629406137209, "final_player_reward": -0.9601566418508927, "preform_step": -0.6334803661227282, "win_reward": 174, "invalid_move_reward": -10.576170551398953, "max_invalid_move_reset": 11, "model_type": "DQN", "policy": "MlpPolicy", "folder_path_for_models": "models-tone", "model_performance": 52.77777777777778}