{"learning_rate": 0.027017585934082065, "net_arch": {"pi": [823, 622, 930, 766, 717], "vf": [655, 552, 186, 216]}, "net_arch_dqn": [233, 218], "batch_size": 64, "model_name": "model-1709632953", "map_size": [10, 10], "reset": 155, "box_near_goal": 0.48691972623649427, "box_close_goal": 0.41316586636432906, "box_move_reward": 0.7248028702894687, "box_goal_reward": -0.2545657160074606, "box_player_reward": 0.4400893082411377, "final_player_reward": -0.041546953259554265, "preform_step": -0.9430933328140505, "win_reward": 110, "invalid_move_reward": -14.38301416661837, "no_win_reward": -15.80418065413668, "model_type": "DQN", "policy": "MlpPolicy", "folder_path_for_models": "models-tone", "model_performance": 2.7777777777777777}