{"learning_rate": 0.029012452941708313, "net_arch": {"pi": [104, 606], "vf": [625, 74]}, "net_arch_dqn": [197, 395, 244, 175, 300], "batch_size": 64, "model_name": "model-1709381991", "map_size": [10, 10], "reset": 75, "box_near_goal": 0.654196559246983, "box_close_goal": 0.2966092860505033, "box_move_reward": -0.8803732160686588, "box_goal_reward": -0.7581705863016017, "box_player_reward": -0.820957338547676, "final_player_reward": -0.20496961785256684, "preform_step": -0.9241918053235054, "win_reward": 52, "invalid_move_reward": -14.659870173389113, "max_invalid_move_reset": 19, "model_type": "PPO", "policy": "MlpPolicy", "folder_path_for_models": "models-tone", "model_performance": 0}