{"learning_rate": 0.0889137463530916, "net_arch": {"pi": [378, 625, 692, 1004, 569], "vf": [239, 903]}, "net_arch_dqn": [77], "batch_size": 32, "model_name": "model-1709652156", "map_size": [10, 10], "reset": 141, "box_near_goal": 0.7545872861943471, "box_close_goal": 0.9552287535143553, "box_move_reward": 0.5384147965422661, "box_goal_reward": -0.2550854505715301, "box_player_reward": 0.4723917123923209, "final_player_reward": 0.08405504421239618, "preform_step": 0.6209937513012569, "win_reward": 119, "invalid_move_reward": -13.095518643268903, "no_win_reward": -17.60068769137956, "model_type": "PPO", "policy": "MlpPolicy", "folder_path_for_models": "models-tone", "model_performance": 0}