{"learning_rate": 0.09607658317945517, "net_arch": {"pi": [346, 770, 125], "vf": [714, 642, 287]}, "net_arch_dqn": [395, 552, 641], "batch_size": 64, "model_name": "model-1709371743", "map_size": [10, 10], "reset": 115, "box_near_goal": 0.8948694853110803, "box_close_goal": 0.7252244628915469, "box_move_reward": -0.0213569224079162, "box_goal_reward": -0.6258068193352724, "box_player_reward": -0.4229936361296127, "final_player_reward": -0.7185318338305553, "preform_step": 0.6457841286626385, "win_reward": 95, "invalid_move_reward": -4.886301537014358, "max_invalid_move_reset": 16, "model_type": "DQN", "policy": "MlpPolicy", "folder_path_for_models": "models-tone", "model_performance": 6.222677595628415}