{"learning_rate": 0.08764207068846147, "net_arch": {"pi": [874, 265, 769, 117, 769], "vf": [962, 450]}, "net_arch_dqn": [286], "batch_size": 32, "model_name": "model-1709655555", "map_size": [10, 10], "reset": 189, "box_near_goal": 0.04906555424226022, "box_close_goal": 0.4222232309666577, "box_move_reward": 0.62759429094149, "box_goal_reward": 0.5707124326186686, "box_player_reward": 0.6584523882444018, "final_player_reward": -0.13067209615292485, "preform_step": -0.349531054471792, "win_reward": 169, "invalid_move_reward": -17.654099652400784, "no_win_reward": -1.3474553530985531, "model_type": "PPO", "policy": "MlpPolicy", "folder_path_for_models": "models-tone", "model_performance": 0}