{"learning_rate": 0.054372413178515676, "net_arch": {"pi": [394, 973, 609, 414], "vf": [475, 423, 854, 873, 242]}, "net_arch_dqn": [319, 978, 289, 761], "batch_size": 128, "model_name": "model-1709634613", "map_size": [10, 10], "reset": 194, "box_near_goal": 0.09379006863967054, "box_close_goal": 0.7208177869513556, "box_move_reward": 0.6378044336866768, "box_goal_reward": -0.5910280381095332, "box_player_reward": 0.7321160217280294, "final_player_reward": -0.9265017412663192, "preform_step": -0.8405618172071168, "win_reward": 119, "invalid_move_reward": -14.306194207964271, "no_win_reward": -18.873952200388487, "model_type": "DQN", "policy": "MlpPolicy", "folder_path_for_models": "models-tone", "model_performance": 2.7777777777777777}