{"learning_rate": 0.08772223141774944, "net_arch": {"pi": [969], "vf": [185, 233]}, "net_arch_dqn": [484, 448, 405, 797], "batch_size": 64, "model_name": "model-1709385235", "map_size": [10, 10], "reset": 65, "box_near_goal": 0.7482679742366661, "box_close_goal": 0.6551105803272308, "box_move_reward": 0.6740302767892614, "box_goal_reward": -0.024638050133010347, "box_player_reward": 0.25119008613666627, "final_player_reward": 0.8181389726679704, "preform_step": -0.8528938573604876, "win_reward": 143, "invalid_move_reward": -19.255042384377766, "max_invalid_move_reset": 14, "model_type": "DQN", "policy": "MlpPolicy", "folder_path_for_models": "models-tone", "model_performance": 100.0}