{"learning_rate": 0.024193199406135926, "net_arch": {"pi": [174], "vf": [144]}, "net_arch_dqn": [978, 461, 193, 292], "batch_size": 32, "model_name": "model-1709360759", "map_size": [10, 10], "reset": 73, "box_near_goal": 0.41473919142291504, "box_close_goal": 0.6882930797449993, "box_move_reward": 0.08964380336146771, "box_goal_reward": -0.14482256735605792, "box_player_reward": 0.2519136221633922, "final_player_reward": -0.9721489221951951, "preform_step": 0.5153013666933484, "win_reward": 59, "invalid_move_reward": -13.012348822766961, "max_invalid_move_reset": 14, "model_type": "PPO", "policy": "MlpPolicy", "folder_path_for_models": "models-tone", "model_performance": 50.0}