{"learning_rate": 0.028464843567392557, "net_arch": {"pi": [117], "vf": [490, 725, 909, 741, 672]}, "net_arch_dqn": [818], "batch_size": 256, "model_name": "model-1709379189", "map_size": [10, 10], "reset": 105, "box_near_goal": 0.3391739205976939, "box_close_goal": 0.18300268281546006, "box_move_reward": -0.29359509766629577, "box_goal_reward": 0.8285254829375923, "box_player_reward": 0.26354730664249515, "final_player_reward": -0.39539444838915716, "preform_step": -0.450908985283782, "win_reward": 103, "invalid_move_reward": -4.525233371875554, "max_invalid_move_reset": 8, "model_type": "PPO", "policy": "MlpPolicy", "folder_path_for_models": "models-tone", "model_performance": 59.47222222222222}