{"learning_rate": 0.007825086763633105, "net_arch": {"pi": [776], "vf": [215, 90, 636, 101, 258]}, "net_arch_dqn": [968, 291, 145, 120], "batch_size": 32, "model_name": "model-1709379512", "map_size": [10, 10], "reset": 126, "box_near_goal": 0.8479507120442876, "box_close_goal": 0.35792238134174914, "box_move_reward": -0.8311805763502966, "box_goal_reward": 0.25084847578334935, "box_player_reward": -0.8902382837676115, "final_player_reward": -0.4959395828808868, "preform_step": 0.3682092878270429, "win_reward": 67, "invalid_move_reward": -7.96915539478459, "max_invalid_move_reset": 6, "model_type": "PPO", "policy": "MlpPolicy", "folder_path_for_models": "models-tone", "model_performance": 0}