{"learning_rate": 0.011148194104635776, "net_arch": {"pi": [293], "vf": [107, 673, 511, 787, 703]}, "net_arch_dqn": [620, 371, 1006], "batch_size": 64, "model_name": "model-1709638837", "map_size": [10, 10], "reset": 174, "box_near_goal": 0.6786082996461624, "box_close_goal": 0.1766817422059923, "box_move_reward": 0.39915461241474426, "box_goal_reward": -0.963666984973752, "box_player_reward": 0.8188470819139859, "final_player_reward": 0.23468929248306392, "preform_step": 0.5744226612535226, "win_reward": 181, "invalid_move_reward": -2.8530555051683457, "no_win_reward": -7.415145474658706, "model_type": "PPO", "policy": "MlpPolicy", "folder_path_for_models": "models-tone", "model_performance": 0}