{"learning_rate": 0.028782450249924305, "net_arch": {"pi": [639, 667, 126, 113, 963], "vf": [252, 801, 633]}, "net_arch_dqn": [670], "batch_size": 256, "model_name": "model-1709627772", "map_size": [10, 10], "reset": 107, "box_near_goal": 0.9729161294559235, "box_close_goal": 0.18265334932802613, "box_move_reward": -0.6688476782336805, "box_goal_reward": 0.3221231031680305, "box_player_reward": 0.3905402867665908, "final_player_reward": 0.4880512785961817, "preform_step": 0.17276988787819159, "win_reward": 144, "invalid_move_reward": -17.51436555735627, "no_win_reward": -10.307511205239377, "model_type": "PPO", "policy": "MlpPolicy", "folder_path_for_models": "models-tone", "model_performance": 0}