{"learning_rate": 0.03629948298348117, "net_arch": {"pi": [776, 947, 213, 698], "vf": [824, 729, 860]}, "net_arch_dqn": [96], "batch_size": 256, "model_name": "model-1709392221", "map_size": [10, 10], "reset": 176, "box_near_goal": 0.9633845585344727, "box_close_goal": 0.7795159612140993, "box_move_reward": -0.6615547017414596, "box_goal_reward": -0.7374731093148446, "box_player_reward": 0.05429136439818527, "final_player_reward": 0.8922122678417057, "preform_step": 0.10709779128020358, "win_reward": 98, "invalid_move_reward": -11.859711567141353, "max_invalid_move_reset": 14, "model_type": "DQN", "policy": "MlpPolicy", "folder_path_for_models": "models-tone", "model_performance": 13.153594771241831}