{"learning_rate": 0.020821156225287452, "net_arch": {"pi": [988], "vf": [991]}, "net_arch_dqn": [901], "batch_size": 128, "model_name": "model-1709349244", "map_size": [10, 10], "reset": 164, "box_near_goal": 0.7745758228133056, "box_close_goal": 0.37209293276159894, "box_move_reward": -0.9513177012603029, "box_goal_reward": 0.3679583567332372, "box_player_reward": 0.6643310016000272, "final_player_reward": 0.6059932583042504, "preform_step": -0.46741447479851495, "win_reward": 96, "invalid_move_reward": -13.376545443049203, "max_invalid_move_reset": 5, "model_type": "DQN", "policy": "MlpPolicy", "folder_path_for_models": "models-tone", "model_performance": 50.0}