{"learning_rate": 0.048106074130168555, "net_arch": {"pi": [430], "vf": [209, 405]}, "net_arch_dqn": [302, 941, 970, 277, 919], "batch_size": 128, "model_name": "model-1709645667", "map_size": [10, 10], "reset": 158, "box_near_goal": 0.669859205674087, "box_close_goal": 0.47542891357418304, "box_move_reward": 0.9328770843474226, "box_goal_reward": -0.3274644624176759, "box_player_reward": -0.1415029731188453, "final_player_reward": 0.8930489690178978, "preform_step": 0.8120721734367427, "win_reward": 131, "invalid_move_reward": -5.203250243769125, "no_win_reward": -1.9422551831551154, "model_type": "DQN", "policy": "MlpPolicy", "folder_path_for_models": "models-tone", "model_performance": 2.7777777777777777}