{"learning_rate": 0.08121228555758034, "net_arch": {"pi": [599, 743, 150, 213], "vf": [850, 110, 564]}, "net_arch_dqn": [585, 119, 461, 813], "batch_size": 64, "model_name": "model-1709627253", "map_size": [10, 10], "reset": 157, "box_near_goal": 0.24468922131197413, "box_close_goal": 0.43933766583153666, "box_move_reward": 0.6477872161135823, "box_goal_reward": -0.03409585117988745, "box_player_reward": 0.7553986804636621, "final_player_reward": -0.7343962687551464, "preform_step": -0.8113879425899329, "win_reward": 67, "invalid_move_reward": -18.682849034863217, "no_win_reward": -12.851955747942338, "model_type": "DQN", "policy": "MlpPolicy", "folder_path_for_models": "models-tone", "model_performance": 1.3888888888888888}