{"learning_rate": 0.04760116122766798, "net_arch": {"pi": [554], "vf": [384, 612, 128]}, "net_arch_dqn": [1019], "batch_size": 32, "model_name": "model-1709646266", "map_size": [10, 10], "reset": 87, "box_near_goal": 0.09585388210595425, "box_close_goal": 0.5716884782804225, "box_move_reward": -0.19149859657094304, "box_goal_reward": -0.8892591959870979, "box_player_reward": -0.7944019925651655, "final_player_reward": 0.9536002635370842, "preform_step": 0.7195544654007164, "win_reward": 195, "invalid_move_reward": -0.5794320924004914, "no_win_reward": -2.2249445718019416, "model_type": "DQN", "policy": "MlpPolicy", "folder_path_for_models": "models-tone", "model_performance": 2.7777777777777777}