{"learning_rate": 0.04888849441976943, "net_arch": {"pi": [156, 686, 218, 696], "vf": [734]}, "net_arch_dqn": [198, 510, 537, 1004, 711], "batch_size": 64, "model_name": "model-1709365676", "map_size": [10, 10], "reset": 76, "box_near_goal": 0.7989877787098066, "box_close_goal": 0.4243068771936317, "box_move_reward": -0.6057146298516918, "box_goal_reward": 0.5892704152074009, "box_player_reward": 0.3033509964828349, "final_player_reward": -0.3314177769617688, "preform_step": 0.11689860951111819, "win_reward": 129, "invalid_move_reward": -5.004416801818463, "max_invalid_move_reset": 9, "model_type": "DQN", "policy": "MlpPolicy", "folder_path_for_models": "models-tone", "model_performance": 14.318181818181817}