{"learning_rate": 0.006624247131912228, "net_arch": {"pi": [933, 158], "vf": [523, 863, 226, 610, 301]}, "net_arch_dqn": [481, 119], "batch_size": 64, "model_name": "model-1709632471", "map_size": [10, 10], "reset": 112, "box_near_goal": 0.5671814142742682, "box_close_goal": 0.5356262167859965, "box_move_reward": -0.12332996099987525, "box_goal_reward": -0.7868696032718654, "box_player_reward": -0.9749109252086987, "final_player_reward": 0.6719049317711356, "preform_step": 0.0372409807774976, "win_reward": 56, "invalid_move_reward": -3.10131244238832, "no_win_reward": -4.15913953864538, "model_type": "DQN", "policy": "MlpPolicy", "folder_path_for_models": "models-tone", "model_performance": 2.7777777777777777}