{"learning_rate": 0.06964179488421376, "net_arch": {"pi": [368, 869, 973, 573, 347], "vf": [305, 865, 637, 202]}, "net_arch_dqn": [430], "batch_size": 64, "model_name": "model-1709408543", "map_size": [10, 10], "reset": 92, "box_near_goal": 0.8368835658857653, "box_close_goal": 0.860184674766006, "box_move_reward": 0.5262833854651718, "box_goal_reward": 0.15132970787721955, "box_player_reward": -0.3175017470091508, "final_player_reward": 0.9434465604856621, "preform_step": -0.01852271053647425, "win_reward": 82, "invalid_move_reward": -4.269270817951972, "max_invalid_move_reset": 5, "model_type": "DQN", "policy": "MlpPolicy", "folder_path_for_models": "models-tone", "model_performance": 21.41963849380883}