{"learning_rate": 0.09511138443633821, "net_arch": {"pi": [1017, 161], "vf": [895]}, "net_arch_dqn": [144, 208], "batch_size": 128, "model_name": "model-1709633447", "map_size": [10, 10], "reset": 126, "box_near_goal": 0.1680392434968585, "box_close_goal": 0.5198202734041393, "box_move_reward": -0.7162367310155084, "box_goal_reward": 0.32220826168743666, "box_player_reward": -0.03079395147599695, "final_player_reward": -0.5348833479444404, "preform_step": -0.13098900430207538, "win_reward": 51, "invalid_move_reward": -17.769262614556848, "no_win_reward": -14.849260957996853, "model_type": "PPO", "policy": "MlpPolicy", "folder_path_for_models": "models-tone", "model_performance": 0}