{"learning_rate": 0.017658823806766435, "net_arch": {"pi": [389], "vf": [586, 482, 688, 542]}, "net_arch_dqn": [725], "batch_size": 128, "model_name": "model-1709403796", "map_size": [10, 10], "reset": 107, "box_near_goal": 0.7067062697829757, "box_close_goal": 0.03492061424545523, "box_move_reward": 0.6309283280401501, "box_goal_reward": 0.22415627022659823, "box_player_reward": 0.32581316634494883, "final_player_reward": 0.2673300246104713, "preform_step": 0.10456898946106308, "win_reward": 79, "invalid_move_reward": -7.447578285696746, "max_invalid_move_reset": 6, "model_type": "PPO", "policy": "MlpPolicy", "folder_path_for_models": "models-tone", "model_performance": 0}