{"learning_rate": 0.09039727444911111, "net_arch": {"pi": [876], "vf": [185, 434]}, "net_arch_dqn": [683, 648, 174, 186], "batch_size": 256, "model_name": "model-1709407087", "map_size": [10, 10], "reset": 74, "box_near_goal": 0.357860574185068, "box_close_goal": 0.6870848581536961, "box_move_reward": -0.3218645287790567, "box_goal_reward": 0.42129132485143495, "box_player_reward": 0.22180302468582558, "final_player_reward": 0.6381766410011938, "preform_step": -0.9259079700320325, "win_reward": 154, "invalid_move_reward": -6.91324693052062, "max_invalid_move_reset": 12, "model_type": "PPO", "policy": "MlpPolicy", "folder_path_for_models": "models-tone", "model_performance": 54.417122040072854}