{"learning_rate": 0.029137896067416135, "net_arch": {"pi": [504, 320, 235], "vf": [357, 450, 848]}, "net_arch_dqn": [704, 929, 490, 892], "batch_size": 32, "model_name": "model-1709646810", "map_size": [10, 10], "reset": 197, "box_near_goal": 0.6161892883996183, "box_close_goal": 0.4956222454854158, "box_move_reward": -0.1443228672178205, "box_goal_reward": -0.529576994554003, "box_player_reward": 0.3346753111460956, "final_player_reward": 0.10967011437575169, "preform_step": -0.4682159764766243, "win_reward": 190, "invalid_move_reward": -9.2109195008617, "no_win_reward": -0.54565411693752, "model_type": "PPO", "policy": "MlpPolicy", "folder_path_for_models": "models-tone", "model_performance": 0}