{"learning_rate": 0.09425276029348748, "net_arch": {"pi": [693, 404, 385, 900, 958], "vf": [165, 457, 366, 664, 265]}, "net_arch_dqn": [677, 979, 288, 892, 686], "batch_size": 32, "model_name": "model-1709360659", "map_size": [10, 10], "reset": 165, "box_near_goal": 0.11650054123276188, "box_close_goal": 0.6961030483377888, "box_move_reward": 0.8308070454707406, "box_goal_reward": -0.963401882656937, "box_player_reward": 0.7721993469780879, "final_player_reward": -0.17722550698657757, "preform_step": 0.24483518766076795, "win_reward": 143, "invalid_move_reward": -18.477568647317074, "max_invalid_move_reset": 6, "model_type": "DQN", "policy": "MlpPolicy", "folder_path_for_models": "models-tone", "model_performance": 13.1416455884541}