{"learning_rate": 0.051370790365626334, "net_arch": {"pi": [309, 355, 260, 342, 98], "vf": [198, 485, 576, 989]}, "net_arch_dqn": [357, 500], "batch_size": 64, "model_name": "model-1709365294", "map_size": [10, 10], "reset": 93, "box_near_goal": 0.49539926413184865, "box_close_goal": 0.5833054171052644, "box_move_reward": 0.38270728461153647, "box_goal_reward": -0.19004366275628937, "box_player_reward": -0.01798068514559903, "final_player_reward": -0.679220539928242, "preform_step": -0.9619621162486072, "win_reward": 163, "invalid_move_reward": -0.1836011487935565, "max_invalid_move_reset": 18, "model_type": "DQN", "policy": "MlpPolicy", "folder_path_for_models": "models-tone", "model_performance": 18.055555555555557}