{"learning_rate": 0.004360191629796957, "net_arch": {"pi": [310, 835], "vf": [632, 318, 450, 330]}, "net_arch_dqn": [291, 986, 218, 366], "batch_size": 32, "model_name": "model-1709400624", "map_size": [10, 10], "reset": 101, "box_near_goal": 0.4378163390184773, "box_close_goal": 0.4409377148067182, "box_move_reward": -0.8517913304403404, "box_goal_reward": -0.5300375460766373, "box_player_reward": 0.5658155259445892, "final_player_reward": 0.8621086339781099, "preform_step": 0.0869137566783027, "win_reward": 90, "invalid_move_reward": -5.777139635494176, "max_invalid_move_reset": 9, "model_type": "PPO", "policy": "MlpPolicy", "folder_path_for_models": "models-tone", "model_performance": 62.5}