{"learning_rate": 0.07251991225455513, "net_arch": {"pi": [335, 533], "vf": [472, 757, 656]}, "net_arch_dqn": [655], "batch_size": 64, "model_name": "model-1709662975", "map_size": [10, 10], "reset": 179, "box_near_goal": 0.3594362528813527, "box_close_goal": 0.2359976496395293, "box_move_reward": -0.8863784958054646, "box_goal_reward": 0.8704418217518202, "box_player_reward": 0.06020858061953094, "final_player_reward": -0.4861142560789098, "preform_step": -0.8484213730563437, "win_reward": 122, "invalid_move_reward": -18.016695040131804, "no_win_reward": -1.454675495467125, "model_type": "DQN", "policy": "MlpPolicy", "folder_path_for_models": "models-tone", "model_performance": 0}