{"learning_rate": 0.00403715993954625, "net_arch": {"pi": [813, 871, 116], "vf": [284]}, "net_arch_dqn": [446, 65, 263], "batch_size": 64, "model_name": "model-1709392224", "map_size": [10, 10], "reset": 200, "box_near_goal": 0.5468732774669914, "box_close_goal": 0.2784600825789675, "box_move_reward": -0.545047617880611, "box_goal_reward": 0.24003995331437977, "box_player_reward": 0.6335335150856141, "final_player_reward": -0.596535315767929, "preform_step": 0.8280372626607124, "win_reward": 125, "invalid_move_reward": -4.249875026403849, "max_invalid_move_reset": 20, "model_type": "DQN", "policy": "MlpPolicy", "folder_path_for_models": "models-tone", "model_performance": 0}