{"learning_rate": 0.09081429028242392, "net_arch": {"pi": [910, 846], "vf": [301, 135, 869, 569]}, "net_arch_dqn": [333, 868, 658, 818, 874], "batch_size": 32, "model_name": "model-1709405766", "map_size": [10, 10], "reset": 199, "box_near_goal": 0.8158899943826016, "box_close_goal": 0.4861498619900876, "box_move_reward": 0.7767185045542297, "box_goal_reward": -0.5938092468480585, "box_player_reward": 0.1723006203600217, "final_player_reward": -0.5567186781705789, "preform_step": 0.312623263577283, "win_reward": 100, "invalid_move_reward": -19.800832257775188, "max_invalid_move_reset": 9, "model_type": "DQN", "policy": "MlpPolicy", "folder_path_for_models": "models-tone", "model_performance": 10.592185592185592}