{"learning_rate": 0.03980036518402784, "net_arch": {"pi": [613], "vf": [200, 966, 136]}, "net_arch_dqn": [857], "batch_size": 128, "model_name": "model-1709364593", "map_size": [10, 10], "reset": 69, "box_near_goal": 0.7850753345135518, "box_close_goal": 0.47393046241326453, "box_move_reward": -0.6989600050340239, "box_goal_reward": 0.967604852445854, "box_player_reward": 0.662374674655801, "final_player_reward": 0.2899176893362263, "preform_step": -0.20535471896643642, "win_reward": 166, "invalid_move_reward": -0.40853682422919135, "max_invalid_move_reset": 11, "model_type": "PPO", "policy": "MlpPolicy", "folder_path_for_models": "models-tone", "model_performance": 0}