{"learning_rate": 0.047055097719566716, "net_arch": {"pi": [678, 175], "vf": [570, 130]}, "net_arch_dqn": [285, 165, 88, 158, 553], "batch_size": 256, "model_name": "model-1709402722", "map_size": [10, 10], "reset": 131, "box_near_goal": 0.06930410993843705, "box_close_goal": 0.42922065766316286, "box_move_reward": 0.017477970335916027, "box_goal_reward": -0.4230377390498061, "box_player_reward": 0.13360793323640907, "final_player_reward": -0.5746910674748544, "preform_step": 0.1642196129700697, "win_reward": 76, "invalid_move_reward": -3.526275429391049, "max_invalid_move_reset": 20, "model_type": "PPO", "policy": "MlpPolicy", "folder_path_for_models": "models-tone", "model_performance": 0}