{"learning_rate": 0.034292835811566134, "net_arch": {"pi": [688, 801, 279, 425, 462], "vf": [540, 239, 92]}, "net_arch_dqn": [211, 781, 451, 911], "batch_size": 64, "model_name": "model-1709631932", "map_size": [10, 10], "reset": 184, "box_near_goal": 0.25940447282304047, "box_close_goal": 0.11381836642997356, "box_move_reward": 0.055156860287582044, "box_goal_reward": 0.5879486979458053, "box_player_reward": -0.4716184119430622, "final_player_reward": 0.8657390046456575, "preform_step": -0.3706733929304731, "win_reward": 147, "invalid_move_reward": -18.05623592331124, "no_win_reward": -10.160941866384412, "model_type": "DQN", "policy": "MlpPolicy", "folder_path_for_models": "models-tone", "model_performance": 0}