{"learning_rate": 0.06527130335573682, "net_arch": {"pi": [770, 670], "vf": [776, 817, 1024, 896]}, "net_arch_dqn": [421], "batch_size": 32, "model_name": "model-1709636531", "map_size": [10, 10], "reset": 154, "box_near_goal": 0.37632621040944125, "box_close_goal": 0.18158641843332246, "box_move_reward": 0.5503352765242453, "box_goal_reward": 0.9461073026771023, "box_player_reward": 0.1981198694712638, "final_player_reward": 0.3153209248863309, "preform_step": -0.3601760283170865, "win_reward": 55, "invalid_move_reward": -10.109316364975658, "no_win_reward": -19.055274811094026, "model_type": "DQN", "policy": "MlpPolicy", "folder_path_for_models": "models-tone", "model_performance": 1.3888888888888888}