{"learning_rate": 0.06401451914929936, "net_arch": {"pi": [913, 677], "vf": [678, 519, 161, 508, 692]}, "net_arch_dqn": [926, 891, 363, 745], "batch_size": 128, "model_name": "model-1709636051", "map_size": [10, 10], "reset": 69, "box_near_goal": 0.5907640648811326, "box_close_goal": 0.9654802359794161, "box_move_reward": 0.10944874241354818, "box_goal_reward": 0.6338653202710518, "box_player_reward": 0.8262185937135713, "final_player_reward": -0.41264134042194733, "preform_step": -0.7047204980545902, "win_reward": 112, "invalid_move_reward": -10.881032849748618, "no_win_reward": -14.199322863443303, "model_type": "PPO", "policy": "MlpPolicy", "folder_path_for_models": "models-tone", "model_performance": 0}