{"learning_rate": 0.02891516642957555, "net_arch": {"pi": [145, 358], "vf": [512]}, "net_arch_dqn": [630, 376, 851, 653, 792], "batch_size": 64, "model_name": "model-1709665053", "map_size": [10, 10], "reset": 174, "box_near_goal": 0.3316063468161973, "box_close_goal": 0.7743167081892917, "box_move_reward": 0.5906503263391636, "box_goal_reward": 0.434057090490668, "box_player_reward": 0.2800376241385465, "final_player_reward": 0.604845552314127, "preform_step": 0.654261273154388, "win_reward": 113, "invalid_move_reward": -13.650656668088475, "no_win_reward": -15.783347876452256, "model_type": "PPO", "policy": "MlpPolicy", "folder_path_for_models": "models-tone", "model_performance": 0}