{"learning_rate": 0.0819947927487471, "net_arch": {"pi": [715, 864, 878], "vf": [192]}, "net_arch_dqn": [1017, 95, 454, 882, 549, 331, 753], "batch_size": 64, "model_name": "model-1709650141", "map_size": [10, 10], "reset": 68, "box_near_goal": 0.2600054298309644, "box_close_goal": 0.07374347997577269, "box_move_reward": -0.2260270272629037, "box_goal_reward": -0.9393780678812513, "box_player_reward": -0.712290124869587, "final_player_reward": -0.9449271054484689, "preform_step": 0.7859764674611753, "win_reward": 96, "invalid_move_reward": -18.49857715485196, "no_win_reward": -9.379425839362378, "model_type": "DQN", "policy": "MlpPolicy", "folder_path_for_models": "models-tone", "model_performance": 0}