{"learning_rate": 0.07608448446765685, "net_arch": {"pi": [464, 159, 115, 585, 191], "vf": [657, 487, 389, 382]}, "net_arch_dqn": [613], "batch_size": 32, "model_name": "model-1709397830", "map_size": [10, 10], "reset": 53, "box_near_goal": 0.6215047643958851, "box_close_goal": 0.43880675896183463, "box_move_reward": 0.8568624181216471, "box_goal_reward": -0.021071136184755535, "box_player_reward": -0.5815631481402399, "final_player_reward": 0.8497142965846558, "preform_step": 0.8918694747116955, "win_reward": 190, "invalid_move_reward": -4.356453263726674, "max_invalid_move_reset": 8, "model_type": "PPO", "policy": "MlpPolicy", "folder_path_for_models": "models-tone", "model_performance": 0}