{"learning_rate": 0.08051801603371228, "net_arch": {"pi": [644, 556, 618], "vf": [299, 380, 89]}, "net_arch_dqn": [776], "batch_size": 32, "model_name": "model-1709648136", "map_size": [10, 10], "reset": 76, "box_near_goal": 0.965949956392909, "box_close_goal": 0.06480183693437791, "box_move_reward": 0.05855105507165237, "box_goal_reward": 0.30048391485381476, "box_player_reward": -0.7794085496668595, "final_player_reward": -0.19876363635893068, "preform_step": 0.449638555752335, "win_reward": 145, "invalid_move_reward": -13.723063743428261, "no_win_reward": -18.412415153933388, "model_type": "DQN", "policy": "MlpPolicy", "folder_path_for_models": "models-tone", "model_performance": 0}