{"learning_rate": 0.05777876655454888, "net_arch": {"pi": [842, 498], "vf": [821, 454, 185]}, "net_arch_dqn": [446, 202, 765, 529, 977], "batch_size": 32, "model_name": "model-1709393387", "map_size": [10, 10], "reset": 89, "box_near_goal": 0.1851726522844266, "box_close_goal": 0.16186737350942748, "box_move_reward": 0.36149799598790455, "box_goal_reward": -0.23548266536136508, "box_player_reward": -0.8686902168352153, "final_player_reward": 0.5854747815879351, "preform_step": -0.919252485661344, "win_reward": 176, "invalid_move_reward": -11.518735448141479, "max_invalid_move_reset": 17, "model_type": "PPO", "policy": "MlpPolicy", "folder_path_for_models": "models-tone", "model_performance": 0}