{"learning_rate": 0.05766439777808853, "net_arch": {"pi": [647, 126, 980, 847], "vf": [186, 585, 769]}, "net_arch_dqn": [626, 903, 203], "batch_size": 32, "model_name": "model-1709636398", "map_size": [10, 10], "reset": 136, "box_near_goal": 0.640426590029967, "box_close_goal": 0.7665241707149634, "box_move_reward": 0.7116348115223334, "box_goal_reward": 0.5412387368468108, "box_player_reward": 0.12056416056754071, "final_player_reward": -0.9494167124239263, "preform_step": 0.13700495256244039, "win_reward": 100, "invalid_move_reward": -10.011849688875836, "no_win_reward": -10.144432076192455, "model_type": "PPO", "policy": "MlpPolicy", "folder_path_for_models": "models-tone", "model_performance": 0}