{"learning_rate": 0.036130503342369585, "net_arch": {"pi": [289], "vf": [529, 908]}, "net_arch_dqn": [848, 241], "batch_size": 32, "model_name": "model-1709370766", "map_size": [10, 10], "reset": 110, "box_near_goal": 0.2673246971636484, "box_close_goal": 0.4995864715613787, "box_move_reward": 0.26478076065605927, "box_goal_reward": -0.10410365809481559, "box_player_reward": -0.48325385898766493, "final_player_reward": 0.5868938292395192, "preform_step": 0.6218314795677791, "win_reward": 199, "invalid_move_reward": -13.098606898576984, "max_invalid_move_reset": 12, "model_type": "PPO", "policy": "MlpPolicy", "folder_path_for_models": "models-tone", "model_performance": 0}