{"learning_rate": 0.02172774158406245, "net_arch": {"pi": [866, 108, 703, 556, 843], "vf": [712, 362, 552, 228]}, "net_arch_dqn": [562, 759], "batch_size": 64, "model_name": "model-1709353966", "map_size": [10, 10], "reset": 137, "box_near_goal": 0.29088698637942145, "box_close_goal": 0.49939788486463, "box_move_reward": 0.7952236976005989, "box_goal_reward": -0.18600843873513417, "box_player_reward": -0.7290495852610908, "final_player_reward": 0.5728995780324071, "preform_step": 0.17330037925220165, "win_reward": 127, "invalid_move_reward": -3.6480042969190727, "max_invalid_move_reset": 12, "model_type": "DQN", "policy": "MlpPolicy", "folder_path_for_models": "models-tone", "model_performance": 26.38888888888889}