{"learning_rate": 0.07364134434145125, "net_arch": {"pi": [942, 203, 838, 553], "vf": [353]}, "net_arch_dqn": [524, 891, 193], "batch_size": 32, "model_name": "model-1709404056", "map_size": [10, 10], "reset": 140, "box_near_goal": 0.962631730824136, "box_close_goal": 0.2901668116775348, "box_move_reward": -0.18244704985082172, "box_goal_reward": -0.06469809795166959, "box_player_reward": 0.2636097706315317, "final_player_reward": 0.11422870615473224, "preform_step": -0.26748113386135675, "win_reward": 72, "invalid_move_reward": -7.677761708534023, "max_invalid_move_reset": 11, "model_type": "DQN", "policy": "MlpPolicy", "folder_path_for_models": "models-tone", "model_performance": 12.333333333333334}