{"learning_rate": 0.08949207793650396, "net_arch": {"pi": [653, 981, 266, 813, 736], "vf": [241, 895, 681]}, "net_arch_dqn": [982, 359, 634], "batch_size": 64, "model_name": "model-1709358306", "map_size": [10, 10], "reset": 64, "box_near_goal": 0.015908324423692166, "box_close_goal": 0.9640768513016675, "box_move_reward": -0.08751445193569629, "box_goal_reward": -0.6344765441417977, "box_player_reward": 0.2328703407356092, "final_player_reward": 0.7846451904394431, "preform_step": -0.9736741021699409, "win_reward": 137, "invalid_move_reward": -9.987515937469249, "max_invalid_move_reset": 14, "model_type": "PPO", "policy": "MlpPolicy", "folder_path_for_models": "models-tone", "model_performance": 74.72222222222223}