{"learning_rate": 0.05450426808930567, "net_arch": {"pi": [597, 226, 791, 945], "vf": [73, 500, 891]}, "net_arch_dqn": [839, 936, 298, 938], "batch_size": 32, "model_name": "model-1709342904", "map_size": [10, 10], "reset": 175, "box_near_goal": 0.09126044466541439, "box_close_goal": 0.5309052485823882, "box_move_reward": -0.46750312753980805, "box_goal_reward": 0.46386202453767034, "box_player_reward": 0.5739177834036737, "final_player_reward": -0.4752141337228448, "preform_step": 0.15959063826832165, "win_reward": 141, "invalid_move_reward": -8.938211565828881, "max_invalid_move_reset": 17, "model_type": "DQN", "policy": "MlpPolicy", "folder_path_for_models": "models-tone", "model_performance": 13.88888888888889}