{"learning_rate": 0.0025416304963232117, "net_arch": {"pi": [157, 378], "vf": [87, 619, 794]}, "net_arch_dqn": [807, 896, 535, 827, 705], "batch_size": 256, "model_name": "model-1709434732", "map_size": [10, 10], "reset": 135, "box_near_goal": 0.9291497413636212, "box_close_goal": 0.17616643031875312, "box_move_reward": -0.7084239165648898, "box_goal_reward": -0.3887723616302612, "box_player_reward": 0.9541662418400387, "final_player_reward": 0.9073007917707205, "preform_step": 0.894420232028605, "win_reward": 142, "invalid_move_reward": -5.44448531733034, "max_invalid_move_reset": 14, "model_type": "DQN", "policy": "MlpPolicy", "folder_path_for_models": "models-tone", "model_performance": 0}