{"learning_rate": 0.07967997529070998, "net_arch": {"pi": [472], "vf": [101, 744, 135, 393, 264, 165]}, "net_arch_dqn": [711], "batch_size": 32, "model_name": "model-1709666348", "map_size": [10, 10], "reset": 200, "box_near_goal": 0.7955055451638016, "box_close_goal": 0.8605479735844571, "box_move_reward": 0.11746238695096634, "box_goal_reward": 0.8694616125295256, "box_player_reward": 0.25630499835464104, "final_player_reward": -0.2574161913694548, "preform_step": -0.5459863949822468, "win_reward": 163, "invalid_move_reward": -1.8936763379866015, "no_win_reward": -1.5449813117866853, "model_type": "DQN", "policy": "MlpPolicy", "folder_path_for_models": "models-tone", "model_performance": 2.7777777777777777}