{"learning_rate": 0.023533846388759883, "net_arch": {"pi": [261, 561, 956, 448, 370, 896], "vf": [725, 739, 307, 916, 398, 865]}, "net_arch_dqn": [896, 579, 254, 786], "batch_size": 128, "model_name": "model-1709642022", "map_size": [10, 10], "reset": 136, "box_near_goal": 0.764322264612693, "box_close_goal": 0.9552221489487684, "box_move_reward": -0.9245102028501138, "box_goal_reward": -0.608385541338472, "box_player_reward": 0.6738754044217004, "final_player_reward": 0.6372711555086796, "preform_step": 0.870588518098451, "win_reward": 107, "invalid_move_reward": -4.868398254163255, "no_win_reward": -12.218669305813014, "model_type": "DQN", "policy": "MlpPolicy", "folder_path_for_models": "models-tone", "model_performance": 1.3888888888888888}