{"learning_rate": 0.025979342427949706, "net_arch": {"pi": [992, 578, 274, 199], "vf": [143, 589]}, "net_arch_dqn": [380], "batch_size": 32, "model_name": "model-1709407656", "map_size": [10, 10], "reset": 62, "box_near_goal": 0.7489922642029764, "box_close_goal": 0.12058333514411945, "box_move_reward": 0.6618142335010293, "box_goal_reward": 0.6619823413031749, "box_player_reward": 0.6880109684434668, "final_player_reward": 0.1134998534915157, "preform_step": -0.9977129027833671, "win_reward": 56, "invalid_move_reward": -18.259574161233534, "max_invalid_move_reset": 10, "model_type": "PPO", "policy": "MlpPolicy", "folder_path_for_models": "models-tone", "model_performance": 0}