{"learning_rate": 0.04764080395154049, "net_arch": {"pi": [785, 106], "vf": [979, 305, 336, 959, 848]}, "net_arch_dqn": [832], "batch_size": 128, "model_name": "model-1709650306", "map_size": [10, 10], "reset": 150, "box_near_goal": 0.4442962265169671, "box_close_goal": 0.4904278067234247, "box_move_reward": 0.6098760079369243, "box_goal_reward": -0.9960603426519361, "box_player_reward": -0.31621757061156064, "final_player_reward": 0.6656460220041212, "preform_step": -0.060766453015065114, "win_reward": 198, "invalid_move_reward": -4.7925638690589025, "no_win_reward": -11.637830734678342, "model_type": "DQN", "policy": "MlpPolicy", "folder_path_for_models": "models-tone", "model_performance": 1.3888888888888888}