{"learning_rate": 0.026727763656142173, "net_arch": {"pi": [1011, 236, 970, 796, 826], "vf": [613, 635, 847, 445, 716]}, "net_arch_dqn": [874, 175, 135, 697, 125], "batch_size": 128, "model_name": "model-1709360513", "map_size": [10, 10], "reset": 71, "box_near_goal": 0.6397147330209219, "box_close_goal": 0.6388468331493216, "box_move_reward": -0.45253679876866326, "box_goal_reward": 0.4093008879235398, "box_player_reward": 0.7033052925883223, "final_player_reward": -0.4437158981993923, "preform_step": -0.38340184873489824, "win_reward": 79, "invalid_move_reward": -10.209308685645526, "max_invalid_move_reset": 7, "model_type": "PPO", "policy": "MlpPolicy", "folder_path_for_models": "models-tone", "model_performance": 0}