{"learning_rate": 0.0536413136535819, "net_arch": {"pi": [95, 311], "vf": [584]}, "net_arch_dqn": [950, 519], "batch_size": 32, "model_name": "model-1709632965", "map_size": [10, 10], "reset": 137, "box_near_goal": 0.7903518057079838, "box_close_goal": 0.7622690269952627, "box_move_reward": 0.682011204456962, "box_goal_reward": -0.1827271996484381, "box_player_reward": 0.9618461813428483, "final_player_reward": -0.1872486183854689, "preform_step": 0.6483329576090142, "win_reward": 195, "invalid_move_reward": -11.877039842101901, "no_win_reward": -6.431624684296704, "model_type": "PPO", "policy": "MlpPolicy", "folder_path_for_models": "models-tone", "model_performance": 0}