{"learning_rate": 0.004013757303526832, "net_arch": {"pi": [82, 717, 550, 721], "vf": [390]}, "net_arch_dqn": [347, 826, 159], "batch_size": 256, "model_name": "model-1709631244", "map_size": [10, 10], "reset": 174, "box_near_goal": 0.012109819687908807, "box_close_goal": 0.508719546492782, "box_move_reward": -0.8912841223521732, "box_goal_reward": 0.9966538208810465, "box_player_reward": -0.6058420585120738, "final_player_reward": 0.4574635081405676, "preform_step": 0.6853225231509026, "win_reward": 88, "invalid_move_reward": -1.3465798544520808, "no_win_reward": -10.887906092757227, "model_type": "PPO", "policy": "MlpPolicy", "folder_path_for_models": "models-tone", "model_performance": 1.3888888888888888}