{"learning_rate": 0.09210210369510248, "net_arch": {"pi": [685, 434, 122, 667, 131], "vf": [681, 723, 1005]}, "net_arch_dqn": [748, 761], "batch_size": 128, "model_name": "model-1709392637", "map_size": [10, 10], "reset": 87, "box_near_goal": 0.09530096260919418, "box_close_goal": 0.26047164605551254, "box_move_reward": 0.05914339885162989, "box_goal_reward": -0.6441546394918707, "box_player_reward": -0.614741941891721, "final_player_reward": -0.692791178886808, "preform_step": -0.10465862576202545, "win_reward": 153, "invalid_move_reward": -3.858319899432722, "max_invalid_move_reset": 15, "model_type": "PPO", "policy": "MlpPolicy", "folder_path_for_models": "models-tone", "model_performance": 0}