{"learning_rate": 0.09298889354308519, "net_arch": {"pi": [796, 525], "vf": [195, 450, 379, 493]}, "net_arch_dqn": [724, 1003, 980, 246, 632], "batch_size": 64, "model_name": "model-1709367731", "map_size": [10, 10], "reset": 123, "box_near_goal": 0.9657803579961118, "box_close_goal": 0.8439632129278005, "box_move_reward": -0.6033687425571632, "box_goal_reward": -0.36363609892538995, "box_player_reward": 0.01549044506134356, "final_player_reward": -0.8811634884749728, "preform_step": -0.6809902878944021, "win_reward": 151, "invalid_move_reward": -13.56310256410518, "max_invalid_move_reset": 19, "model_type": "DQN", "policy": "MlpPolicy", "folder_path_for_models": "models-tone", "model_performance": 4.246031746031746}