{"learning_rate": 0.0033880434245857982, "net_arch": {"pi": [831, 934, 265, 712], "vf": [626, 975, 522, 402, 584]}, "net_arch_dqn": [556, 808], "batch_size": 32, "model_name": "model-1709386322", "map_size": [10, 10], "reset": 87, "box_near_goal": 0.912892257121725, "box_close_goal": 0.031419340806944085, "box_move_reward": 0.5561975758050579, "box_goal_reward": -0.7194029076039152, "box_player_reward": 0.9842807731355894, "final_player_reward": -0.8130737399365813, "preform_step": -0.8086433772313295, "win_reward": 105, "invalid_move_reward": -14.473187840837907, "max_invalid_move_reset": 8, "model_type": "PPO", "policy": "MlpPolicy", "folder_path_for_models": "models-tone", "model_performance": 63.94230769230769}