{"learning_rate": 0.0980638940810058, "net_arch": {"pi": [137, 726, 205, 962], "vf": [877, 690, 1011, 646]}, "net_arch_dqn": [471, 556, 489, 286], "batch_size": 32, "model_name": "model-1709660890", "map_size": [10, 10], "reset": 188, "box_near_goal": 0.5916361756166678, "box_close_goal": 0.038630965112261384, "box_move_reward": -0.9651079021714442, "box_goal_reward": 0.7813809266495804, "box_player_reward": -0.7812899941854479, "final_player_reward": 0.9058530729401881, "preform_step": 0.1707679670337281, "win_reward": 192, "invalid_move_reward": -13.238849936061337, "no_win_reward": -9.418834929777905, "model_type": "PPO", "policy": "MlpPolicy", "folder_path_for_models": "models-tone", "model_performance": 0}