{"learning_rate": 0.03119771164620398, "net_arch": {"pi": [469, 682], "vf": [280, 673]}, "net_arch_dqn": [475, 153, 796, 645, 310], "batch_size": 256, "model_name": "model-1709359202", "map_size": [10, 10], "reset": 97, "box_near_goal": 0.48787385672306693, "box_close_goal": 0.16362455705673984, "box_move_reward": 0.771825664074691, "box_goal_reward": 0.03778910661307311, "box_player_reward": 0.6122600670045373, "final_player_reward": -0.7283690822220037, "preform_step": -0.01838111794920505, "win_reward": 88, "invalid_move_reward": -8.189767803598102, "max_invalid_move_reset": 12, "model_type": "PPO", "policy": "MlpPolicy", "folder_path_for_models": "models-tone", "model_performance": 0}