{"learning_rate": 0.011391577784472555, "net_arch": {"pi": [689], "vf": [488]}, "net_arch_dqn": [506, 183, 490], "batch_size": 32, "model_name": "model-1709366150", "map_size": [10, 10], "reset": 167, "box_near_goal": 0.6284326459263679, "box_close_goal": 0.9839248867949929, "box_move_reward": 0.8386520613972499, "box_goal_reward": 0.7434618173827894, "box_player_reward": -0.700769315445767, "final_player_reward": -0.666758999686661, "preform_step": 0.29592596643334534, "win_reward": 194, "invalid_move_reward": -18.790537984376492, "max_invalid_move_reset": 5, "model_type": "DQN", "policy": "MlpPolicy", "folder_path_for_models": "models-tone", "model_performance": 14.267676767676768}