{"learning_rate": 0.05780844842173429, "net_arch": {"pi": [309, 392, 278], "vf": [793, 637, 997]}, "net_arch_dqn": [207, 808, 179, 370, 298], "batch_size": 128, "model_name": "model-1709396609", "map_size": [10, 10], "reset": 57, "box_near_goal": 0.9341607085677229, "box_close_goal": 0.40496760013405886, "box_move_reward": 0.4507910169036198, "box_goal_reward": -0.3519632514201809, "box_player_reward": -0.9866989187075026, "final_player_reward": -0.009649006726911935, "preform_step": -0.9115073207681033, "win_reward": 180, "invalid_move_reward": -11.49497830800017, "max_invalid_move_reset": 6, "model_type": "PPO", "policy": "MlpPolicy", "folder_path_for_models": "models-tone", "model_performance": 0}