{"learning_rate": 0.055955919164074344, "net_arch": {"pi": [239, 452, 123, 517, 234], "vf": [83, 939, 558]}, "net_arch_dqn": [518], "batch_size": 256, "model_name": "model-1709624465", "map_size": [10, 10], "reset": 191, "box_near_goal": 0.29056225756890086, "box_close_goal": 0.2955434912675132, "box_move_reward": 0.3431966623239051, "box_goal_reward": 0.24243121203732976, "box_player_reward": -0.6783622869742196, "final_player_reward": -0.11981778616367755, "preform_step": 0.20421425943738858, "win_reward": 122, "invalid_move_reward": -11.516251409452668, "no_win_reward": -4.368154914609333, "model_type": "PPO", "policy": "MlpPolicy", "folder_path_for_models": "models-tone", "model_performance": 0}