{"learning_rate": 0.08231521007576781, "net_arch": {"pi": [999], "vf": [672, 1024, 793, 497, 470]}, "net_arch_dqn": [448, 547, 72, 584], "batch_size": 64, "model_name": "model-1709645925", "map_size": [10, 10], "reset": 129, "box_near_goal": 0.8230146603252464, "box_close_goal": 0.10421501281761436, "box_move_reward": -0.02081888125464726, "box_goal_reward": 0.9351824606408432, "box_player_reward": -0.3000882946919041, "final_player_reward": 0.5207550820908724, "preform_step": -0.42056798773690196, "win_reward": 112, "invalid_move_reward": -16.2130201644513, "no_win_reward": -18.646656618001394, "model_type": "PPO", "policy": "MlpPolicy", "folder_path_for_models": "models-tone", "model_performance": 0}