{"learning_rate": 0.08594412663600408, "net_arch": {"pi": [388, 617], "vf": [741, 862, 746, 394]}, "net_arch_dqn": [415], "batch_size": 256, "model_name": "model-1709343384", "map_size": [10, 10], "reset": 137, "box_near_goal": 0.05367518936338678, "box_close_goal": 0.698233188323765, "box_move_reward": 0.7860732161481774, "box_goal_reward": 0.04694179749334304, "box_player_reward": -0.12582438583662237, "final_player_reward": -0.24274635900845531, "preform_step": 0.9410745134106133, "win_reward": 74, "invalid_move_reward": -18.76686718170568, "max_invalid_move_reset": 10, "model_type": "PPO", "policy": "MlpPolicy", "folder_path_for_models": "models-tone", "model_performance": 0}