{"learning_rate": 0.037263526729066215, "net_arch": {"pi": [247], "vf": [206, 373, 737, 921]}, "net_arch_dqn": [401, 619, 195, 303], "batch_size": 32, "model_name": "model-1709633611", "map_size": [10, 10], "reset": 136, "box_near_goal": 0.9795438093554957, "box_close_goal": 0.5541345271690479, "box_move_reward": -0.023060294268890447, "box_goal_reward": 0.05949770176566216, "box_player_reward": 0.004806908679708233, "final_player_reward": 0.6946337671444895, "preform_step": -0.583638975528098, "win_reward": 196, "invalid_move_reward": -13.78128578862836, "no_win_reward": -11.287435410636565, "model_type": "PPO", "policy": "MlpPolicy", "folder_path_for_models": "models-tone", "model_performance": 0}