{"learning_rate": 0.007453106182483237, "net_arch": {"pi": [805, 557], "vf": [966, 296]}, "net_arch_dqn": [260, 714, 114, 90], "batch_size": 128, "model_name": "model-1709387753", "map_size": [10, 10], "reset": 60, "box_near_goal": 0.12168085436411469, "box_close_goal": 0.6871953482707283, "box_move_reward": 0.6718106810708744, "box_goal_reward": 0.4628330853291991, "box_player_reward": 0.4900988021164905, "final_player_reward": -0.5004413173857838, "preform_step": 0.5637885207619568, "win_reward": 88, "invalid_move_reward": -5.198012551739591, "max_invalid_move_reset": 20, "model_type": "DQN", "policy": "MlpPolicy", "folder_path_for_models": "models-tone", "model_performance": 0}