{"learning_rate": 0.07407809561193181, "net_arch": {"pi": [417, 531], "vf": [480, 845]}, "net_arch_dqn": [959, 902, 224, 863, 720], "batch_size": 32, "model_name": "model-1709660007", "map_size": [10, 10], "reset": 104, "box_near_goal": 0.5248132631780703, "box_close_goal": 0.6571865251128209, "box_move_reward": 0.2953327660283924, "box_goal_reward": -0.02120870623807458, "box_player_reward": -0.6834467439167284, "final_player_reward": -0.631818570909616, "preform_step": -0.13603009629267682, "win_reward": 64, "invalid_move_reward": -7.975250390450153, "no_win_reward": -15.85955715817076, "model_type": "PPO", "policy": "MlpPolicy", "folder_path_for_models": "models-tone", "model_performance": 0}