{"learning_rate": 0.09107611350007973, "net_arch": {"pi": [440, 826, 895], "vf": [271, 598, 244, 198]}, "net_arch_dqn": [295], "batch_size": 128, "model_name": "model-1709348029", "map_size": [10, 10], "reset": 195, "box_near_goal": 0.9410763465456079, "box_close_goal": 0.6057169886350624, "box_move_reward": -0.05612856872771599, "box_goal_reward": -0.1785582409882278, "box_player_reward": -0.5496377066935518, "final_player_reward": -0.23298503570436746, "preform_step": 0.8278056510806722, "win_reward": 79, "invalid_move_reward": -13.439677085099774, "max_invalid_move_reset": 12, "model_type": "DQN", "policy": "MlpPolicy", "folder_path_for_models": "models-tone", "model_performance": 41.08378870673953}