{"learning_rate": 0.07819089664365404, "net_arch": {"pi": [92, 991, 171, 1008, 910], "vf": [746, 288, 253]}, "net_arch_dqn": [287, 865, 434], "batch_size": 32, "model_name": "model-1709404521", "map_size": [10, 10], "reset": 150, "box_near_goal": 0.19383110281151295, "box_close_goal": 0.9704357403299795, "box_move_reward": 0.4113199126656999, "box_goal_reward": 0.35564611747949515, "box_player_reward": 0.6237434532012431, "final_player_reward": 0.42377368864912146, "preform_step": -0.17972885991846055, "win_reward": 116, "invalid_move_reward": -0.6866161269321438, "max_invalid_move_reset": 11, "model_type": "DQN", "policy": "MlpPolicy", "folder_path_for_models": "models-tone", "model_performance": 55.0}