{"learning_rate": 0.005012140010956132, "net_arch": {"pi": [582, 280, 314, 370], "vf": [639, 520, 744, 157]}, "net_arch_dqn": [791, 756, 488, 750, 355], "batch_size": 256, "model_name": "model-1709374740", "map_size": [10, 10], "reset": 52, "box_near_goal": 0.5993591914021726, "box_close_goal": 0.631657122714237, "box_move_reward": 0.9822553974009827, "box_goal_reward": 0.10335912696749561, "box_player_reward": -0.7139562036727951, "final_player_reward": 0.9175147023523325, "preform_step": -0.7657858974603629, "win_reward": 128, "invalid_move_reward": -10.991775434449966, "max_invalid_move_reset": 19, "model_type": "PPO", "policy": "MlpPolicy", "folder_path_for_models": "models-tone", "model_performance": 22.979797979797983}