{"learning_rate": 0.024214374418304388, "net_arch": {"pi": [821, 438, 573, 835, 172], "vf": [501]}, "net_arch_dqn": [289, 740, 508, 293], "batch_size": 256, "model_name": "model-1709632274", "map_size": [10, 10], "reset": 63, "box_near_goal": 0.21272532104909392, "box_close_goal": 0.9681051323287355, "box_move_reward": -0.39010134507223126, "box_goal_reward": -0.9551456527324482, "box_player_reward": 0.6474616552406025, "final_player_reward": 0.3122101829218922, "preform_step": -0.6890866197365242, "win_reward": 116, "invalid_move_reward": -15.196077166115023, "no_win_reward": -13.00607697134144, "model_type": "PPO", "policy": "MlpPolicy", "folder_path_for_models": "models-tone", "model_performance": 0}