{"learning_rate": 0.04223640324048295, "net_arch": {"pi": [879, 114], "vf": [320]}, "net_arch_dqn": [270], "batch_size": 64, "model_name": "model-1709343291", "map_size": [10, 10], "reset": 176, "box_near_goal": 0.013704726343922391, "box_close_goal": 0.4319101219212782, "box_move_reward": 0.01573934548396494, "box_goal_reward": 0.7522187098493207, "box_player_reward": -0.5657277023687077, "final_player_reward": 0.3476298409116314, "preform_step": 0.015392926330324519, "win_reward": 169, "invalid_move_reward": -5.172521576580831, "max_invalid_move_reset": 6, "model_type": "DQN", "policy": "MlpPolicy", "folder_path_for_models": "models-tone", "model_performance": 22.272727272727273}