{"learning_rate": 0.09677727507504172, "net_arch": {"pi": [876, 914], "vf": [361, 881, 792, 713]}, "net_arch_dqn": [603, 652, 169], "batch_size": 32, "model_name": "model-1709383713", "map_size": [10, 10], "reset": 75, "box_near_goal": 0.15479669058251533, "box_close_goal": 0.9232311633596859, "box_move_reward": -0.46323079456627436, "box_goal_reward": -0.06725914650891585, "box_player_reward": 0.3753518889697416, "final_player_reward": -0.6504930059296583, "preform_step": 0.7345324508096547, "win_reward": 73, "invalid_move_reward": -2.3099310849190324, "max_invalid_move_reset": 20, "model_type": "DQN", "policy": "MlpPolicy", "folder_path_for_models": "models-tone", "model_performance": 29.72222222222222}