{"learning_rate": 0.07000012780828864, "net_arch": {"pi": [888, 88, 307, 498, 864], "vf": [498, 639, 953, 427, 817]}, "net_arch_dqn": [626, 679], "batch_size": 64, "model_name": "model-1709366610", "map_size": [10, 10], "reset": 83, "box_near_goal": 0.9813937482452002, "box_close_goal": 0.4458104461886556, "box_move_reward": -0.7115009841746545, "box_goal_reward": -0.7162090836495068, "box_player_reward": -0.6370670452101153, "final_player_reward": 0.37404036784901096, "preform_step": 0.38972939437379894, "win_reward": 81, "invalid_move_reward": -10.28420832515989, "max_invalid_move_reset": 20, "model_type": "PPO", "policy": "MlpPolicy", "folder_path_for_models": "models-tone", "model_performance": 0}