{"learning_rate": 0.006733024188706306, "net_arch": {"pi": [818], "vf": [974]}, "net_arch_dqn": [185, 416], "batch_size": 128, "model_name": "model-1709635792", "map_size": [10, 10], "reset": 191, "box_near_goal": 0.32911432735625834, "box_close_goal": 0.8452435665845641, "box_move_reward": 0.5069712711936378, "box_goal_reward": -0.8388283059781418, "box_player_reward": -0.2463232342733821, "final_player_reward": 0.4576020983857483, "preform_step": -0.7758633142969542, "win_reward": 75, "invalid_move_reward": -5.239194176345441, "no_win_reward": -19.245019598952656, "model_type": "PPO", "policy": "MlpPolicy", "folder_path_for_models": "models-tone", "model_performance": 0}