{"learning_rate": 0.07170551959478402, "net_arch": {"pi": [523, 568, 514, 373, 347], "vf": [267, 330, 188, 315, 865]}, "net_arch_dqn": [699, 667, 372, 775], "batch_size": 256, "model_name": "model-1709406419", "map_size": [10, 10], "reset": 86, "box_near_goal": 0.252374478686895, "box_close_goal": 0.7202673501046657, "box_move_reward": -0.22331115945019953, "box_goal_reward": 0.12541050739372928, "box_player_reward": 0.9016266825007375, "final_player_reward": -0.4397767397015391, "preform_step": 0.7332929616224686, "win_reward": 162, "invalid_move_reward": -1.2566194822316348, "max_invalid_move_reset": 19, "model_type": "PPO", "policy": "MlpPolicy", "folder_path_for_models": "models-tone", "model_performance": 0}