{"learning_rate": 0.07383294071924092, "net_arch": {"pi": [878, 625, 553, 912], "vf": [684]}, "net_arch_dqn": [821, 684], "batch_size": 64, "model_name": "model-1709399970", "map_size": [10, 10], "reset": 50, "box_near_goal": 0.18075677777804977, "box_close_goal": 0.14462261707442947, "box_move_reward": -0.1625928599363453, "box_goal_reward": 0.7961094520650764, "box_player_reward": -0.7199831101631691, "final_player_reward": -0.39955255174928017, "preform_step": -0.2750254084262753, "win_reward": 175, "invalid_move_reward": -15.278604038702337, "max_invalid_move_reset": 14, "model_type": "PPO", "policy": "MlpPolicy", "folder_path_for_models": "models-tone", "model_performance": 0}