{"learning_rate": 0.028565884622518023, "net_arch": {"pi": [731, 894], "vf": [482, 904, 799, 1014]}, "net_arch_dqn": [633, 775], "batch_size": 256, "model_name": "model-1709651974", "map_size": [10, 10], "reset": 159, "box_near_goal": 0.5560101992227069, "box_close_goal": 0.9683867849175645, "box_move_reward": -0.6316236279630583, "box_goal_reward": 0.7979955762669939, "box_player_reward": -0.623134634482015, "final_player_reward": 0.055544082222861446, "preform_step": -0.8256785185524451, "win_reward": 170, "invalid_move_reward": -11.035923402308994, "no_win_reward": -1.441475270777424, "model_type": "DQN", "policy": "MlpPolicy", "folder_path_for_models": "models-tone", "model_performance": 0}