{"learning_rate": 0.04138082031160643, "net_arch": {"pi": [498, 284], "vf": [796, 777, 240, 71]}, "net_arch_dqn": [710, 788, 415], "batch_size": 64, "model_name": "model-1709366163", "map_size": [10, 10], "reset": 141, "box_near_goal": 0.010840480905546013, "box_close_goal": 0.13874444833097777, "box_move_reward": 0.6671147432676425, "box_goal_reward": -0.42108319198529354, "box_player_reward": -0.43085410255071044, "final_player_reward": 0.28830758730854966, "preform_step": -0.14339986834149254, "win_reward": 87, "invalid_move_reward": -9.830642013382093, "max_invalid_move_reset": 7, "model_type": "DQN", "policy": "MlpPolicy", "folder_path_for_models": "models-tone", "model_performance": 11.538461538461538}