{"learning_rate": 0.004245426327133747, "net_arch": {"pi": [835, 332, 846], "vf": [754]}, "net_arch_dqn": [102, 487], "batch_size": 128, "model_name": "model-1709361144", "map_size": [10, 10], "reset": 75, "box_near_goal": 0.8598324908284495, "box_close_goal": 0.8687412901493455, "box_move_reward": -0.34580949465827127, "box_goal_reward": 0.07872717936765472, "box_player_reward": -0.6432584811536963, "final_player_reward": 0.06799914977942012, "preform_step": -0.8919565692756362, "win_reward": 67, "invalid_move_reward": -2.989007972650029, "max_invalid_move_reset": 18, "model_type": "PPO", "policy": "MlpPolicy", "folder_path_for_models": "models-tone", "model_performance": 110.72261072261072}