{"learning_rate": 0.03632340989864423, "net_arch": {"pi": [776, 1013], "vf": [694, 627]}, "net_arch_dqn": [866], "batch_size": 256, "model_name": "model-1709658586", "map_size": [10, 10], "reset": 99, "box_near_goal": 0.9252608168031458, "box_close_goal": 0.5713781631651151, "box_move_reward": 0.8631302353488264, "box_goal_reward": 0.8667509269977487, "box_player_reward": 0.9192181533103101, "final_player_reward": -0.3115216082907273, "preform_step": -0.7489036937776798, "win_reward": 69, "invalid_move_reward": -9.318168396997317, "no_win_reward": -14.59871900161061, "model_type": "PPO", "policy": "MlpPolicy", "folder_path_for_models": "models-tone", "model_performance": 0}