{"learning_rate": 0.04240650415218819, "net_arch": {"pi": [811, 492, 149, 480, 291], "vf": [1007]}, "net_arch_dqn": [543, 517], "batch_size": 256, "model_name": "model-1709349577", "map_size": [10, 10], "reset": 69, "box_near_goal": 0.3626769203124873, "box_close_goal": 0.001285670270508854, "box_move_reward": 0.004421849050035398, "box_goal_reward": -0.3392371816218207, "box_player_reward": 0.7079543682682521, "final_player_reward": 0.3245054047235436, "preform_step": 0.7944248150928526, "win_reward": 81, "invalid_move_reward": -13.226311476733535, "max_invalid_move_reset": 15, "model_type": "DQN", "policy": "MlpPolicy", "folder_path_for_models": "models-tone", "model_performance": 18.30601092896175}