{"learning_rate": 0.043501637702874595, "net_arch": {"pi": [547], "vf": [424, 744, 181]}, "net_arch_dqn": [447, 598, 110, 226], "batch_size": 128, "model_name": "model-1709622687", "map_size": [10, 10], "reset": 56, "box_near_goal": 0.4442997222244508, "box_close_goal": 0.45092583618707704, "box_move_reward": 0.854735791292349, "box_goal_reward": 0.9931552924204534, "box_player_reward": -0.7138108935288119, "final_player_reward": -0.314723013765017, "preform_step": 0.06310756639871395, "win_reward": 72, "invalid_move_reward": -13.959006739441014, "no_win_reward": -8.458841728074233, "model_type": "PPO", "policy": "MlpPolicy", "folder_path_for_models": "models-tone", "model_performance": 0}