{"learning_rate": 0.02197385178420394, "net_arch": {"pi": [395, 691, 278, 230], "vf": [971]}, "net_arch_dqn": [974, 836, 339, 554], "batch_size": 128, "model_name": "model-1709662463", "map_size": [10, 10], "reset": 136, "box_near_goal": 0.0229763611283188, "box_close_goal": 0.9625649395792839, "box_move_reward": 0.26236138259165354, "box_goal_reward": 0.5641181920023928, "box_player_reward": 0.6536852914501894, "final_player_reward": 0.7807363352055643, "preform_step": -0.9378704463487599, "win_reward": 190, "invalid_move_reward": -0.5742479793635518, "no_win_reward": -12.582989952117947, "model_type": "PPO", "policy": "MlpPolicy", "folder_path_for_models": "models-tone", "model_performance": 0}