{"learning_rate": 0.05994690277958065, "net_arch": {"pi": [718, 156, 88, 603, 283], "vf": [139]}, "net_arch_dqn": [679, 847], "batch_size": 256, "model_name": "model-1709396016", "map_size": [10, 10], "reset": 92, "box_near_goal": 0.8269812258795812, "box_close_goal": 0.20823012070467062, "box_move_reward": 0.5533856445361487, "box_goal_reward": -0.4491524602229915, "box_player_reward": 0.5158811444075104, "final_player_reward": 0.2980046651101005, "preform_step": -0.007492504866294825, "win_reward": 65, "invalid_move_reward": -19.438033306556076, "max_invalid_move_reset": 12, "model_type": "PPO", "policy": "MlpPolicy", "folder_path_for_models": "models-tone", "model_performance": 0}