{"learning_rate": 0.002619050963356532, "net_arch": {"pi": [94], "vf": [658, 363]}, "net_arch_dqn": [111], "batch_size": 256, "model_name": "model-1709661979", "map_size": [10, 10], "reset": 195, "box_near_goal": 0.7467016514841406, "box_close_goal": 0.9021562028153651, "box_move_reward": -0.18064536970813205, "box_goal_reward": -0.701684046864071, "box_player_reward": -0.7994668052384577, "final_player_reward": 0.9004220764529542, "preform_step": -0.41639112621429875, "win_reward": 147, "invalid_move_reward": -12.285112419698663, "no_win_reward": -10.95288002964635, "model_type": "DQN", "policy": "MlpPolicy", "folder_path_for_models": "models-tone", "model_performance": 1.3888888888888888}