{"learning_rate": 0.03630565700302627, "net_arch": {"pi": [1011], "vf": [471]}, "net_arch_dqn": [844, 997, 786], "batch_size": 64, "model_name": "model-1709662797", "map_size": [10, 10], "reset": 75, "box_near_goal": 0.5556363228852546, "box_close_goal": 0.7550180115599285, "box_move_reward": 0.9856891671355772, "box_goal_reward": -0.7176985500110529, "box_player_reward": -0.29233150893149107, "final_player_reward": -0.19650444237907316, "preform_step": 0.30538413132700426, "win_reward": 64, "invalid_move_reward": -0.633455710261444, "no_win_reward": -0.5060639826049353, "model_type": "PPO", "policy": "MlpPolicy", "folder_path_for_models": "models-tone", "model_performance": 0}