{"learning_rate": 0.06839764525864479, "net_arch": {"pi": [756, 516, 801], "vf": [249]}, "net_arch_dqn": [349], "batch_size": 256, "model_name": "model-1709654026", "map_size": [10, 10], "reset": 140, "box_near_goal": 0.6201213602153702, "box_close_goal": 0.16783076181924972, "box_move_reward": 0.7620684804212314, "box_goal_reward": -0.6203691493152765, "box_player_reward": -0.27291947149125284, "final_player_reward": 0.13752779385052238, "preform_step": 0.23078688947273052, "win_reward": 172, "invalid_move_reward": -12.401570552724912, "no_win_reward": -5.671562315645243, "model_type": "DQN", "policy": "MlpPolicy", "folder_path_for_models": "models-tone", "model_performance": 0}