{"learning_rate": 0.028591232385090478, "net_arch": {"pi": [690, 725, 379, 241], "vf": [517]}, "net_arch_dqn": [622, 822, 631, 742, 533], "batch_size": 32, "model_name": "model-1709657579", "map_size": [10, 10], "reset": 96, "box_near_goal": 0.7461006535253589, "box_close_goal": 0.3698199830999448, "box_move_reward": -0.6195073011857835, "box_goal_reward": 0.5872026467727274, "box_player_reward": -0.20380748369258916, "final_player_reward": 0.29156673486306506, "preform_step": -0.15632782049008953, "win_reward": 137, "invalid_move_reward": -16.39514344540611, "no_win_reward": -18.925836555993488, "model_type": "PPO", "policy": "MlpPolicy", "folder_path_for_models": "models-tone", "model_performance": 0}