{"learning_rate": 0.029895131411210238, "net_arch": {"pi": [989, 177, 713], "vf": [521, 835]}, "net_arch_dqn": [811, 101, 213, 729, 310], "batch_size": 256, "model_name": "model-1709355263", "map_size": [10, 10], "reset": 105, "box_near_goal": 0.5905060333241338, "box_close_goal": 0.9929338580118431, "box_move_reward": 0.3080045722945648, "box_goal_reward": -0.37613444104171156, "box_player_reward": -0.9915693820780529, "final_player_reward": 0.4256623043580616, "preform_step": -0.8894383582813057, "win_reward": 99, "invalid_move_reward": -6.730411878122462, "max_invalid_move_reset": 14, "model_type": "DQN", "policy": "MlpPolicy", "folder_path_for_models": "models-tone", "model_performance": 101.69491525423729}