{"learning_rate": 0.07293450821169259, "net_arch": {"pi": [1017, 319, 313, 320, 874], "vf": [383, 235]}, "net_arch_dqn": [779, 363, 364, 549], "batch_size": 64, "model_name": "model-1709378272", "map_size": [10, 10], "reset": 142, "box_near_goal": 0.23031572497725006, "box_close_goal": 0.05788219328293753, "box_move_reward": 0.30782011605229087, "box_goal_reward": -0.024060849407949503, "box_player_reward": 0.7198528025697066, "final_player_reward": 0.96989257683191, "preform_step": 0.8322595564269561, "win_reward": 53, "invalid_move_reward": -1.5439939068126947, "max_invalid_move_reset": 11, "model_type": "PPO", "policy": "MlpPolicy", "folder_path_for_models": "models-tone", "model_performance": 0}