{"learning_rate": 0.06630042123821739, "net_arch": {"pi": [911, 962], "vf": [721, 897, 64]}, "net_arch_dqn": [920, 709, 630, 563], "batch_size": 256, "model_name": "model-1709436562", "map_size": [10, 10], "reset": 142, "box_near_goal": 0.7053679153792053, "box_close_goal": 0.14182284835952774, "box_move_reward": 0.2940712532852534, "box_goal_reward": 0.9498711669244768, "box_player_reward": -0.4202914703836156, "final_player_reward": 0.17216947000453953, "preform_step": 0.5657712987794974, "win_reward": 79, "invalid_move_reward": -4.659704537069029, "max_invalid_move_reset": 17, "model_type": "PPO", "policy": "MlpPolicy", "folder_path_for_models": "models-tone", "model_performance": 37.67538029833112}