{"learning_rate": 0.08675066286020336, "net_arch": {"pi": [1024, 501], "vf": [490, 125, 506, 909]}, "net_arch_dqn": [726, 77, 259], "batch_size": 32, "model_name": "model-1709644706", "map_size": [10, 10], "reset": 160, "box_near_goal": 0.3455288094913632, "box_close_goal": 0.04012474280455525, "box_move_reward": -0.6730412376681651, "box_goal_reward": -0.8224676339899324, "box_player_reward": 0.9942972424800849, "final_player_reward": -0.6527426125304634, "preform_step": 0.6778610965238718, "win_reward": 183, "invalid_move_reward": -2.3982707529896885, "no_win_reward": -8.298136271509959, "model_type": "PPO", "policy": "MlpPolicy", "folder_path_for_models": "models-tone", "model_performance": 0}