{"learning_rate": 0.08024095451862347, "net_arch": {"pi": [111, 728, 65, 939], "vf": [890, 422, 228]}, "net_arch_dqn": [163], "batch_size": 32, "model_name": "model-1709408880", "map_size": [10, 10], "reset": 168, "box_near_goal": 0.919187889029995, "box_close_goal": 0.9744496015480837, "box_move_reward": 0.1810515861093327, "box_goal_reward": -0.5668027179671105, "box_player_reward": -0.9622388105384607, "final_player_reward": -0.37993707832402235, "preform_step": -0.8179539951375441, "win_reward": 117, "invalid_move_reward": -14.994529471871834, "max_invalid_move_reset": 14, "model_type": "DQN", "policy": "MlpPolicy", "folder_path_for_models": "models-tone", "model_performance": 5.359014675052411}