{"learning_rate": 0.04634363686782401, "net_arch": {"pi": [488, 596], "vf": [858]}, "net_arch_dqn": [1015, 745, 233], "batch_size": 256, "model_name": "model-1709627819", "map_size": [10, 10], "reset": 89, "box_near_goal": 0.9886720423849069, "box_close_goal": 0.5933346119261108, "box_move_reward": 0.7901207226511362, "box_goal_reward": -0.7488414926095255, "box_player_reward": -0.25127144457130735, "final_player_reward": -0.11986478166368619, "preform_step": -0.3024838072980509, "win_reward": 129, "invalid_move_reward": -3.023081891330417, "no_win_reward": -6.918706738856489, "model_type": "DQN", "policy": "MlpPolicy", "folder_path_for_models": "models-tone", "model_performance": 0}