{"learning_rate": 0.060611817472818186, "net_arch": {"pi": [810, 913, 865, 70], "vf": [633, 559, 642]}, "net_arch_dqn": [797, 344, 361, 961, 916], "batch_size": 256, "model_name": "model-1709343043", "map_size": [10, 10], "reset": 135, "box_near_goal": 0.9055021530085448, "box_close_goal": 0.8643595400845124, "box_move_reward": -0.8438567718622316, "box_goal_reward": -0.5356716086998619, "box_player_reward": 0.39261308139321094, "final_player_reward": -0.8192014545905728, "preform_step": -0.9400654973506428, "win_reward": 108, "invalid_move_reward": -10.654133921771663, "max_invalid_move_reset": 12, "model_type": "DQN", "policy": "MlpPolicy", "folder_path_for_models": "models-tone", "model_performance": 33.58076563958917}