{"learning_rate": 0.05409677064858243, "net_arch": {"pi": [1017, 954], "vf": [378, 612]}, "net_arch_dqn": [921, 846], "batch_size": 32, "model_name": "model-1709436605", "map_size": [10, 10], "reset": 192, "box_near_goal": 0.7965899844342121, "box_close_goal": 0.929465179672088, "box_move_reward": -0.1084740200013754, "box_goal_reward": -0.4836322397896271, "box_player_reward": -0.5100797514110864, "final_player_reward": 0.32815729377914127, "preform_step": -0.3288806966543305, "win_reward": 190, "invalid_move_reward": -7.095034169942094, "max_invalid_move_reset": 13, "model_type": "PPO", "policy": "MlpPolicy", "folder_path_for_models": "models-tone", "model_performance": 0}