{"learning_rate": 0.01680388682636198, "net_arch": {"pi": [329, 729, 534], "vf": [218, 387, 998, 934]}, "net_arch_dqn": [635, 395, 558], "batch_size": 128, "model_name": "model-1709361332", "map_size": [10, 10], "reset": 178, "box_near_goal": 0.9907968325159551, "box_close_goal": 0.11921484586783904, "box_move_reward": 0.19498472313722726, "box_goal_reward": 0.756143288734346, "box_player_reward": -0.5494442284224221, "final_player_reward": 0.13580518632308736, "preform_step": 0.48331403904379266, "win_reward": 91, "invalid_move_reward": -1.7963662260814388, "max_invalid_move_reset": 5, "model_type": "DQN", "policy": "MlpPolicy", "folder_path_for_models": "models-tone", "model_performance": 11.27124183006536}