{"learning_rate": 0.06251620869130549, "net_arch": {"pi": [513, 494, 448, 534], "vf": [584, 944, 410, 791, 834]}, "net_arch_dqn": [716, 576], "batch_size": 64, "model_name": "model-1709373337", "map_size": [10, 10], "reset": 86, "box_near_goal": 0.23985784735931837, "box_close_goal": 0.705337364471964, "box_move_reward": -0.6580945459928909, "box_goal_reward": 0.7365583236820199, "box_player_reward": 0.8267506190964844, "final_player_reward": -0.7421804627181539, "preform_step": -0.8000125596551284, "win_reward": 131, "invalid_move_reward": -5.046573507738017, "max_invalid_move_reset": 13, "model_type": "DQN", "policy": "MlpPolicy", "folder_path_for_models": "models-tone", "model_performance": 16.208791208791208}