{"learning_rate": 0.0905076215359333, "net_arch": {"pi": [195, 549, 859, 494, 885], "vf": [772, 582, 634, 584, 392]}, "net_arch_dqn": [982, 986, 793, 287, 234], "batch_size": 128, "model_name": "model-1709436382", "map_size": [10, 10], "reset": 56, "box_near_goal": 0.3075766382617682, "box_close_goal": 0.038769508083492665, "box_move_reward": 0.4555324096655162, "box_goal_reward": 0.6086117392827033, "box_player_reward": 0.05329362128007986, "final_player_reward": 0.20480493971620284, "preform_step": 0.11358026150646405, "win_reward": 128, "invalid_move_reward": -16.350601962786932, "max_invalid_move_reset": 19, "model_type": "DQN", "policy": "MlpPolicy", "folder_path_for_models": "models-tone", "model_performance": 12.644368210405947}