{"learning_rate": 0.09416717316110662, "net_arch": {"pi": [883, 222, 964, 911, 861], "vf": [793, 1019, 740, 345, 292]}, "net_arch_dqn": [1001, 713], "batch_size": 128, "model_name": "model-1709637494", "map_size": [10, 10], "reset": 143, "box_near_goal": 0.27369889794015956, "box_close_goal": 0.3508592928067833, "box_move_reward": 0.06737251432418345, "box_goal_reward": -0.8738407922325917, "box_player_reward": -0.05152903384378815, "final_player_reward": -0.35071508090710934, "preform_step": -0.5314915533019178, "win_reward": 51, "invalid_move_reward": -0.006162069991738406, "no_win_reward": -11.962077810571882, "model_type": "PPO", "policy": "MlpPolicy", "folder_path_for_models": "models-tone", "model_performance": 0}