{"learning_rate": 0.0556757904337562, "net_arch": {"pi": [132, 473], "vf": [219, 581]}, "net_arch_dqn": [851], "batch_size": 128, "model_name": "model-1709432284", "map_size": [10, 10], "reset": 88, "box_near_goal": 0.9667735371656518, "box_close_goal": 0.7765954051879773, "box_move_reward": 0.7824281434162368, "box_goal_reward": -0.1868758800030712, "box_player_reward": -0.5996217170041513, "final_player_reward": 0.8363946827939239, "preform_step": -0.7480578337221251, "win_reward": 188, "invalid_move_reward": -16.65908379416912, "max_invalid_move_reset": 17, "model_type": "DQN", "policy": "MlpPolicy", "folder_path_for_models": "models-tone", "model_performance": 10.0}