{"learning_rate": 0.03577380641770114, "net_arch": {"pi": [843, 467, 1024], "vf": [974, 683, 723, 860]}, "net_arch_dqn": [440, 451], "batch_size": 256, "model_name": "model-1709637000", "map_size": [10, 10], "reset": 173, "box_near_goal": 0.1990254368710589, "box_close_goal": 0.7328088039502637, "box_move_reward": 0.9587705633269406, "box_goal_reward": -0.06704843093852464, "box_player_reward": -0.5460338174770012, "final_player_reward": 0.004293306717319867, "preform_step": 0.8211527323401893, "win_reward": 132, "invalid_move_reward": -14.057908076078682, "no_win_reward": -9.763040277788226, "model_type": "DQN", "policy": "MlpPolicy", "folder_path_for_models": "models-tone", "model_performance": 0}