{"learning_rate": 0.026083627902789126, "net_arch": {"pi": [150, 537, 516], "vf": [770, 672, 572, 738, 431]}, "net_arch_dqn": [872, 412, 900, 689], "batch_size": 64, "model_name": "model-1709667801", "map_size": [10, 10], "reset": 160, "box_near_goal": 0.949733053720408, "box_close_goal": 0.6095449396564442, "box_move_reward": -0.45788153301716017, "box_goal_reward": 0.6340725048636848, "box_player_reward": 0.5699729912044158, "final_player_reward": -0.2943502599588177, "preform_step": 0.28694750464671315, "win_reward": 193, "invalid_move_reward": -8.8867588776803, "no_win_reward": -15.297467022156294, "model_type": "DQN", "policy": "MlpPolicy", "folder_path_for_models": "models-tone", "model_performance": 1.3888888888888888}