{"learning_rate": 0.07696736528490103, "net_arch": {"pi": [224, 753, 155, 266, 930], "vf": [688, 390, 232, 955, 191]}, "net_arch_dqn": [457, 820, 291, 677, 143], "batch_size": 128, "model_name": "model-1709642201", "map_size": [10, 10], "reset": 75, "box_near_goal": 0.45306772204877155, "box_close_goal": 0.5768929453227407, "box_move_reward": -0.8305107072144815, "box_goal_reward": 0.47957008052069283, "box_player_reward": 0.8618256499638735, "final_player_reward": 0.6506543718259379, "preform_step": 0.8979550927725399, "win_reward": 172, "invalid_move_reward": -14.400340786017285, "no_win_reward": -4.70782983316324, "model_type": "DQN", "policy": "MlpPolicy", "folder_path_for_models": "models-tone", "model_performance": 4.166666666666666}