{"learning_rate": 0.013438047956872137, "net_arch": {"pi": [682, 342], "vf": [300]}, "net_arch_dqn": [981, 398, 886, 539], "batch_size": 128, "model_name": "model-1709655240", "map_size": [10, 10], "reset": 126, "box_near_goal": 0.6622490757506433, "box_close_goal": 0.580062295638519, "box_move_reward": 0.25858050258072085, "box_goal_reward": 0.6471501214256321, "box_player_reward": 0.7868819816911301, "final_player_reward": -0.9356009948620334, "preform_step": -0.11605099757040716, "win_reward": 108, "invalid_move_reward": -1.9623086003713688, "no_win_reward": -4.804220267270974, "model_type": "PPO", "policy": "MlpPolicy", "folder_path_for_models": "models-tone", "model_performance": 0}