{"learning_rate": 0.08929566685923764, "net_arch": {"pi": [488, 125], "vf": [360, 98, 363]}, "net_arch_dqn": [297, 109, 318], "batch_size": 64, "model_name": "model-1709344032", "map_size": [10, 10], "reset": 62, "box_near_goal": 0.03454100407370031, "box_close_goal": 0.7387028972421102, "box_move_reward": 0.06294429399772872, "box_goal_reward": -0.9622519210881972, "box_player_reward": 0.46662666406786957, "final_player_reward": 0.2084699521291744, "preform_step": -0.5330516192661687, "win_reward": 52, "invalid_move_reward": -14.365412720615446, "max_invalid_move_reset": 17, "model_type": "DQN", "policy": "MlpPolicy", "folder_path_for_models": "models-tone", "model_performance": 19.523809523809526}