{"learning_rate": 0.08168213340033084, "net_arch": {"pi": [556], "vf": [999, 205, 587, 784, 839]}, "net_arch_dqn": [997, 698], "batch_size": 64, "model_name": "model-1709643855", "map_size": [10, 10], "reset": 89, "box_near_goal": 0.705837722725845, "box_close_goal": 0.35402410215003666, "box_move_reward": -0.207996275106217, "box_goal_reward": -0.8001085149500369, "box_player_reward": 0.09689624485619563, "final_player_reward": -0.3637299614451579, "preform_step": 0.9253996496533692, "win_reward": 157, "invalid_move_reward": -1.788517186897188, "no_win_reward": -12.951193940449803, "model_type": "PPO", "policy": "MlpPolicy", "folder_path_for_models": "models-tone", "model_performance": 0}