{"learning_rate": 0.09636417108965406, "net_arch": {"pi": [736, 1024], "vf": [983, 157, 290, 362, 529]}, "net_arch_dqn": [528, 522, 534], "batch_size": 64, "model_name": "model-1709356400", "map_size": [10, 10], "reset": 52, "box_near_goal": 0.03281207763690941, "box_close_goal": 0.6498487717699719, "box_move_reward": 0.5735905155334633, "box_goal_reward": -0.04097904670766339, "box_player_reward": -0.49670655798870667, "final_player_reward": 0.830023637250092, "preform_step": 0.07069186336411137, "win_reward": 200, "invalid_move_reward": -10.529338863617589, "max_invalid_move_reset": 5, "model_type": "DQN", "policy": "MlpPolicy", "folder_path_for_models": "models-tone", "model_performance": 51.30385487528344}