{"learning_rate": 0.06784693672275519, "net_arch": {"pi": [785, 615, 608, 739, 192], "vf": [960, 271, 97, 312, 517]}, "net_arch_dqn": [347, 372, 347, 356, 987], "batch_size": 128, "model_name": "model-1709390306", "map_size": [10, 10], "reset": 71, "box_near_goal": 0.8106773644072562, "box_close_goal": 0.8558600121921931, "box_move_reward": 0.3589429612392865, "box_goal_reward": 0.3649504105062813, "box_player_reward": 0.6487411836509254, "final_player_reward": -0.9251511191906567, "preform_step": -0.24085156306781008, "win_reward": 115, "invalid_move_reward": -7.103248515742466, "max_invalid_move_reset": 19, "model_type": "PPO", "policy": "MlpPolicy", "folder_path_for_models": "models-tone", "model_performance": 50.94827586206897}