{"learning_rate": 0.06915011270676813, "net_arch": {"pi": [234], "vf": [894, 149, 768, 370, 915]}, "net_arch_dqn": [254, 182], "batch_size": 64, "model_name": "model-1709640778", "map_size": [10, 10], "reset": 59, "box_near_goal": 0.6691906719782972, "box_close_goal": 0.0950844328891648, "box_move_reward": -0.6484391713059598, "box_goal_reward": -0.278087701882372, "box_player_reward": -0.735256850846993, "final_player_reward": 0.786386884176093, "preform_step": -0.531193882612615, "win_reward": 151, "invalid_move_reward": -9.497703569281464, "no_win_reward": -14.302107705061658, "model_type": "DQN", "policy": "MlpPolicy", "folder_path_for_models": "models-tone", "model_performance": 1.3888888888888888}