{"learning_rate": 0.09414215263332418, "net_arch": {"pi": [471, 750, 758, 653, 580], "vf": [244, 323]}, "net_arch_dqn": [185, 73, 751, 605, 198], "batch_size": 128, "model_name": "model-1709625181", "map_size": [10, 10], "reset": 127, "box_near_goal": 0.9425747448836769, "box_close_goal": 0.5297458421208008, "box_move_reward": -0.3476129439683626, "box_goal_reward": -0.8701360741985447, "box_player_reward": -0.20594684699787336, "final_player_reward": 0.011448066824693237, "preform_step": 0.9902444447451195, "win_reward": 56, "invalid_move_reward": -6.70278873664965, "no_win_reward": -1.6769317702043978, "model_type": "DQN", "policy": "MlpPolicy", "folder_path_for_models": "models-tone", "model_performance": 4.166666666666666}