{"learning_rate": 0.06212324617957417, "net_arch": {"pi": [233, 70, 510, 969], "vf": [534, 569, 731, 249, 336]}, "net_arch_dqn": [283, 533, 510], "batch_size": 64, "model_name": "model-1709650168", "map_size": [10, 10], "reset": 164, "box_near_goal": 0.8051363746496353, "box_close_goal": 0.6296014101748043, "box_move_reward": -0.2902440769788972, "box_goal_reward": -0.16577469528641675, "box_player_reward": 0.2689631531128953, "final_player_reward": 0.8902783093927051, "preform_step": -0.59887005223462, "win_reward": 144, "invalid_move_reward": -17.822034709930378, "no_win_reward": -3.6721179798075383, "model_type": "DQN", "policy": "MlpPolicy", "folder_path_for_models": "models-tone", "model_performance": 1.3888888888888888}