{"learning_rate": 0.03165424603444142, "net_arch": {"pi": [933, 896, 389], "vf": [772, 337, 384, 573]}, "net_arch_dqn": [790, 542, 789, 200], "batch_size": 32, "model_name": "model-1709626722", "map_size": [10, 10], "reset": 127, "box_near_goal": 0.4850397309900343, "box_close_goal": 0.8947762651373946, "box_move_reward": 0.2862038864075238, "box_goal_reward": -0.929271434830073, "box_player_reward": -0.14985680059782625, "final_player_reward": 0.3874688855363484, "preform_step": -0.9245237725994853, "win_reward": 130, "invalid_move_reward": -2.0631069035495173, "no_win_reward": -11.606545835421919, "model_type": "DQN", "policy": "MlpPolicy", "folder_path_for_models": "models-tone", "model_performance": 1.3888888888888888}