{"learning_rate": 0.08704133891354322, "net_arch": {"pi": [190, 792, 632, 187, 329], "vf": [692]}, "net_arch_dqn": [144, 85, 974, 156, 220], "batch_size": 128, "model_name": "model-1709349570", "map_size": [10, 10], "reset": 95, "box_near_goal": 0.5878564606414778, "box_close_goal": 0.3690793635340117, "box_move_reward": 0.6443608015317179, "box_goal_reward": -0.23482157498272316, "box_player_reward": -0.46828673184162306, "final_player_reward": 0.6759160849834456, "preform_step": -0.3237784244138182, "win_reward": 129, "invalid_move_reward": -1.5964339750336123, "max_invalid_move_reset": 10, "model_type": "PPO", "policy": "MlpPolicy", "folder_path_for_models": "models-tone", "model_performance": 0}