{"learning_rate": 0.08315442214367451, "net_arch": {"pi": [390], "vf": [405, 532]}, "net_arch_dqn": [105, 263], "batch_size": 256, "model_name": "model-1709357881", "map_size": [10, 10], "reset": 99, "box_near_goal": 0.9723778256668493, "box_close_goal": 0.7210845142089103, "box_move_reward": 0.5079530617669743, "box_goal_reward": 0.47925316234196336, "box_player_reward": -0.9696432599542215, "final_player_reward": -0.4450741789587209, "preform_step": -0.13479333143005223, "win_reward": 165, "invalid_move_reward": -18.135423019760616, "max_invalid_move_reset": 15, "model_type": "DQN", "policy": "MlpPolicy", "folder_path_for_models": "models-tone", "model_performance": 81.42857142857142}