{"learning_rate": 0.061220251396129514, "net_arch": {"pi": [422, 330], "vf": [667, 397, 190]}, "net_arch_dqn": [827, 490], "batch_size": 256, "model_name": "model-1709383195", "map_size": [10, 10], "reset": 136, "box_near_goal": 0.237687379613167, "box_close_goal": 0.6783334235992997, "box_move_reward": 0.17706595366199074, "box_goal_reward": 0.8683177504174755, "box_player_reward": 0.7054378997707529, "final_player_reward": -0.2236982835120067, "preform_step": -0.06770227794340755, "win_reward": 76, "invalid_move_reward": -14.327101035135719, "max_invalid_move_reset": 15, "model_type": "PPO", "policy": "MlpPolicy", "folder_path_for_models": "models-tone", "model_performance": 0}