{"learning_rate": 0.06393400862213834, "net_arch": {"pi": [675, 186, 693, 482, 198], "vf": [631, 783]}, "net_arch_dqn": [579, 81], "batch_size": 64, "model_name": "model-1709639867", "map_size": [10, 10], "reset": 64, "box_near_goal": 0.5747832978116674, "box_close_goal": 0.7927495248080648, "box_move_reward": 0.401072620780901, "box_goal_reward": -0.1304664385761336, "box_player_reward": -0.45548959876979445, "final_player_reward": 0.7473090633368722, "preform_step": -0.19189785223611944, "win_reward": 179, "invalid_move_reward": -8.83946220011804, "no_win_reward": -3.0401846026780284, "model_type": "PPO", "policy": "MlpPolicy", "folder_path_for_models": "models-tone", "model_performance": 0}