{"learning_rate": 0.0031820816747725475, "net_arch": {"pi": [99, 825, 946], "vf": [589, 747, 538, 408]}, "net_arch_dqn": [475, 90, 782, 279], "batch_size": 256, "model_name": "model-1709359293", "map_size": [10, 10], "reset": 142, "box_near_goal": 0.3456221925271519, "box_close_goal": 0.8982530233104576, "box_move_reward": -0.601165651493071, "box_goal_reward": 0.8178532801770644, "box_player_reward": -0.235142925688977, "final_player_reward": 0.9418940979046944, "preform_step": -0.9554658159660321, "win_reward": 51, "invalid_move_reward": -5.584911812221932, "max_invalid_move_reset": 13, "model_type": "DQN", "policy": "MlpPolicy", "folder_path_for_models": "models-tone", "model_performance": 0}