{"learning_rate": 0.08320382017272053, "net_arch": {"pi": [447, 877, 425, 393], "vf": [233, 886, 789, 666, 804]}, "net_arch_dqn": [593, 486], "batch_size": 64, "model_name": "model-1709352269", "map_size": [10, 10], "reset": 188, "box_near_goal": 0.3099424218561584, "box_close_goal": 0.8941265858008073, "box_move_reward": -0.8903010322336731, "box_goal_reward": 0.7847877133704149, "box_player_reward": -0.7293295724238478, "final_player_reward": -0.25295837500200014, "preform_step": -0.6416900382135986, "win_reward": 133, "invalid_move_reward": -19.617744598923053, "max_invalid_move_reset": 18, "model_type": "PPO", "policy": "MlpPolicy", "folder_path_for_models": "models-tone", "model_performance": 0}