{"learning_rate": 0.05759491523751404, "net_arch": {"pi": [818, 164, 366, 125, 532], "vf": [374]}, "net_arch_dqn": [567, 211, 141, 105, 722], "batch_size": 32, "model_name": "model-1709625730", "map_size": [10, 10], "reset": 193, "box_near_goal": 0.02259399670874518, "box_close_goal": 0.25993393607548043, "box_move_reward": -0.5144954368282868, "box_goal_reward": 0.1642884761107375, "box_player_reward": -0.24139180216383171, "final_player_reward": 0.7391102404832475, "preform_step": 0.6417056745668133, "win_reward": 132, "invalid_move_reward": -11.646668685595412, "no_win_reward": -8.350625665359605, "model_type": "DQN", "policy": "MlpPolicy", "folder_path_for_models": "models-tone", "model_performance": 5.555555555555555}