{"learning_rate": 0.09808435872894647, "net_arch": {"pi": [977, 509, 602, 1015], "vf": [405, 456, 553, 230]}, "net_arch_dqn": [580, 285, 689], "batch_size": 32, "model_name": "model-1709434122", "map_size": [10, 10], "reset": 144, "box_near_goal": 0.7645964235808972, "box_close_goal": 0.6194363110602347, "box_move_reward": -0.37989016631105765, "box_goal_reward": -0.37185649634625784, "box_player_reward": -0.8520736235869955, "final_player_reward": -0.7697349311984145, "preform_step": -0.11634974487346028, "win_reward": 87, "invalid_move_reward": -1.7522446232532936, "max_invalid_move_reset": 7, "model_type": "PPO", "policy": "MlpPolicy", "folder_path_for_models": "models-tone", "model_performance": 0}