{"learning_rate": 0.033044174416916594, "net_arch": {"pi": [898, 476, 480, 751, 1017], "vf": [426, 389, 283, 227]}, "net_arch_dqn": [894], "batch_size": 32, "model_name": "model-1709642547", "map_size": [10, 10], "reset": 50, "box_near_goal": 0.24087250761788193, "box_close_goal": 0.012847876966336269, "box_move_reward": 0.15176483317611056, "box_goal_reward": 0.196437179447156, "box_player_reward": 0.31530379405342845, "final_player_reward": -0.4149597941559029, "preform_step": 0.9895450691363461, "win_reward": 81, "invalid_move_reward": -5.420514587093614, "no_win_reward": -5.386621536410402, "model_type": "DQN", "policy": "MlpPolicy", "folder_path_for_models": "models-tone", "model_performance": 0}