{"learning_rate": 0.07738423199227372, "net_arch": {"pi": [253], "vf": [424, 461]}, "net_arch_dqn": [805, 911, 710, 311], "batch_size": 64, "model_name": "model-1709345052", "map_size": [10, 10], "reset": 105, "box_near_goal": 0.1630415755836917, "box_close_goal": 0.1256948274297932, "box_move_reward": -0.9103701367409718, "box_goal_reward": -0.8934929152745683, "box_player_reward": 0.07746623440211309, "final_player_reward": -0.12050672102559212, "preform_step": 0.6934711691177231, "win_reward": 87, "invalid_move_reward": -2.498610985307657, "max_invalid_move_reset": 5, "model_type": "DQN", "policy": "MlpPolicy", "folder_path_for_models": "models-tone", "model_performance": 5.485498108448928}