{"learning_rate": 0.013686557601251079, "net_arch": {"pi": [248, 392], "vf": [200]}, "net_arch_dqn": [91, 774, 585, 621, 807], "batch_size": 64, "model_name": "model-1709396794", "map_size": [10, 10], "reset": 98, "box_near_goal": 0.8188884642163683, "box_close_goal": 0.1515275001362265, "box_move_reward": -0.8727526032908186, "box_goal_reward": -0.4647347557064718, "box_player_reward": -0.559815348995754, "final_player_reward": 0.943522903256456, "preform_step": 0.8428662900431216, "win_reward": 60, "invalid_move_reward": -6.301349451564411, "max_invalid_move_reset": 14, "model_type": "PPO", "policy": "MlpPolicy", "folder_path_for_models": "models-tone", "model_performance": 0}