{"learning_rate": 0.05294413194082841, "net_arch": {"pi": [73, 371], "vf": [1016, 603, 959, 620, 573, 122, 616]}, "net_arch_dqn": [396, 882, 612, 537, 286, 939, 531], "batch_size": 256, "model_name": "model-1709662370", "map_size": [10, 10], "reset": 93, "box_near_goal": 0.4712427796850488, "box_close_goal": 0.8745293726774854, "box_move_reward": -0.0950869713569531, "box_goal_reward": -0.6424126970948085, "box_player_reward": 0.8283145079471534, "final_player_reward": -0.5100253342524348, "preform_step": 0.2919805002795526, "win_reward": 169, "invalid_move_reward": -18.699581221910442, "no_win_reward": -15.671819862061401, "model_type": "DQN", "policy": "MlpPolicy", "folder_path_for_models": "models-tone", "model_performance": 1.3888888888888888}