{"learning_rate": 0.09135120149906178, "net_arch": {"pi": [727, 256, 152, 113], "vf": [524]}, "net_arch_dqn": [212, 864, 227, 319, 93], "batch_size": 64, "model_name": "model-1709642005", "map_size": [10, 10], "reset": 142, "box_near_goal": 0.03411727940474096, "box_close_goal": 0.8488867451687516, "box_move_reward": -0.6870220297452709, "box_goal_reward": -0.34521834237926097, "box_player_reward": 0.1290569185587238, "final_player_reward": -0.6186036321286041, "preform_step": 0.32696532650626975, "win_reward": 171, "invalid_move_reward": -7.283483694856068, "no_win_reward": -3.1072002875029767, "model_type": "PPO", "policy": "MlpPolicy", "folder_path_for_models": "models-tone", "model_performance": 0}