{"learning_rate": 0.07914429379102143, "net_arch": {"pi": [699], "vf": [808, 858, 619]}, "net_arch_dqn": [991, 347], "batch_size": 128, "model_name": "model-1709341124", "map_size": [10, 10], "reset": 81, "box_near_goal": 0.5241847804797277, "box_close_goal": 0.5135964459136174, "box_move_reward": 0.7343193882943229, "box_goal_reward": -0.018259798486112144, "box_player_reward": -0.3752021869528903, "final_player_reward": 0.07840846992517347, "preform_step": 0.9575368136552578, "win_reward": 135, "invalid_move_reward": -9.987991283556726, "max_invalid_move_reset": 10, "model_type": "PPO", "policy": "MlpPolicy", "folder_path_for_models": "models-tone", "model_performance": 0}