{"learning_rate": 0.024539231916421253, "net_arch": {"pi": [982, 1001], "vf": [345, 76, 888, 964, 727]}, "net_arch_dqn": [375, 266, 690, 378, 673], "batch_size": 64, "model_name": "model-1709430846", "map_size": [10, 10], "reset": 167, "box_near_goal": 0.8730089174351793, "box_close_goal": 0.3687189441553652, "box_move_reward": 0.7818973507075799, "box_goal_reward": -0.24371027821529534, "box_player_reward": 0.03716241286957378, "final_player_reward": -0.4699228270980136, "preform_step": 0.43487807128000244, "win_reward": 180, "invalid_move_reward": -7.073194742655966, "max_invalid_move_reset": 11, "model_type": "DQN", "policy": "MlpPolicy", "folder_path_for_models": "models-tone", "model_performance": 61.111111111111114}