{"learning_rate": 0.0228972844047211, "net_arch": {"pi": [679, 792, 969, 154], "vf": [612]}, "net_arch_dqn": [334], "batch_size": 256, "model_name": "model-1709649052", "map_size": [10, 10], "reset": 171, "box_near_goal": 0.504765728738309, "box_close_goal": 0.7227058799896693, "box_move_reward": -0.1478356783218311, "box_goal_reward": -0.5068737423461247, "box_player_reward": 0.7017773278510497, "final_player_reward": 0.8663259581709235, "preform_step": -0.47971296443515055, "win_reward": 84, "invalid_move_reward": -18.20286167319744, "no_win_reward": -1.8520541667327741, "model_type": "DQN", "policy": "MlpPolicy", "folder_path_for_models": "models-tone", "model_performance": 1.492537313432836}