{"learning_rate": 0.08739666499831537, "net_arch": {"pi": [524, 812, 480, 694, 292], "vf": [1001, 443, 803, 710, 747]}, "net_arch_dqn": [85, 884, 155, 610], "batch_size": 128, "model_name": "model-1709629425", "map_size": [10, 10], "reset": 63, "box_near_goal": 0.8199040609398459, "box_close_goal": 0.6812363421635165, "box_move_reward": -0.574586724756804, "box_goal_reward": -0.8133437695640682, "box_player_reward": -0.8082896442480385, "final_player_reward": -0.7664799784877772, "preform_step": 0.7511177948468923, "win_reward": 79, "invalid_move_reward": -10.780450114794675, "no_win_reward": -11.032161242367431, "model_type": "PPO", "policy": "MlpPolicy", "folder_path_for_models": "models-tone", "model_performance": 0}