{"learning_rate": 0.08985558214855391, "net_arch": {"pi": [685], "vf": [621, 601, 569, 209, 284]}, "net_arch_dqn": [70, 684, 571, 930], "batch_size": 64, "model_name": "model-1709638819", "map_size": [10, 10], "reset": 76, "box_near_goal": 0.0019146892643172597, "box_close_goal": 0.28099859875209543, "box_move_reward": -0.8344929661984659, "box_goal_reward": 0.23568153401351233, "box_player_reward": -0.6177374931630966, "final_player_reward": -0.44653865168807516, "preform_step": -0.7985056322751103, "win_reward": 100, "invalid_move_reward": -3.4310653573824794, "no_win_reward": -6.092110594361543, "model_type": "DQN", "policy": "MlpPolicy", "folder_path_for_models": "models-tone", "model_performance": 0}