{"learning_rate": 0.0737001901047778, "net_arch": {"pi": [781, 281, 332, 878, 475], "vf": [837, 678]}, "net_arch_dqn": [318, 68, 830, 856, 930], "batch_size": 32, "model_name": "model-1709651485", "map_size": [10, 10], "reset": 183, "box_near_goal": 0.3799713745197528, "box_close_goal": 0.5645992107862902, "box_move_reward": 0.10371965125608784, "box_goal_reward": 0.785657938681454, "box_player_reward": -0.8898931389876519, "final_player_reward": -0.1308466069050973, "preform_step": -0.3462480219062938, "win_reward": 148, "invalid_move_reward": -10.041589194449003, "no_win_reward": -13.411136562045945, "model_type": "DQN", "policy": "MlpPolicy", "folder_path_for_models": "models-tone", "model_performance": 0}