{"learning_rate": 0.0905334181088971, "net_arch": {"pi": [326, 504, 143, 1015, 664, 406], "vf": [452, 911, 925, 720, 756]}, "net_arch_dqn": [135, 359, 340, 246, 197], "batch_size": 64, "model_name": "model-1709647343", "map_size": [10, 10], "reset": 180, "box_near_goal": 0.6342648917958854, "box_close_goal": 0.24193766481196766, "box_move_reward": -0.8019725719584248, "box_goal_reward": -0.23620567649045876, "box_player_reward": 0.9188269693276294, "final_player_reward": 0.9530580354912899, "preform_step": 0.5413788282929193, "win_reward": 172, "invalid_move_reward": -14.87049797623488, "no_win_reward": -10.625616764715689, "model_type": "DQN", "policy": "MlpPolicy", "folder_path_for_models": "models-tone", "model_performance": 2.7777777777777777}