{"learning_rate": 0.06553053954992595, "net_arch": {"pi": [850, 369, 273, 79, 369], "vf": [971]}, "net_arch_dqn": [590, 345, 388, 880], "batch_size": 32, "model_name": "model-1709434948", "map_size": [10, 10], "reset": 170, "box_near_goal": 0.4216872465315973, "box_close_goal": 0.26218944379892084, "box_move_reward": -0.351140828522007, "box_goal_reward": -0.5164036716902698, "box_player_reward": -0.5659489981939518, "final_player_reward": 0.4478157589300067, "preform_step": 0.9162443878802293, "win_reward": 143, "invalid_move_reward": -13.268399646328998, "max_invalid_move_reset": 5, "model_type": "PPO", "policy": "MlpPolicy", "folder_path_for_models": "models-tone", "model_performance": 0}