{"learning_rate": 0.06997602569246339, "net_arch": {"pi": [980, 765, 782, 792], "vf": [844, 629, 854]}, "net_arch_dqn": [466, 980], "batch_size": 32, "model_name": "model-1709659282", "map_size": [10, 10], "reset": 139, "box_near_goal": 0.14253726587109683, "box_close_goal": 0.09126585452570835, "box_move_reward": 0.1455653169661204, "box_goal_reward": -0.7956387059664642, "box_player_reward": -0.9211163601202088, "final_player_reward": 0.11672581383790193, "preform_step": -0.16586501742419846, "win_reward": 76, "invalid_move_reward": -1.867693391176143, "no_win_reward": -16.61129349973421, "model_type": "PPO", "policy": "MlpPolicy", "folder_path_for_models": "models-tone", "model_performance": 0}