{"learning_rate": 0.07576061670576563, "net_arch": {"pi": [656, 239, 127, 904, 350], "vf": [454, 300]}, "net_arch_dqn": [273, 742, 730], "batch_size": 64, "model_name": "model-1709363146", "map_size": [10, 10], "reset": 180, "box_near_goal": 0.7826146443050074, "box_close_goal": 0.494855150337539, "box_move_reward": 0.6811156340265876, "box_goal_reward": 0.5677759418402832, "box_player_reward": 0.8876659297679217, "final_player_reward": -0.43168040145356756, "preform_step": 0.09333542651862436, "win_reward": 196, "invalid_move_reward": -4.880046460849702, "max_invalid_move_reset": 17, "model_type": "DQN", "policy": "MlpPolicy", "folder_path_for_models": "models-tone", "model_performance": 26.639344262295083}