{"learning_rate": 0.08498277395021782, "net_arch": {"pi": [112, 417, 493], "vf": [281, 311, 268, 358, 231]}, "net_arch_dqn": [661, 517, 624, 455], "batch_size": 64, "model_name": "model-1709382719", "map_size": [10, 10], "reset": 52, "box_near_goal": 0.7523418072702593, "box_close_goal": 0.8080211344305647, "box_move_reward": -0.4258257388973472, "box_goal_reward": -0.824853380697643, "box_player_reward": 0.6064224067872594, "final_player_reward": 0.31379774350987777, "preform_step": -0.4318728060201198, "win_reward": 53, "invalid_move_reward": -6.8663765700806, "max_invalid_move_reset": 14, "model_type": "DQN", "policy": "MlpPolicy", "folder_path_for_models": "models-tone", "model_performance": 101.38888888888889}