{"learning_rate": 0.08346836582915892, "net_arch": {"pi": [292, 200, 753, 140, 629], "vf": [816, 997, 666]}, "net_arch_dqn": [197, 422, 539], "batch_size": 64, "model_name": "model-1709428625", "map_size": [10, 10], "reset": 63, "box_near_goal": 0.9585430229913452, "box_close_goal": 0.41840834024967044, "box_move_reward": 0.1708340165983555, "box_goal_reward": 0.6202568880412402, "box_player_reward": 0.2790942865808095, "final_player_reward": 0.7390820948391907, "preform_step": 0.4700766144078288, "win_reward": 116, "invalid_move_reward": -5.009099159363403, "max_invalid_move_reset": 13, "model_type": "PPO", "policy": "MlpPolicy", "folder_path_for_models": "models-tone", "model_performance": 0}