{"learning_rate": 0.06067995775724014, "net_arch": {"pi": [536], "vf": [282, 178, 651, 352]}, "net_arch_dqn": [745, 524, 782], "batch_size": 32, "model_name": "model-1709405301", "map_size": [10, 10], "reset": 148, "box_near_goal": 0.464970041001056, "box_close_goal": 0.1988680158783661, "box_move_reward": 0.9951301799130037, "box_goal_reward": -0.6491534958234666, "box_player_reward": -0.5377152223432389, "final_player_reward": 0.4593729827465658, "preform_step": -0.20761799068864084, "win_reward": 141, "invalid_move_reward": -15.42703315802732, "max_invalid_move_reset": 18, "model_type": "DQN", "policy": "MlpPolicy", "folder_path_for_models": "models-tone", "model_performance": 37.99864773495605}