{"learning_rate": 0.010376965768788538, "net_arch": {"pi": [385, 299, 489], "vf": [113, 320, 376, 265]}, "net_arch_dqn": [972, 377, 635, 129], "batch_size": 256, "model_name": "model-1709383859", "map_size": [10, 10], "reset": 139, "box_near_goal": 0.1527333634508592, "box_close_goal": 0.7295753613792025, "box_move_reward": -0.5038263852774287, "box_goal_reward": -0.4151667681197386, "box_player_reward": -0.2513212945198249, "final_player_reward": -0.6497078315599814, "preform_step": -0.3969393573403315, "win_reward": 158, "invalid_move_reward": -13.66785736337473, "max_invalid_move_reset": 9, "model_type": "DQN", "policy": "MlpPolicy", "folder_path_for_models": "models-tone", "model_performance": 12.5}