{"learning_rate": 0.04477629929077463, "net_arch": {"pi": [764, 377, 703, 741], "vf": [994]}, "net_arch_dqn": [660, 763, 297, 477, 69, 586], "batch_size": 128, "model_name": "model-1709643021", "map_size": [10, 10], "reset": 112, "box_near_goal": 0.26427901965143585, "box_close_goal": 0.02105915848760198, "box_move_reward": -0.024602319396441974, "box_goal_reward": 0.11445288754910399, "box_player_reward": 0.6454451785123585, "final_player_reward": 0.6287262218021263, "preform_step": 0.07177133358279897, "win_reward": 59, "invalid_move_reward": -0.8335931502891718, "no_win_reward": -1.7782542228018237, "model_type": "PPO", "policy": "MlpPolicy", "folder_path_for_models": "models-tone", "model_performance": 0}