{"learning_rate": 0.04671745067950905, "net_arch": {"pi": [820, 413, 520], "vf": [1020]}, "net_arch_dqn": [267, 796, 767, 463, 934], "batch_size": 128, "model_name": "model-1709631717", "map_size": [10, 10], "reset": 83, "box_near_goal": 0.737306373096436, "box_close_goal": 0.764648906691805, "box_move_reward": 0.9920593472984196, "box_goal_reward": -0.9677900236695058, "box_player_reward": 0.22843810676983822, "final_player_reward": 0.3132322018300948, "preform_step": -0.2722202798737976, "win_reward": 93, "invalid_move_reward": -13.681393456731834, "no_win_reward": -1.2124459478419993, "model_type": "DQN", "policy": "MlpPolicy", "folder_path_for_models": "models-tone", "model_performance": 2.7777777777777777}