{"learning_rate": 0.053687608262714875, "net_arch": {"pi": [467, 872, 623, 692], "vf": [425, 938]}, "net_arch_dqn": [885], "batch_size": 32, "model_name": "model-1709386585", "map_size": [10, 10], "reset": 130, "box_near_goal": 0.18255103500089032, "box_close_goal": 0.5378024653368906, "box_move_reward": 0.051227884955226344, "box_goal_reward": -0.681678446454153, "box_player_reward": 0.7416097316807428, "final_player_reward": -0.7517839800781074, "preform_step": 0.30673317278006706, "win_reward": 80, "invalid_move_reward": -7.167662634682543, "max_invalid_move_reset": 7, "model_type": "DQN", "policy": "MlpPolicy", "folder_path_for_models": "models-tone", "model_performance": 29.78021978021978}