{"learning_rate": 0.027598137664209873, "net_arch": {"pi": [752, 629], "vf": [713, 405]}, "net_arch_dqn": [387, 486, 156], "batch_size": 64, "model_name": "model-1709437322", "map_size": [10, 10], "reset": 93, "box_near_goal": 0.9768845603743926, "box_close_goal": 0.21876137802243645, "box_move_reward": -0.7111588048414719, "box_goal_reward": -0.760394136304914, "box_player_reward": 0.7866689546828416, "final_player_reward": -0.5668323195451785, "preform_step": 0.6167534629079805, "win_reward": 137, "invalid_move_reward": -9.298898643679196, "max_invalid_move_reset": 8, "model_type": "DQN", "policy": "MlpPolicy", "folder_path_for_models": "models-tone", "model_performance": 10.66919191919192}