{"learning_rate": 0.09234266930473176, "net_arch": {"pi": [847, 820], "vf": [549]}, "net_arch_dqn": [246], "batch_size": 32, "model_name": "model-1709660944", "map_size": [10, 10], "reset": 120, "box_near_goal": 0.656491562331456, "box_close_goal": 0.3881798415388412, "box_move_reward": -0.6717761771352855, "box_goal_reward": -0.8822181840129808, "box_player_reward": -0.5563932256789768, "final_player_reward": 0.9185568093200804, "preform_step": -0.4797554302448632, "win_reward": 166, "invalid_move_reward": -10.314380942138703, "no_win_reward": -18.921041703492826, "model_type": "PPO", "policy": "MlpPolicy", "folder_path_for_models": "models-tone", "model_performance": 2.7777777777777777}