{"learning_rate": 0.01812315630007788, "net_arch": {"pi": [486, 828, 524, 921, 656], "vf": [173, 765, 100, 764]}, "net_arch_dqn": [202], "batch_size": 64, "model_name": "model-1709437407", "map_size": [10, 10], "reset": 152, "box_near_goal": 0.06009268855488337, "box_close_goal": 0.23812580002646744, "box_move_reward": -0.378117711763595, "box_goal_reward": -0.06574606228811875, "box_player_reward": 0.8758707866625697, "final_player_reward": -0.8848364986582349, "preform_step": 0.2691659913381037, "win_reward": 170, "invalid_move_reward": -15.106059892030679, "max_invalid_move_reset": 12, "model_type": "DQN", "policy": "MlpPolicy", "folder_path_for_models": "models-tone", "model_performance": 19.682543419477216}