{"learning_rate": 0.0931130843164866, "net_arch": {"pi": [833, 863, 871], "vf": [233, 320, 81, 506]}, "net_arch_dqn": [370, 678, 357, 589], "batch_size": 64, "model_name": "model-1709637442", "map_size": [10, 10], "reset": 110, "box_near_goal": 0.3935309053322812, "box_close_goal": 0.9033827318791338, "box_move_reward": 0.5179173261427883, "box_goal_reward": -0.9551449083128831, "box_player_reward": 0.7395190322051466, "final_player_reward": -0.701198945236843, "preform_step": -0.1431010723799453, "win_reward": 140, "invalid_move_reward": -17.90088496408686, "no_win_reward": -6.454951366908645, "model_type": "PPO", "policy": "MlpPolicy", "folder_path_for_models": "models-tone", "model_performance": 2.7777777777777777}