{"learning_rate": 0.03255591379331229, "net_arch": {"pi": [778, 852, 129, 892], "vf": [475, 391, 140]}, "net_arch_dqn": [677, 970, 472, 561, 92], "batch_size": 64, "model_name": "model-1709657468", "map_size": [10, 10], "reset": 174, "box_near_goal": 0.5996772960549834, "box_close_goal": 0.797528479857223, "box_move_reward": 0.6226666896515991, "box_goal_reward": -0.30334595232425277, "box_player_reward": 0.03885959601999178, "final_player_reward": 0.40882780281286446, "preform_step": -0.009231929138912465, "win_reward": 62, "invalid_move_reward": -17.583612456517436, "no_win_reward": -4.363553043274887, "model_type": "DQN", "policy": "MlpPolicy", "folder_path_for_models": "models-tone", "model_performance": 1.3888888888888888}