{"learning_rate": 0.026736732590612905, "net_arch": {"pi": [908], "vf": [809]}, "net_arch_dqn": [560, 367, 900], "batch_size": 64, "model_name": "model-1709400167", "map_size": [10, 10], "reset": 183, "box_near_goal": 0.6676121241204592, "box_close_goal": 0.37144241481418416, "box_move_reward": -0.30238630390173404, "box_goal_reward": -0.7658082124175813, "box_player_reward": 0.963067279446334, "final_player_reward": 0.008685039133725647, "preform_step": 0.053682762509327464, "win_reward": 135, "invalid_move_reward": -18.223916154315013, "max_invalid_move_reset": 11, "model_type": "DQN", "policy": "MlpPolicy", "folder_path_for_models": "models-tone", "model_performance": 22.38095238095238}