{"learning_rate": 0.06446030514434359, "net_arch": {"pi": [608, 962, 196, 958, 596], "vf": [863, 470, 931, 698, 424, 81, 623]}, "net_arch_dqn": [116, 114], "batch_size": 256, "model_name": "model-1709635566", "map_size": [10, 10], "reset": 186, "box_near_goal": 0.49816727986336895, "box_close_goal": 0.8111727398070714, "box_move_reward": 0.24441475639487442, "box_goal_reward": 0.36049493945451405, "box_player_reward": 0.3398422397920555, "final_player_reward": -0.12966537310181359, "preform_step": -0.9170485830983024, "win_reward": 111, "invalid_move_reward": -18.547222059192997, "no_win_reward": -1.8584041102209667, "model_type": "DQN", "policy": "MlpPolicy", "folder_path_for_models": "models-tone", "model_performance": 1.3888888888888888}