{"learning_rate": 0.09409801516452983, "net_arch": {"pi": [455, 673, 208, 960], "vf": [305, 142, 109, 798, 670, 327, 91]}, "net_arch_dqn": [1006, 303, 739, 435, 881, 842, 688], "batch_size": 128, "model_name": "model-1709664910", "map_size": [10, 10], "reset": 65, "box_near_goal": 0.8564603153952772, "box_close_goal": 0.9943179593479501, "box_move_reward": -0.7191251594559722, "box_goal_reward": -0.4491383319593818, "box_player_reward": 0.005187946968311374, "final_player_reward": -0.6171205448139512, "preform_step": 0.5662507110690047, "win_reward": 155, "invalid_move_reward": -6.011737509847412, "no_win_reward": -1.1629678456456922, "model_type": "PPO", "policy": "MlpPolicy", "folder_path_for_models": "models-tone", "model_performance": 2.7777777777777777}