{"learning_rate": 0.026998303110484193, "net_arch": {"pi": [128], "vf": [865, 436, 554, 850, 892]}, "net_arch_dqn": [659, 545, 385, 197], "batch_size": 256, "model_name": "model-1709387432", "map_size": [10, 10], "reset": 102, "box_near_goal": 0.892662282828262, "box_close_goal": 0.9183392740548609, "box_move_reward": -0.26114069042653276, "box_goal_reward": 0.6621294524225334, "box_player_reward": -0.6482262481697638, "final_player_reward": -0.3208037051205668, "preform_step": 0.8534066178701849, "win_reward": 178, "invalid_move_reward": -15.687895376437615, "max_invalid_move_reset": 7, "model_type": "PPO", "policy": "MlpPolicy", "folder_path_for_models": "models-tone", "model_performance": 0}