{"learning_rate": 0.06368751021784008, "net_arch": {"pi": [978, 810, 84], "vf": [817]}, "net_arch_dqn": [78], "batch_size": 64, "model_name": "model-1709436929", "map_size": [10, 10], "reset": 157, "box_near_goal": 0.09219188583537474, "box_close_goal": 0.5457307735968362, "box_move_reward": -0.3332251686232941, "box_goal_reward": -0.7732854185856597, "box_player_reward": -0.757075766024637, "final_player_reward": -0.5789319862604347, "preform_step": -0.9713412288261403, "win_reward": 107, "invalid_move_reward": -9.426754681380968, "max_invalid_move_reset": 19, "model_type": "DQN", "policy": "MlpPolicy", "folder_path_for_models": "models-tone", "model_performance": 48.809869375907105}