{"learning_rate": 0.03295143755337238, "net_arch": {"pi": [856, 765], "vf": [673, 548]}, "net_arch_dqn": [804], "batch_size": 256, "model_name": "model-1709666850", "map_size": [10, 10], "reset": 67, "box_near_goal": 0.5961115191512948, "box_close_goal": 0.5081137760212164, "box_move_reward": -0.8907642212308997, "box_goal_reward": -0.2834325142459777, "box_player_reward": 0.5160243986335264, "final_player_reward": -0.44741748065060083, "preform_step": -0.46685362469173874, "win_reward": 148, "invalid_move_reward": -16.515452374234606, "no_win_reward": -12.184932558680009, "model_type": "PPO", "policy": "MlpPolicy", "folder_path_for_models": "models-tone", "model_performance": 0}