{"learning_rate": 0.09557607312655522, "net_arch": {"pi": [201], "vf": [499, 335, 349, 953]}, "net_arch_dqn": [148, 704, 528], "batch_size": 256, "model_name": "model-1709653143", "map_size": [10, 10], "reset": 145, "box_near_goal": 0.01102553517745719, "box_close_goal": 0.9239158830257268, "box_move_reward": -0.7567673260480134, "box_goal_reward": 0.14589022784885053, "box_player_reward": 0.16898410906428318, "final_player_reward": -0.3547483821991302, "preform_step": 0.09951540390128044, "win_reward": 146, "invalid_move_reward": -10.035765745352004, "no_win_reward": -0.8936154695439456, "model_type": "DQN", "policy": "MlpPolicy", "folder_path_for_models": "models-tone", "model_performance": 1.3888888888888888}