{"learning_rate": 0.0998062669146868, "net_arch": {"pi": [794], "vf": [833]}, "net_arch_dqn": [746, 364, 461, 690, 189], "batch_size": 128, "model_name": "model-1709346876", "map_size": [10, 10], "reset": 88, "box_near_goal": 0.7190939258052997, "box_close_goal": 0.238761289241323, "box_move_reward": 0.8565566363682937, "box_goal_reward": 0.7923985692900115, "box_player_reward": -0.6067421214838054, "final_player_reward": 0.708021838311476, "preform_step": -0.6016368211812628, "win_reward": 114, "invalid_move_reward": -2.548985299746814, "max_invalid_move_reset": 20, "model_type": "PPO", "policy": "MlpPolicy", "folder_path_for_models": "models-tone", "model_performance": 104.76190476190476}