{"learning_rate": 0.04270139108965186, "net_arch": {"pi": [301], "vf": [375, 72]}, "net_arch_dqn": [796, 530, 861, 298, 757], "batch_size": 256, "model_name": "model-1709396081", "map_size": [10, 10], "reset": 71, "box_near_goal": 0.4264101478136375, "box_close_goal": 0.37158644387716255, "box_move_reward": 0.8899234855546516, "box_goal_reward": 0.22724738330836947, "box_player_reward": 0.43138432186728903, "final_player_reward": 0.4790235479230893, "preform_step": -0.45813156009896305, "win_reward": 83, "invalid_move_reward": -1.4354722350405957, "max_invalid_move_reset": 8, "model_type": "DQN", "policy": "MlpPolicy", "folder_path_for_models": "models-tone", "model_performance": 101.38888888888889}