{"learning_rate": 0.06393542279432023, "net_arch": {"pi": [241, 98, 402, 443], "vf": [562, 136, 856, 788, 473]}, "net_arch_dqn": [741, 534, 966, 200], "batch_size": 32, "model_name": "model-1709642198", "map_size": [10, 10], "reset": 102, "box_near_goal": 0.5068328670030631, "box_close_goal": 0.9913830777548485, "box_move_reward": -0.5509097200782025, "box_goal_reward": -0.04923878212652588, "box_player_reward": -0.5201458105774017, "final_player_reward": -0.11429148916211407, "preform_step": -0.6277366447861532, "win_reward": 196, "invalid_move_reward": -18.43887860552236, "no_win_reward": -2.5612415084224125, "model_type": "DQN", "policy": "MlpPolicy", "folder_path_for_models": "models-tone", "model_performance": 0}