{"learning_rate": 0.087959032410517, "net_arch": {"pi": [332, 1010], "vf": [354, 829]}, "net_arch_dqn": [708], "batch_size": 128, "model_name": "model-1709642762", "map_size": [10, 10], "reset": 66, "box_near_goal": 0.8594459705709093, "box_close_goal": 0.6820453881217513, "box_move_reward": -0.3058003163523526, "box_goal_reward": -0.37232570325266034, "box_player_reward": 0.6496172471585593, "final_player_reward": -0.5452126321151838, "preform_step": -0.43304302343498247, "win_reward": 183, "invalid_move_reward": -13.679123434267472, "no_win_reward": -5.3735806775975465, "model_type": "PPO", "policy": "MlpPolicy", "folder_path_for_models": "models-tone", "model_performance": 2.7777777777777777}