{"learning_rate": 0.0010464025349187576, "net_arch": {"pi": [423, 851, 833, 890], "vf": [337, 833]}, "net_arch_dqn": [428], "batch_size": 256, "model_name": "model-1709361624", "map_size": [10, 10], "reset": 140, "box_near_goal": 0.5855585669816313, "box_close_goal": 0.8945343973635477, "box_move_reward": -0.9837763666906583, "box_goal_reward": 0.5528533906146897, "box_player_reward": 0.7572425206807158, "final_player_reward": -0.055081144955153816, "preform_step": -0.7139204402285972, "win_reward": 161, "invalid_move_reward": -9.79577852026491, "max_invalid_move_reset": 19, "model_type": "PPO", "policy": "MlpPolicy", "folder_path_for_models": "models-tone", "model_performance": 2.857142857142857}