{"learning_rate": 0.003138831558105353, "net_arch": {"pi": [180, 829, 420, 598, 554, 527, 108], "vf": [454, 152, 857, 709]}, "net_arch_dqn": [548, 395], "batch_size": 32, "model_name": "model-1709623000", "map_size": [10, 10], "reset": 184, "box_near_goal": 0.8178596040650536, "box_close_goal": 0.8058111586753282, "box_move_reward": 0.3409848330091849, "box_goal_reward": -0.0005612644464978445, "box_player_reward": 0.9291560943645187, "final_player_reward": -0.44484277435718567, "preform_step": -0.3913131593928749, "win_reward": 176, "invalid_move_reward": -19.32905039048434, "no_win_reward": -7.075697593147414, "model_type": "PPO", "policy": "MlpPolicy", "folder_path_for_models": "models-tone", "model_performance": 1.3888888888888888}