{"learning_rate": 0.022012895877069377, "net_arch": {"pi": [179, 663, 103], "vf": [179, 132, 437, 379, 705]}, "net_arch_dqn": [611], "batch_size": 256, "model_name": "model-1709348502", "map_size": [10, 10], "reset": 96, "box_near_goal": 0.7436245584980214, "box_close_goal": 0.19009520979614147, "box_move_reward": -0.014684973378271904, "box_goal_reward": 0.6341770297501717, "box_player_reward": -0.9606600236990659, "final_player_reward": 0.7944473140944437, "preform_step": -0.9500828257400074, "win_reward": 84, "invalid_move_reward": -9.554646133983027, "max_invalid_move_reset": 19, "model_type": "DQN", "policy": "MlpPolicy", "folder_path_for_models": "models-tone", "model_performance": 16.666666666666668}