{"learning_rate": 0.03606575384743579, "net_arch": {"pi": [380, 132, 434, 790], "vf": [585, 931, 880, 981, 350]}, "net_arch_dqn": [446, 287, 604, 432, 135], "batch_size": 64, "model_name": "model-1709344559", "map_size": [10, 10], "reset": 90, "box_near_goal": 0.6110782861743423, "box_close_goal": 0.9563357400373786, "box_move_reward": -0.08188939389690342, "box_goal_reward": 0.059660949797830654, "box_player_reward": -0.8080013289953913, "final_player_reward": 0.4869123744521011, "preform_step": -0.19929980297057703, "win_reward": 161, "invalid_move_reward": -1.7718651737175541, "max_invalid_move_reset": 16, "model_type": "DQN", "policy": "MlpPolicy", "folder_path_for_models": "models-tone", "model_performance": 27.77777777777778}