{"learning_rate": 0.009576793261335774, "net_arch": {"pi": [358, 542, 934, 249], "vf": [796]}, "net_arch_dqn": [988, 218, 965, 111], "batch_size": 64, "model_name": "model-1709391266", "map_size": [10, 10], "reset": 51, "box_near_goal": 0.806725042280207, "box_close_goal": 0.29057326171979514, "box_move_reward": 0.18360418641467957, "box_goal_reward": -0.9508192719424413, "box_player_reward": 0.21182362382391418, "final_player_reward": -0.03629254031732243, "preform_step": -0.31730683826300154, "win_reward": 160, "invalid_move_reward": -10.58328002769377, "max_invalid_move_reset": 19, "model_type": "DQN", "policy": "MlpPolicy", "folder_path_for_models": "models-tone", "model_performance": 51.63934426229508}