{"learning_rate": 0.09307957020993794, "net_arch": {"pi": [840], "vf": [99]}, "net_arch_dqn": [503, 821, 928, 265], "batch_size": 256, "model_name": "model-1709401039", "map_size": [10, 10], "reset": 151, "box_near_goal": 0.25054582162678496, "box_close_goal": 0.059354672345522164, "box_move_reward": -0.7268926336465569, "box_goal_reward": -0.8647532560207574, "box_player_reward": 0.8363765457089858, "final_player_reward": 0.7804712250465606, "preform_step": 0.33921112166010703, "win_reward": 126, "invalid_move_reward": -10.715571964511998, "max_invalid_move_reset": 9, "model_type": "PPO", "policy": "MlpPolicy", "folder_path_for_models": "models-tone", "model_performance": 0}