{"learning_rate": 0.010262019420962413, "net_arch": {"pi": [255, 756, 615], "vf": [541, 75, 592, 741]}, "net_arch_dqn": [181, 535], "batch_size": 128, "model_name": "model-1709346746", "map_size": [10, 10], "reset": 125, "box_near_goal": 0.8642772029226444, "box_close_goal": 0.07951052282357685, "box_move_reward": 0.5584154827443308, "box_goal_reward": 0.7769061069233876, "box_player_reward": 0.33683538581896055, "final_player_reward": 0.7477727499802804, "preform_step": -0.03771740047018057, "win_reward": 70, "invalid_move_reward": -16.09377259013114, "max_invalid_move_reset": 11, "model_type": "PPO", "policy": "MlpPolicy", "folder_path_for_models": "models-tone", "model_performance": 0}