{"learning_rate": 0.02753505621899134, "net_arch": {"pi": [589, 236, 363, 112, 151], "vf": [951, 91, 850, 169, 712, 383]}, "net_arch_dqn": [791, 792, 253, 358], "batch_size": 64, "model_name": "model-1709630021", "map_size": [10, 10], "reset": 200, "box_near_goal": 0.03514665937613892, "box_close_goal": 0.987510718739886, "box_move_reward": 0.09960339312460165, "box_goal_reward": -0.14703499246409812, "box_player_reward": 0.9721953133492616, "final_player_reward": 0.4509503545715903, "preform_step": 0.8778481967161336, "win_reward": 58, "invalid_move_reward": -16.328251792130764, "no_win_reward": -5.79908414889678, "model_type": "PPO", "policy": "MlpPolicy", "folder_path_for_models": "models-tone", "model_performance": 0}