{"learning_rate": 0.06585657784779887, "net_arch": {"pi": [974, 921, 581, 554, 846], "vf": [168, 153, 611, 786, 916]}, "net_arch_dqn": [466], "batch_size": 64, "model_name": "model-1709665614", "map_size": [10, 10], "reset": 84, "box_near_goal": 0.7461713631494271, "box_close_goal": 0.31554299074793446, "box_move_reward": -0.5427537878430146, "box_goal_reward": 0.6265636496127784, "box_player_reward": 0.9801198779142324, "final_player_reward": 0.18747566311348196, "preform_step": 0.9144877628956452, "win_reward": 104, "invalid_move_reward": -13.072944976751907, "no_win_reward": -13.159499855338941, "model_type": "DQN", "policy": "MlpPolicy", "folder_path_for_models": "models-tone", "model_performance": 4.166666666666666}