{"learning_rate": 0.05730616627064776, "net_arch": {"pi": [788, 887, 745], "vf": [184, 248, 224, 927, 351]}, "net_arch_dqn": [274, 378, 336, 820], "batch_size": 128, "model_name": "model-1709664289", "map_size": [10, 10], "reset": 121, "box_near_goal": 0.14117600947648012, "box_close_goal": 0.5576689963731932, "box_move_reward": -0.6624707242416301, "box_goal_reward": 0.7254341439975718, "box_player_reward": 0.6467790197806069, "final_player_reward": 0.9533843968698592, "preform_step": -0.7371726472204907, "win_reward": 170, "invalid_move_reward": -18.235960933396655, "no_win_reward": -4.916100411067168, "model_type": "PPO", "policy": "MlpPolicy", "folder_path_for_models": "models-tone", "model_performance": 0}