{"learning_rate": 0.005873979490800326, "net_arch": {"pi": [591, 958, 546], "vf": [237]}, "net_arch_dqn": [815, 630], "batch_size": 128, "model_name": "model-1709374294", "map_size": [10, 10], "reset": 124, "box_near_goal": 0.9944607491554696, "box_close_goal": 0.4529228735117714, "box_move_reward": -0.8175083315534564, "box_goal_reward": -0.6220176504920143, "box_player_reward": 0.22296576316875694, "final_player_reward": 0.5405933772896092, "preform_step": 0.5598600895730328, "win_reward": 160, "invalid_move_reward": -10.436403760577262, "max_invalid_move_reset": 7, "model_type": "DQN", "policy": "MlpPolicy", "folder_path_for_models": "models-tone", "model_performance": 201.9230769230769}