{"learning_rate": 0.0790860617704629, "net_arch": {"pi": [284, 186], "vf": [917]}, "net_arch_dqn": [790], "batch_size": 32, "model_name": "model-1709348826", "map_size": [10, 10], "reset": 121, "box_near_goal": 0.06904130737460312, "box_close_goal": 0.6117044397074357, "box_move_reward": 0.7013880771100844, "box_goal_reward": 0.6551644770353686, "box_player_reward": 0.9284356551040365, "final_player_reward": -0.6231569924399276, "preform_step": -0.709986530121117, "win_reward": 159, "invalid_move_reward": -14.807003505901925, "max_invalid_move_reset": 17, "model_type": "DQN", "policy": "MlpPolicy", "folder_path_for_models": "models-tone", "model_performance": 50.0}