{"learning_rate": 0.06888672855647426, "net_arch": {"pi": [930, 380, 848], "vf": [124, 980]}, "net_arch_dqn": [404, 73, 716], "batch_size": 256, "model_name": "model-1709347559", "map_size": [10, 10], "reset": 75, "box_near_goal": 0.5073355217153163, "box_close_goal": 0.19746290303093217, "box_move_reward": -0.8380708034223956, "box_goal_reward": 0.5341684615772733, "box_player_reward": -0.387843026934092, "final_player_reward": -0.06213627920423259, "preform_step": 0.720012408207023, "win_reward": 96, "invalid_move_reward": -13.26077159129191, "max_invalid_move_reset": 19, "model_type": "DQN", "policy": "MlpPolicy", "folder_path_for_models": "models-tone", "model_performance": 101.88679245283019}