{"learning_rate": 0.05599166966925503, "net_arch": {"pi": [703, 452, 959, 237, 629], "vf": [634, 369, 347]}, "net_arch_dqn": [752], "batch_size": 128, "model_name": "model-1709436070", "map_size": [10, 10], "reset": 67, "box_near_goal": 0.27462631934091697, "box_close_goal": 0.9933933363888487, "box_move_reward": -0.6865229476300205, "box_goal_reward": 0.8614883902580324, "box_player_reward": -0.24785057694315182, "final_player_reward": -0.2487325734219803, "preform_step": 0.10869071524764085, "win_reward": 97, "invalid_move_reward": -13.263045644377664, "max_invalid_move_reset": 18, "model_type": "DQN", "policy": "MlpPolicy", "folder_path_for_models": "models-tone", "model_performance": 38.57401972772479}