{"learning_rate": 0.00475473685152428, "net_arch": {"pi": [913, 866], "vf": [549, 749, 884, 494]}, "net_arch_dqn": [407, 196], "batch_size": 256, "model_name": "model-1709432261", "map_size": [10, 10], "reset": 145, "box_near_goal": 0.449911948779419, "box_close_goal": 0.34086701060608315, "box_move_reward": 0.04698488704096948, "box_goal_reward": -0.7046115412129816, "box_player_reward": 0.36217158680098005, "final_player_reward": -0.9671026667651219, "preform_step": 0.4726621089948273, "win_reward": 155, "invalid_move_reward": -1.5054511247832423, "max_invalid_move_reset": 8, "model_type": "PPO", "policy": "MlpPolicy", "folder_path_for_models": "models-tone", "model_performance": 0}