{"learning_rate": 0.053331201571489954, "net_arch": {"pi": [415], "vf": [222]}, "net_arch_dqn": [167, 922], "batch_size": 128, "model_name": "model-1709351407", "map_size": [10, 10], "reset": 163, "box_near_goal": 0.49553521679878143, "box_close_goal": 0.5859957462623743, "box_move_reward": 0.7718622609381456, "box_goal_reward": 0.7858506287355018, "box_player_reward": -0.028393704087875227, "final_player_reward": -0.8641621521720955, "preform_step": -0.8575217421304888, "win_reward": 142, "invalid_move_reward": -12.565709466007824, "max_invalid_move_reset": 7, "model_type": "PPO", "policy": "MlpPolicy", "folder_path_for_models": "models-tone", "model_performance": 0}