{"learning_rate": 0.04639293800986085, "net_arch": {"pi": [490], "vf": [815, 856]}, "net_arch_dqn": [90, 1020, 873], "batch_size": 256, "model_name": "model-1709348934", "map_size": [10, 10], "reset": 98, "box_near_goal": 0.7823810778709449, "box_close_goal": 0.31200699562232126, "box_move_reward": 0.4532276889148035, "box_goal_reward": -0.8066408532550939, "box_player_reward": -0.9828844108350805, "final_player_reward": -0.36794290848047595, "preform_step": -0.8019228890178443, "win_reward": 108, "invalid_move_reward": -17.42836249085962, "max_invalid_move_reset": 16, "model_type": "PPO", "policy": "MlpPolicy", "folder_path_for_models": "models-tone", "model_performance": 0}