{"learning_rate": 0.008601922423202112, "net_arch": {"pi": [882, 422], "vf": [795, 868, 920, 740]}, "net_arch_dqn": [620, 593, 679, 843, 384], "batch_size": 128, "model_name": "model-1709383193", "map_size": [10, 10], "reset": 142, "box_near_goal": 0.8399873256298596, "box_close_goal": 0.04157931687493277, "box_move_reward": -0.4431851895572081, "box_goal_reward": -0.24325242067555708, "box_player_reward": -0.18658081930683057, "final_player_reward": -0.7584758212381437, "preform_step": 0.8908564701347266, "win_reward": 163, "invalid_move_reward": -6.652597902803453, "max_invalid_move_reset": 16, "model_type": "PPO", "policy": "MlpPolicy", "folder_path_for_models": "models-tone", "model_performance": 118.58395989974939}