{"learning_rate": 0.043398797884824376, "net_arch": {"pi": [493, 670, 482], "vf": [717, 489, 357, 972]}, "net_arch_dqn": [320, 124], "batch_size": 32, "model_name": "model-1709653958", "map_size": [10, 10], "reset": 53, "box_near_goal": 0.0018143282395833848, "box_close_goal": 0.796384491886169, "box_move_reward": 0.30640249901513394, "box_goal_reward": -0.15476835262069377, "box_player_reward": -0.2485397501777724, "final_player_reward": -0.7828720123057027, "preform_step": 0.3884592018965636, "win_reward": 185, "invalid_move_reward": -13.627343721918743, "no_win_reward": -7.30274418711649, "model_type": "DQN", "policy": "MlpPolicy", "folder_path_for_models": "models-tone", "model_performance": 0}