{"learning_rate": 0.05989261308684118, "net_arch": {"pi": [515, 1024, 237, 504], "vf": [205, 461, 545]}, "net_arch_dqn": [352, 564, 455, 374], "batch_size": 128, "model_name": "model-1709635134", "map_size": [10, 10], "reset": 149, "box_near_goal": 0.7772319194891265, "box_close_goal": 0.4675439995302475, "box_move_reward": -0.06270285164628131, "box_goal_reward": 0.040929502132902806, "box_player_reward": -0.521584065657932, "final_player_reward": -0.7372451953217001, "preform_step": 0.0813001468933201, "win_reward": 109, "invalid_move_reward": -14.579946351090294, "no_win_reward": -14.791478284857911, "model_type": "DQN", "policy": "MlpPolicy", "folder_path_for_models": "models-tone", "model_performance": 0}