{
    "learning_rate": 0.097624941092164,
    "net_arch": {
        "pi": [
            106
        ],
        "vf": [
            639
        ]
    },
    "net_arch_dqn": [
        428
    ],
    "batch_size": 128,
    "model_name": "model-1709341116",
    "map_size": [
        10,
        10
    ],
    "reset": 115,
    "box_near_goal": 0.794523208228272,
    "box_close_goal": 0.005353886584603895,
    "box_move_reward": -0.021763538936336868,
    "box_goal_reward": -0.191802479048661,
    "box_player_reward": 0.4450636229051075,
    "final_player_reward": 0.27754392366858127,
    "preform_step": -0.02413398094580188,
    "win_reward": 62,
    "invalid_move_reward": -19.118859832791223,
    "max_invalid_move_reset": 10,
    "model_type": "PPO",
    "policy": "MlpPolicy",
    "folder_path_for_models": "models-tone",
    "model_performance": 0
}