{"learning_rate": 0.003195013674757589, "net_arch": {"pi": [767, 236, 986, 843], "vf": [396, 775, 158]}, "net_arch_dqn": [422, 636, 426], "batch_size": 128, "model_name": "model-1709644867", "map_size": [10, 10], "reset": 52, "box_near_goal": 0.9756146703331742, "box_close_goal": 0.5642096143887233, "box_move_reward": 0.06181106455450158, "box_goal_reward": 0.9909749232166511, "box_player_reward": -0.7966625698369574, "final_player_reward": 0.8267799449859248, "preform_step": 0.9423146719192759, "win_reward": 94, "invalid_move_reward": -7.786876109716321, "no_win_reward": -3.0731992527735805, "model_type": "PPO", "policy": "MlpPolicy", "folder_path_for_models": "models-tone", "model_performance": 1.3888888888888888}