{"learning_rate": 0.02875148705329315, "net_arch": {"pi": [775, 806, 871, 197], "vf": [697, 161]}, "net_arch_dqn": [725], "batch_size": 32, "model_name": "model-1709395284", "map_size": [10, 10], "reset": 160, "box_near_goal": 0.8531645834971878, "box_close_goal": 0.26349861628157556, "box_move_reward": 0.6504941282414414, "box_goal_reward": 0.5572578279579332, "box_player_reward": 0.24994578916911458, "final_player_reward": 0.09697831064868723, "preform_step": -0.9457191431713903, "win_reward": 173, "invalid_move_reward": -13.073028435655655, "max_invalid_move_reset": 8, "model_type": "PPO", "policy": "MlpPolicy", "folder_path_for_models": "models-tone", "model_performance": 0}