{"learning_rate": 0.08972135767437174, "net_arch": {"pi": [263, 475], "vf": [887, 377, 175, 279]}, "net_arch_dqn": [640], "batch_size": 64, "model_name": "model-1709427692", "map_size": [10, 10], "reset": 78, "box_near_goal": 0.8882844144639611, "box_close_goal": 0.31631563638077653, "box_move_reward": -0.2043855185880663, "box_goal_reward": -0.9971677810085275, "box_player_reward": 0.7352383286603592, "final_player_reward": 0.6702643315750854, "preform_step": 0.7913688890967396, "win_reward": 92, "invalid_move_reward": -7.860674561066629, "max_invalid_move_reset": 14, "model_type": "DQN", "policy": "MlpPolicy", "folder_path_for_models": "models-tone", "model_performance": 26.442307692307693}