{"learning_rate": 0.05523956477451634, "net_arch": {"pi": [356, 980, 746], "vf": [606, 205, 544, 763]}, "net_arch_dqn": [67, 112, 261, 355, 177], "batch_size": 256, "model_name": "model-1709398787", "map_size": [10, 10], "reset": 172, "box_near_goal": 0.012918485005363967, "box_close_goal": 0.05211814353069888, "box_move_reward": -0.6980969064304923, "box_goal_reward": 0.4884664706136561, "box_player_reward": -0.9109246905574941, "final_player_reward": -0.5194331469481568, "preform_step": -0.41790863869171746, "win_reward": 106, "invalid_move_reward": -17.857554891366775, "max_invalid_move_reset": 11, "model_type": "PPO", "policy": "MlpPolicy", "folder_path_for_models": "models-tone", "model_performance": 108.35532392136166}