{"learning_rate": 0.04122898818232009, "net_arch": {"pi": [629], "vf": [818, 76]}, "net_arch_dqn": [519, 889, 752, 825, 547, 836], "batch_size": 128, "model_name": "model-1709647902", "map_size": [10, 10], "reset": 83, "box_near_goal": 0.7075996909577618, "box_close_goal": 0.1899881951006982, "box_move_reward": -0.35200439353138435, "box_goal_reward": -0.2946559444744834, "box_player_reward": 0.1441396970057378, "final_player_reward": 0.0683350031767973, "preform_step": 0.9697743099878484, "win_reward": 111, "invalid_move_reward": -19.716579346390866, "no_win_reward": -13.184202543881558, "model_type": "DQN", "policy": "MlpPolicy", "folder_path_for_models": "models-tone", "model_performance": 1.3888888888888888}