{"learning_rate": 0.028754345575183887, "net_arch": {"pi": [317, 196, 267], "vf": [1011, 248]}, "net_arch_dqn": [932, 466, 764, 896, 253], "batch_size": 128, "model_name": "model-1709380512", "map_size": [10, 10], "reset": 144, "box_near_goal": 0.27826214723656173, "box_close_goal": 0.2989082145143903, "box_move_reward": 0.11101592012440187, "box_goal_reward": 0.6221636918304914, "box_player_reward": 0.1640032323092946, "final_player_reward": -0.03632307422844283, "preform_step": 0.7693659183051946, "win_reward": 115, "invalid_move_reward": -15.833867929695035, "max_invalid_move_reset": 17, "model_type": "DQN", "policy": "MlpPolicy", "folder_path_for_models": "models-tone", "model_performance": 15.939152245845374}