{"learning_rate": 0.07879705278067832, "net_arch": {"pi": [583, 603, 131], "vf": [352, 771, 989, 831]}, "net_arch_dqn": [624, 234, 393], "batch_size": 256, "model_name": "model-1709368968", "map_size": [10, 10], "reset": 82, "box_near_goal": 0.44823421268817165, "box_close_goal": 0.04505112443105452, "box_move_reward": 0.6906135322476454, "box_goal_reward": 0.3041041746380482, "box_player_reward": 0.8482033755713265, "final_player_reward": 0.531156027011132, "preform_step": 0.3481016220956221, "win_reward": 104, "invalid_move_reward": -14.652011459945326, "max_invalid_move_reset": 20, "model_type": "PPO", "policy": "MlpPolicy", "folder_path_for_models": "models-tone", "model_performance": 0}