{"learning_rate": 0.06573260026795871, "net_arch": {"pi": [403, 324, 539], "vf": [418, 194, 933, 722]}, "net_arch_dqn": [207, 391], "batch_size": 256, "model_name": "model-1709372397", "map_size": [10, 10], "reset": 63, "box_near_goal": 0.3185852284874794, "box_close_goal": 0.19425873643687408, "box_move_reward": 0.6628324743731777, "box_goal_reward": 0.9159691814124893, "box_player_reward": -0.27926427650673413, "final_player_reward": 0.532169947577191, "preform_step": -0.47090487153274485, "win_reward": 168, "invalid_move_reward": -15.123109807699468, "max_invalid_move_reset": 14, "model_type": "PPO", "policy": "MlpPolicy", "folder_path_for_models": "models-tone", "model_performance": 29.728939642732747}