{"learning_rate": 0.02952703321310713, "net_arch": {"pi": [764, 911, 319], "vf": [270, 489, 637, 214, 765]}, "net_arch_dqn": [257], "batch_size": 32, "model_name": "model-1709646230", "map_size": [10, 10], "reset": 71, "box_near_goal": 0.9910024734075712, "box_close_goal": 0.2502554780595514, "box_move_reward": -0.9205875890837778, "box_goal_reward": -0.6131742660428856, "box_player_reward": -0.0339642817367416, "final_player_reward": 0.2863502709368888, "preform_step": 0.2923675405442039, "win_reward": 92, "invalid_move_reward": -12.359228564062812, "no_win_reward": -19.919268999449134, "model_type": "PPO", "policy": "MlpPolicy", "folder_path_for_models": "models-tone", "model_performance": 0}