{"learning_rate": 0.04185688560534345, "net_arch": {"pi": [181, 141], "vf": [398, 360, 348, 220, 300]}, "net_arch_dqn": [271, 660, 536, 972, 569], "batch_size": 128, "model_name": "model-1709658871", "map_size": [10, 10], "reset": 117, "box_near_goal": 0.7739268514891374, "box_close_goal": 0.7479262643024386, "box_move_reward": -0.4740445118369454, "box_goal_reward": 0.20007060874771398, "box_player_reward": -0.10519650524981494, "final_player_reward": 0.8140256007743321, "preform_step": -0.2886486945927409, "win_reward": 121, "invalid_move_reward": -6.3296264059420775, "no_win_reward": -6.420613379225774, "model_type": "PPO", "policy": "MlpPolicy", "folder_path_for_models": "models-tone", "model_performance": 2.7777777777777777}