{"learning_rate": 0.061893424539022385, "net_arch": {"pi": [146, 607, 437], "vf": [663]}, "net_arch_dqn": [540, 912, 516, 781, 242], "batch_size": 64, "model_name": "model-1709429468", "map_size": [10, 10], "reset": 50, "box_near_goal": 0.34022680718391574, "box_close_goal": 0.6054247957641692, "box_move_reward": -0.3358538355476075, "box_goal_reward": 0.5837694031794407, "box_player_reward": -0.38914842491580637, "final_player_reward": -0.549335194200991, "preform_step": -0.5088600141466981, "win_reward": 178, "invalid_move_reward": -7.107834886073878, "max_invalid_move_reset": 16, "model_type": "DQN", "policy": "MlpPolicy", "folder_path_for_models": "models-tone", "model_performance": 52.77777777777777}