{"learning_rate": 0.061557999887506175, "net_arch": {"pi": [864, 236, 209], "vf": [938, 412, 221]}, "net_arch_dqn": [501], "batch_size": 32, "model_name": "model-1709402940", "map_size": [10, 10], "reset": 119, "box_near_goal": 0.2577063888160146, "box_close_goal": 0.6439609593582284, "box_move_reward": 0.9322361343572894, "box_goal_reward": 0.75137940678606, "box_player_reward": -0.40200982073748626, "final_player_reward": -0.22584428005585755, "preform_step": -0.01900777470579973, "win_reward": 104, "invalid_move_reward": -6.866962676814337, "max_invalid_move_reset": 18, "model_type": "DQN", "policy": "MlpPolicy", "folder_path_for_models": "models-tone", "model_performance": 40.34090909090909}