{"learning_rate": 0.02384650071143528, "net_arch": {"pi": [820, 661, 849], "vf": [125, 225, 850]}, "net_arch_dqn": [832], "batch_size": 32, "model_name": "model-1709377416", "map_size": [10, 10], "reset": 178, "box_near_goal": 0.6153648640382482, "box_close_goal": 0.10759976951691241, "box_move_reward": 0.35851245827437794, "box_goal_reward": -0.3397661221455104, "box_player_reward": -0.20896278929609635, "final_player_reward": 0.4797376321485638, "preform_step": 0.5285797406320407, "win_reward": 116, "invalid_move_reward": -11.45123512619608, "max_invalid_move_reset": 10, "model_type": "DQN", "policy": "MlpPolicy", "folder_path_for_models": "models-tone", "model_performance": 16.588939035747547}