{"learning_rate": 0.09116727838136889, "net_arch": {"pi": [433, 880, 332, 315], "vf": [464]}, "net_arch_dqn": [559, 434, 988, 503, 162], "batch_size": 64, "model_name": "model-1709382222", "map_size": [10, 10], "reset": 120, "box_near_goal": 0.12439215987131691, "box_close_goal": 0.6415022507947592, "box_move_reward": 0.9736227115400169, "box_goal_reward": -0.008226415263783204, "box_player_reward": 0.24818327825268516, "final_player_reward": 0.30129467438450486, "preform_step": 0.9047668553521897, "win_reward": 151, "invalid_move_reward": -5.9499202125294754, "max_invalid_move_reset": 15, "model_type": "DQN", "policy": "MlpPolicy", "folder_path_for_models": "models-tone", "model_performance": 16.98841698841699}