{"learning_rate": 0.015140702521484854, "net_arch": {"pi": [642, 85, 310], "vf": [528, 110]}, "net_arch_dqn": [464, 532, 793, 879], "batch_size": 64, "model_name": "model-1709402129", "map_size": [10, 10], "reset": 76, "box_near_goal": 0.3372035568909675, "box_close_goal": 0.15963274058863441, "box_move_reward": -0.9059755236177038, "box_goal_reward": 0.3383216332937278, "box_player_reward": -0.10635390765975061, "final_player_reward": -0.879842418727534, "preform_step": -0.814888778304321, "win_reward": 183, "invalid_move_reward": -6.7433828335375345, "max_invalid_move_reset": 17, "model_type": "PPO", "policy": "MlpPolicy", "folder_path_for_models": "models-tone", "model_performance": 0}