{"learning_rate": 0.06001952073657254, "net_arch": {"pi": [254], "vf": [457]}, "net_arch_dqn": [171, 101], "batch_size": 64, "model_name": "model-1709385430", "map_size": [10, 10], "reset": 172, "box_near_goal": 0.11698296466842162, "box_close_goal": 0.8436769730359713, "box_move_reward": 0.7635383476904409, "box_goal_reward": 0.020236215936921598, "box_player_reward": -0.8527575626379107, "final_player_reward": -0.5557238157934221, "preform_step": 0.6990016340030367, "win_reward": 125, "invalid_move_reward": -18.134633872282297, "max_invalid_move_reset": 16, "model_type": "PPO", "policy": "MlpPolicy", "folder_path_for_models": "models-tone", "model_performance": 0}