{"learning_rate": 0.08778129158051659, "net_arch": {"pi": [151, 930], "vf": [593, 762, 74, 543]}, "net_arch_dqn": [893, 148], "batch_size": 32, "model_name": "model-1709631491", "map_size": [10, 10], "reset": 127, "box_near_goal": 0.9252861758143781, "box_close_goal": 0.49316615767787253, "box_move_reward": -0.9635462235857253, "box_goal_reward": 0.07680194411128749, "box_player_reward": -0.4707692808392836, "final_player_reward": 0.5469106519304356, "preform_step": -0.9108137656959976, "win_reward": 53, "invalid_move_reward": -0.32966068453634634, "no_win_reward": -15.980247507925647, "model_type": "DQN", "policy": "MlpPolicy", "folder_path_for_models": "models-tone", "model_performance": 1.3888888888888888}