{"learning_rate": 0.05929440037221992, "net_arch": {"pi": [389], "vf": [181]}, "net_arch_dqn": [784, 899, 641, 346, 215], "batch_size": 128, "model_name": "model-1709344043", "map_size": [10, 10], "reset": 151, "box_near_goal": 0.8140190635632418, "box_close_goal": 0.0038305053068065087, "box_move_reward": -0.9910593479889238, "box_goal_reward": -0.8942819223146747, "box_player_reward": -0.30650292832551607, "final_player_reward": -0.7958798477494273, "preform_step": 0.011012202036099872, "win_reward": 105, "invalid_move_reward": -8.223744724198287, "max_invalid_move_reset": 9, "model_type": "DQN", "policy": "MlpPolicy", "folder_path_for_models": "models-tone", "model_performance": 8.448275862068964}