{"learning_rate": 0.09515745962885418, "net_arch": {"pi": [668, 411], "vf": [483, 140, 354, 782, 772]}, "net_arch_dqn": [882, 1021, 493], "batch_size": 128, "model_name": "model-1709432784", "map_size": [10, 10], "reset": 122, "box_near_goal": 0.35725035308116226, "box_close_goal": 0.03356115693909911, "box_move_reward": -0.05310907578889479, "box_goal_reward": 0.49518340867757016, "box_player_reward": -0.998747818381355, "final_player_reward": 0.5265958078595234, "preform_step": -0.7037623360289731, "win_reward": 76, "invalid_move_reward": -10.083182016299325, "max_invalid_move_reset": 9, "model_type": "PPO", "policy": "MlpPolicy", "folder_path_for_models": "models-tone", "model_performance": 0}