{"learning_rate": 0.06890572842258923, "net_arch": {"pi": [386, 684], "vf": [596, 192, 325]}, "net_arch_dqn": [236, 689, 293, 355], "batch_size": 256, "model_name": "model-1709635886", "map_size": [10, 10], "reset": 184, "box_near_goal": 0.851823132038586, "box_close_goal": 0.9769056732018643, "box_move_reward": 0.997356623164307, "box_goal_reward": -0.30740337758644887, "box_player_reward": 0.061515799934052984, "final_player_reward": -0.05799984311864281, "preform_step": 0.5965639028960061, "win_reward": 154, "invalid_move_reward": -16.31532867287771, "no_win_reward": -16.4163205421572, "model_type": "DQN", "policy": "MlpPolicy", "folder_path_for_models": "models-tone", "model_performance": 1.3888888888888888}