{"learning_rate": 0.07522312175368488, "net_arch": {"pi": [138, 339, 280, 239, 910], "vf": [258, 295, 118, 502, 609]}, "net_arch_dqn": [734], "batch_size": 64, "model_name": "model-1709356887", "map_size": [10, 10], "reset": 112, "box_near_goal": 0.9826501398244449, "box_close_goal": 0.9684554236986838, "box_move_reward": -0.833129456462016, "box_goal_reward": 0.43680072848445617, "box_player_reward": 0.8131362779033513, "final_player_reward": -0.6315775580549112, "preform_step": 0.9971178457476202, "win_reward": 152, "invalid_move_reward": -13.11192726550911, "max_invalid_move_reset": 15, "model_type": "DQN", "policy": "MlpPolicy", "folder_path_for_models": "models-tone", "model_performance": 11.11111111111111}