{"learning_rate": 0.0024572570563017324, "net_arch": {"pi": [571, 611, 611, 200], "vf": [673]}, "net_arch_dqn": [416, 402, 670, 372, 466, 377, 498], "batch_size": 128, "model_name": "model-1709656173", "map_size": [10, 10], "reset": 100, "box_near_goal": 0.3960939172594333, "box_close_goal": 0.9928051905811349, "box_move_reward": -0.4036714098743932, "box_goal_reward": -0.0024158879775642017, "box_player_reward": 0.31365467877493636, "final_player_reward": 0.6901428211167056, "preform_step": 0.929626828669512, "win_reward": 101, "invalid_move_reward": -8.575642746493859, "no_win_reward": -7.86453856986798, "model_type": "DQN", "policy": "MlpPolicy", "folder_path_for_models": "models-tone", "model_performance": 2.7777777777777777}