{"learning_rate": 0.003947174464806581, "net_arch": {"pi": [721, 843, 581], "vf": [754]}, "net_arch_dqn": [598, 866, 456], "batch_size": 32, "model_name": "model-1709658379", "map_size": [10, 10], "reset": 143, "box_near_goal": 0.4336579674323371, "box_close_goal": 0.19827183114860225, "box_move_reward": 0.8942769236511585, "box_goal_reward": -0.7925283857608894, "box_player_reward": 0.4141447333451145, "final_player_reward": 0.3419232723781671, "preform_step": -0.20363029462230609, "win_reward": 54, "invalid_move_reward": -6.692184758357978, "no_win_reward": -5.970506771749056, "model_type": "DQN", "policy": "MlpPolicy", "folder_path_for_models": "models-tone", "model_performance": 2.7777777777777777}