{"learning_rate": 0.042688109416711445, "net_arch": {"pi": [110], "vf": [230, 97, 110, 657, 1016]}, "net_arch_dqn": [948, 235, 307], "batch_size": 256, "model_name": "model-1709624473", "map_size": [10, 10], "reset": 179, "box_near_goal": 0.9410063439734285, "box_close_goal": 0.578847808753004, "box_move_reward": 0.4831295205083399, "box_goal_reward": 0.30855992539559307, "box_player_reward": 0.9953408263091068, "final_player_reward": -0.18625624700602006, "preform_step": -0.00670295240324581, "win_reward": 61, "invalid_move_reward": -7.308738631822676, "no_win_reward": -2.47769189878888, "model_type": "PPO", "policy": "MlpPolicy", "folder_path_for_models": "models-tone", "model_performance": 0}