{"learning_rate": 0.07852575679810492, "net_arch": {"pi": [65, 606], "vf": [791]}, "net_arch_dqn": [565, 697, 210], "batch_size": 256, "model_name": "model-1709657818", "map_size": [10, 10], "reset": 153, "box_near_goal": 0.4591595281181805, "box_close_goal": 0.6015093121110447, "box_move_reward": -0.9591022499558164, "box_goal_reward": 0.42520510633054, "box_player_reward": 0.6900963505831053, "final_player_reward": -0.4435044491559008, "preform_step": 0.44351294233170924, "win_reward": 107, "invalid_move_reward": -1.574449224662125, "no_win_reward": -14.642848160465897, "model_type": "PPO", "policy": "MlpPolicy", "folder_path_for_models": "models-tone", "model_performance": 4.166666666666666}