{"learning_rate": 0.04224948739998057, "net_arch": {"pi": [139, 353], "vf": [490, 653]}, "net_arch_dqn": [900, 147, 824], "batch_size": 128, "model_name": "model-1709635655", "map_size": [10, 10], "reset": 143, "box_near_goal": 0.5150374656939631, "box_close_goal": 0.7863737087751239, "box_move_reward": 0.5172338695868788, "box_goal_reward": 0.9218259798634176, "box_player_reward": -0.3005426068250434, "final_player_reward": 0.12448104365007984, "preform_step": -0.04912346440561177, "win_reward": 149, "invalid_move_reward": -4.134303300291965, "no_win_reward": -16.309509115500315, "model_type": "PPO", "policy": "MlpPolicy", "folder_path_for_models": "models-tone", "model_performance": 2.7777777777777777}