{"learning_rate": 0.04602052165325188, "net_arch": {"pi": [665, 705, 603], "vf": [759]}, "net_arch_dqn": [924, 433, 446, 271, 840], "batch_size": 32, "model_name": "model-1709431322", "map_size": [10, 10], "reset": 88, "box_near_goal": 0.6305737972652062, "box_close_goal": 0.023530650864627356, "box_move_reward": -0.9653737324748974, "box_goal_reward": 0.7129110781215604, "box_player_reward": -0.528781121637784, "final_player_reward": -0.8142769869213446, "preform_step": -0.9804557752425402, "win_reward": 126, "invalid_move_reward": -7.6886243710960045, "max_invalid_move_reset": 11, "model_type": "PPO", "policy": "MlpPolicy", "folder_path_for_models": "models-tone", "model_performance": 0}