{"learning_rate": 0.07256741584397855, "net_arch": {"pi": [445, 173, 998, 207, 214], "vf": [701]}, "net_arch_dqn": [882], "batch_size": 256, "model_name": "model-1709389833", "map_size": [10, 10], "reset": 61, "box_near_goal": 0.3783814342374736, "box_close_goal": 0.2601581686188412, "box_move_reward": -0.15807026798767532, "box_goal_reward": 0.1752257477696273, "box_player_reward": 0.4418447673932664, "final_player_reward": -0.9403460463478726, "preform_step": 0.34978745297173175, "win_reward": 128, "invalid_move_reward": -4.164027981133263, "max_invalid_move_reset": 20, "model_type": "DQN", "policy": "MlpPolicy", "folder_path_for_models": "models-tone", "model_performance": 14.139344262295081}