{"learning_rate": 0.037523703917420416, "net_arch": {"pi": [394, 1021, 360], "vf": [637, 975, 615, 417, 610]}, "net_arch_dqn": [97], "batch_size": 64, "model_name": "model-1709369689", "map_size": [10, 10], "reset": 101, "box_near_goal": 0.3960179936364252, "box_close_goal": 0.5032008406216484, "box_move_reward": -0.3141934014447185, "box_goal_reward": 0.6208032540857467, "box_player_reward": -0.6183311609534683, "final_player_reward": 0.27842602012431583, "preform_step": 0.10552779563831582, "win_reward": 173, "invalid_move_reward": -15.459450252199375, "max_invalid_move_reset": 19, "model_type": "PPO", "policy": "MlpPolicy", "folder_path_for_models": "models-tone", "model_performance": 0}