{"learning_rate": 0.04728833558089432, "net_arch": {"pi": [78, 978, 431, 905], "vf": [260, 595]}, "net_arch_dqn": [832, 995], "batch_size": 128, "model_name": "model-1709656654", "map_size": [10, 10], "reset": 98, "box_near_goal": 0.5342939868607779, "box_close_goal": 0.11817318986487357, "box_move_reward": 0.006314706762048594, "box_goal_reward": 0.7021989422163843, "box_player_reward": 0.6972459109681244, "final_player_reward": 0.4533008256537896, "preform_step": -0.7763013190422954, "win_reward": 176, "invalid_move_reward": -11.64966107519218, "no_win_reward": -14.763531126793783, "model_type": "DQN", "policy": "MlpPolicy", "folder_path_for_models": "models-tone", "model_performance": 2.7777777777777777}