{"learning_rate": 0.018640737912283215, "net_arch": {"pi": [585, 841, 969, 740], "vf": [866, 663, 622]}, "net_arch_dqn": [164, 445, 405, 178], "batch_size": 128, "model_name": "model-1709377971", "map_size": [10, 10], "reset": 99, "box_near_goal": 0.27458203646031365, "box_close_goal": 0.8743382037012529, "box_move_reward": -0.7749424126390627, "box_goal_reward": 0.09586740312661446, "box_player_reward": 0.7262269838707498, "final_player_reward": 0.8164539808698412, "preform_step": -0.3016527734043406, "win_reward": 153, "invalid_move_reward": -5.371655553129953, "max_invalid_move_reset": 19, "model_type": "PPO", "policy": "MlpPolicy", "folder_path_for_models": "models-tone", "model_performance": 0}