{"learning_rate": 0.07832475116634997, "net_arch": {"pi": [544, 521], "vf": [290, 913, 668]}, "net_arch_dqn": [678, 725, 759], "batch_size": 128, "model_name": "model-1709373524", "map_size": [10, 10], "reset": 187, "box_near_goal": 0.8213461178569433, "box_close_goal": 0.8526713699000971, "box_move_reward": 0.9502082792769739, "box_goal_reward": -0.8716779999750977, "box_player_reward": -0.8349960367878289, "final_player_reward": 0.26780041263232435, "preform_step": 0.793571588365193, "win_reward": 152, "invalid_move_reward": -18.860258748776474, "max_invalid_move_reset": 18, "model_type": "PPO", "policy": "MlpPolicy", "folder_path_for_models": "models-tone", "model_performance": 61.000470809792844}