{"learning_rate": 0.041889507739042486, "net_arch": {"pi": [989, 713, 688, 674, 301], "vf": [903, 639]}, "net_arch_dqn": [627, 1018, 696, 957], "batch_size": 64, "model_name": "model-1709404816", "map_size": [10, 10], "reset": 75, "box_near_goal": 0.8658474523281191, "box_close_goal": 0.8875543259436284, "box_move_reward": -0.7020801480734453, "box_goal_reward": 0.012848007374617332, "box_player_reward": 0.3704057775084608, "final_player_reward": 0.57740425479647, "preform_step": -0.6523243728142438, "win_reward": 88, "invalid_move_reward": -16.60978258219622, "max_invalid_move_reset": 20, "model_type": "DQN", "policy": "MlpPolicy", "folder_path_for_models": "models-tone", "model_performance": 15.948275862068964}