{"learning_rate": 0.07303711368687048, "net_arch": {"pi": [926], "vf": [876, 961, 481]}, "net_arch_dqn": [207, 315, 437, 792, 263], "batch_size": 128, "model_name": "model-1709648962", "map_size": [10, 10], "reset": 116, "box_near_goal": 0.6408325478768543, "box_close_goal": 0.6958987879946353, "box_move_reward": -0.7480932003011387, "box_goal_reward": -0.5381161428039072, "box_player_reward": 0.22016836813663554, "final_player_reward": 0.4102965943066357, "preform_step": 0.35750117236314205, "win_reward": 76, "invalid_move_reward": -5.580210533212277, "no_win_reward": -19.40711425964215, "model_type": "DQN", "policy": "MlpPolicy", "folder_path_for_models": "models-tone", "model_performance": 4.166666666666666}