{"learning_rate": 0.06348500087938172, "net_arch": {"pi": [924], "vf": [549, 378, 100, 592, 841]}, "net_arch_dqn": [480, 759], "batch_size": 32, "model_name": "model-1709367934", "map_size": [10, 10], "reset": 148, "box_near_goal": 0.04512560534189358, "box_close_goal": 0.16954340607874807, "box_move_reward": -0.7211816592652065, "box_goal_reward": -0.7343140691228591, "box_player_reward": 0.702621019335979, "final_player_reward": 0.10197728359767688, "preform_step": -0.24968180909918036, "win_reward": 135, "invalid_move_reward": -16.15220610262466, "max_invalid_move_reset": 11, "model_type": "PPO", "policy": "MlpPolicy", "folder_path_for_models": "models-tone", "model_performance": 111.41713747645952}