{"learning_rate": 0.08686915273485583, "net_arch": {"pi": [758, 637, 604], "vf": [89, 941]}, "net_arch_dqn": [454], "batch_size": 128, "model_name": "model-1709367526", "map_size": [10, 10], "reset": 97, "box_near_goal": 0.6752430883645177, "box_close_goal": 0.6862632952022567, "box_move_reward": 0.2842957846222809, "box_goal_reward": 0.17698312651847314, "box_player_reward": -0.31602484117613194, "final_player_reward": 0.9618988459296511, "preform_step": -0.8751176353713745, "win_reward": 99, "invalid_move_reward": -10.141102767165126, "max_invalid_move_reset": 14, "model_type": "DQN", "policy": "MlpPolicy", "folder_path_for_models": "models-tone", "model_performance": 100.0}