{"learning_rate": 0.05912926391176484, "net_arch": {"pi": [160, 776, 706, 1012], "vf": [490, 804]}, "net_arch_dqn": [82], "batch_size": 64, "model_name": "model-1709644341", "map_size": [10, 10], "reset": 188, "box_near_goal": 0.05138915753711282, "box_close_goal": 0.10010207744653477, "box_move_reward": -0.43170635029965054, "box_goal_reward": 0.6767714447744915, "box_player_reward": 0.16641999371555394, "final_player_reward": 0.9635798551071997, "preform_step": -0.8019296410348062, "win_reward": 178, "invalid_move_reward": -10.710679923526111, "no_win_reward": -10.07613408825871, "model_type": "PPO", "policy": "MlpPolicy", "folder_path_for_models": "models-tone", "model_performance": 0}