{"learning_rate": 0.028028881843127285, "net_arch": {"pi": [153, 849, 773, 483, 378], "vf": [650, 303, 756]}, "net_arch_dqn": [124], "batch_size": 32, "model_name": "model-1709355862", "map_size": [10, 10], "reset": 167, "box_near_goal": 0.5223195404118909, "box_close_goal": 0.8003157193794411, "box_move_reward": -0.5210661371485124, "box_goal_reward": -0.422252252032312, "box_player_reward": -0.2886648907887337, "final_player_reward": 0.83799482594763, "preform_step": 0.9594825452513644, "win_reward": 87, "invalid_move_reward": -12.329611689617682, "max_invalid_move_reset": 11, "model_type": "PPO", "policy": "MlpPolicy", "folder_path_for_models": "models-tone", "model_performance": 0}