{"learning_rate": 0.07065450602690154, "net_arch": {"pi": [404, 498, 106, 380, 281], "vf": [320, 792, 240]}, "net_arch_dqn": [709, 383, 785], "batch_size": 32, "model_name": "model-1709397707", "map_size": [10, 10], "reset": 140, "box_near_goal": 0.7778693483735386, "box_close_goal": 0.09940114104016018, "box_move_reward": 0.8351230295569136, "box_goal_reward": -0.7395508200576775, "box_player_reward": -0.5116874293780034, "final_player_reward": 0.5804864663936284, "preform_step": -0.5981013922317773, "win_reward": 85, "invalid_move_reward": -4.018863201729705, "max_invalid_move_reset": 18, "model_type": "PPO", "policy": "MlpPolicy", "folder_path_for_models": "models-tone", "model_performance": 0}