{"learning_rate": 0.08236873374917102, "net_arch": {"pi": [993, 408, 706], "vf": [491, 346, 852, 807, 409]}, "net_arch_dqn": [938, 523], "batch_size": 128, "model_name": "model-1709393424", "map_size": [10, 10], "reset": 199, "box_near_goal": 0.5567105906704372, "box_close_goal": 0.7452607532984824, "box_move_reward": 0.8619730157995575, "box_goal_reward": -0.08381874043945325, "box_player_reward": 0.8019670186022012, "final_player_reward": 0.5340561163131246, "preform_step": 0.20950471694544293, "win_reward": 193, "invalid_move_reward": -14.753585663146938, "max_invalid_move_reset": 15, "model_type": "DQN", "policy": "MlpPolicy", "folder_path_for_models": "models-tone", "model_performance": 9.722222222222223}