{"learning_rate": 0.015488965626894185, "net_arch": {"pi": [501], "vf": [718, 944]}, "net_arch_dqn": [701, 474, 291], "batch_size": 256, "model_name": "model-1709390269", "map_size": [10, 10], "reset": 53, "box_near_goal": 0.8244481391183218, "box_close_goal": 0.03313508185096081, "box_move_reward": 0.9029476008917938, "box_goal_reward": 0.7151640833264228, "box_player_reward": 0.24442298544132024, "final_player_reward": 0.32821707165815583, "preform_step": -0.6947049801202945, "win_reward": 127, "invalid_move_reward": -2.5535786704752006, "max_invalid_move_reset": 20, "model_type": "DQN", "policy": "MlpPolicy", "folder_path_for_models": "models-tone", "model_performance": 104.86111111111111}