{"learning_rate": 0.03154765118873215, "net_arch": {"pi": [950], "vf": [299, 325, 1023]}, "net_arch_dqn": [383, 391, 472, 263, 294], "batch_size": 32, "model_name": "model-1709667677", "map_size": [10, 10], "reset": 75, "box_near_goal": 0.8810985218255496, "box_close_goal": 0.06277257802646297, "box_move_reward": 0.2558778734244116, "box_goal_reward": -0.14340435179153288, "box_player_reward": -0.927194522729132, "final_player_reward": 0.8773746692776296, "preform_step": -0.8457909287467427, "win_reward": 196, "invalid_move_reward": -2.602473357043472, "no_win_reward": -9.262787820278767, "model_type": "DQN", "policy": "MlpPolicy", "folder_path_for_models": "models-tone", "model_performance": 2.7777777777777777}