{"learning_rate": 0.07695062891534886, "net_arch": {"pi": [924, 744], "vf": [913, 108]}, "net_arch_dqn": [428, 668, 345, 338, 860], "batch_size": 32, "model_name": "model-1709380294", "map_size": [10, 10], "reset": 54, "box_near_goal": 0.4400323337233415, "box_close_goal": 0.22974603514954117, "box_move_reward": 0.6280411694890591, "box_goal_reward": -0.5833598132272293, "box_player_reward": -0.7928636289658844, "final_player_reward": -0.5033861426888118, "preform_step": -0.38411875677656315, "win_reward": 119, "invalid_move_reward": -0.7893043982361938, "max_invalid_move_reset": 16, "model_type": "DQN", "policy": "MlpPolicy", "folder_path_for_models": "models-tone", "model_performance": 74.07836865253898}