{"learning_rate": 0.014240736310295047, "net_arch": {"pi": [587, 973, 101, 222, 412], "vf": [471, 350, 502, 860]}, "net_arch_dqn": [857], "batch_size": 128, "model_name": "model-1709388245", "map_size": [10, 10], "reset": 60, "box_near_goal": 0.29722086469217557, "box_close_goal": 0.13311147702361414, "box_move_reward": -0.9528517951675433, "box_goal_reward": 0.45192621894186136, "box_player_reward": -0.618384536687852, "final_player_reward": 0.9798822488165508, "preform_step": -0.3485489296351718, "win_reward": 186, "invalid_move_reward": -2.8846451037774976, "max_invalid_move_reset": 15, "model_type": "DQN", "policy": "MlpPolicy", "folder_path_for_models": "models-tone", "model_performance": 16.715686274509807}