{"learning_rate": 0.07486775671540724, "net_arch": {"pi": [233, 964, 729, 749, 1002, 942], "vf": [384, 222]}, "net_arch_dqn": [435, 96], "batch_size": 32, "model_name": "model-1709652032", "map_size": [10, 10], "reset": 59, "box_near_goal": 0.19110913555988562, "box_close_goal": 0.7135045983354505, "box_move_reward": -0.7365478601440076, "box_goal_reward": 0.8462906338713221, "box_player_reward": 0.4285706508885154, "final_player_reward": -0.8083953350746136, "preform_step": 0.3264105934435402, "win_reward": 196, "invalid_move_reward": -11.005027368609078, "no_win_reward": -1.8974017633789906, "model_type": "DQN", "policy": "MlpPolicy", "folder_path_for_models": "models-tone", "model_performance": 2.7777777777777777}