{"learning_rate": 0.0036393700010246954, "net_arch": {"pi": [959, 107, 853, 945], "vf": [457, 298, 66, 99, 400]}, "net_arch_dqn": [91, 311, 184, 184], "batch_size": 64, "model_name": "model-1709429229", "map_size": [10, 10], "reset": 183, "box_near_goal": 0.1477761148420248, "box_close_goal": 0.02932116875663937, "box_move_reward": -0.4289553527595329, "box_goal_reward": -0.9344839844534889, "box_player_reward": 0.4187952306126699, "final_player_reward": -0.0629766264593783, "preform_step": -0.6436728048819671, "win_reward": 165, "invalid_move_reward": -11.640146937355007, "max_invalid_move_reset": 11, "model_type": "DQN", "policy": "MlpPolicy", "folder_path_for_models": "models-tone", "model_performance": 4.210992907801419}