{"learning_rate": 0.06711785925093573, "net_arch": {"pi": [933, 393, 67, 494, 488], "vf": [856]}, "net_arch_dqn": [135], "batch_size": 128, "model_name": "model-1709434552", "map_size": [10, 10], "reset": 162, "box_near_goal": 0.20611013170985393, "box_close_goal": 0.5823022786710532, "box_move_reward": -0.6766401429009998, "box_goal_reward": 0.9036220703432496, "box_player_reward": -0.844760263691837, "final_player_reward": 0.45286107050329005, "preform_step": 0.7757396517081325, "win_reward": 165, "invalid_move_reward": -11.964198398596778, "max_invalid_move_reset": 7, "model_type": "DQN", "policy": "MlpPolicy", "folder_path_for_models": "models-tone", "model_performance": 18.998015873015873}