{"learning_rate": 0.03356980862494265, "net_arch": {"pi": [731, 326, 263, 784, 803], "vf": [512, 841, 119, 304, 250]}, "net_arch_dqn": [732, 865, 332, 216], "batch_size": 128, "model_name": "model-1709379874", "map_size": [10, 10], "reset": 180, "box_near_goal": 0.5904949685184127, "box_close_goal": 0.6415260222557528, "box_move_reward": -0.7937966960247365, "box_goal_reward": 0.39818392957504734, "box_player_reward": 0.22792809635219768, "final_player_reward": 0.03001924825018265, "preform_step": -0.5089324531857744, "win_reward": 199, "invalid_move_reward": -5.529156887957571, "max_invalid_move_reset": 12, "model_type": "DQN", "policy": "MlpPolicy", "folder_path_for_models": "models-tone", "model_performance": 20.0}