{"learning_rate": 0.07447905415816736, "net_arch": {"pi": [864, 76], "vf": [567]}, "net_arch_dqn": [975, 465, 303, 243], "batch_size": 256, "model_name": "model-1709640060", "map_size": [10, 10], "reset": 55, "box_near_goal": 0.9082883176415663, "box_close_goal": 0.7305677568423494, "box_move_reward": 0.8351898949600407, "box_goal_reward": 0.23379899803429982, "box_player_reward": 0.9854024309933691, "final_player_reward": 0.4071258163372482, "preform_step": -0.6956412189325305, "win_reward": 172, "invalid_move_reward": -9.563472178389649, "no_win_reward": -8.742657663118328, "model_type": "PPO", "policy": "MlpPolicy", "folder_path_for_models": "models-tone", "model_performance": 4.166666666666666}