{"learning_rate": 0.022930155491087935, "net_arch": {"pi": [976, 462], "vf": [737, 293, 586, 481, 571]}, "net_arch_dqn": [331, 546, 287], "batch_size": 128, "model_name": "model-1709378738", "map_size": [10, 10], "reset": 138, "box_near_goal": 0.8388119203957373, "box_close_goal": 0.7646760288598786, "box_move_reward": 0.5444019245596012, "box_goal_reward": -0.49899418815569496, "box_player_reward": 0.8908101962869603, "final_player_reward": 0.4925001667320661, "preform_step": -0.8054818624691626, "win_reward": 118, "invalid_move_reward": -19.333570211713646, "max_invalid_move_reset": 8, "model_type": "DQN", "policy": "MlpPolicy", "folder_path_for_models": "models-tone", "model_performance": 51.388888888888886}