{"learning_rate": 0.0443643845194523, "net_arch": {"pi": [425], "vf": [728]}, "net_arch_dqn": [439, 860, 259], "batch_size": 64, "model_name": "model-1709407170", "map_size": [10, 10], "reset": 107, "box_near_goal": 0.23759654623906967, "box_close_goal": 0.47445070021771796, "box_move_reward": -0.692988331898234, "box_goal_reward": 0.4414604591330833, "box_player_reward": 0.6443161724112416, "final_player_reward": -0.8892154431577861, "preform_step": -0.3022393998367101, "win_reward": 192, "invalid_move_reward": -13.300844776687642, "max_invalid_move_reset": 14, "model_type": "DQN", "policy": "MlpPolicy", "folder_path_for_models": "models-tone", "model_performance": 20.444915254237287}