{"learning_rate": 0.03723302284138627, "net_arch": {"pi": [79], "vf": [407, 764]}, "net_arch_dqn": [267], "batch_size": 64, "model_name": "model-1709662950", "map_size": [10, 10], "reset": 126, "box_near_goal": 0.016393458351038892, "box_close_goal": 0.8885217423112292, "box_move_reward": 0.4164500044950299, "box_goal_reward": -0.5293801886765659, "box_player_reward": -0.9658757422792261, "final_player_reward": 0.8290356470965012, "preform_step": 0.920237165879743, "win_reward": 72, "invalid_move_reward": -2.274278387560802, "no_win_reward": -17.067526462874316, "model_type": "PPO", "policy": "MlpPolicy", "folder_path_for_models": "models-tone", "model_performance": 0}