{"learning_rate": 0.06680636674628326, "net_arch": {"pi": [935, 214, 81, 441, 534], "vf": [623, 741]}, "net_arch_dqn": [667, 376, 194, 985, 529], "batch_size": 256, "model_name": "model-1709438676", "map_size": [10, 10], "reset": 124, "box_near_goal": 0.9036950112399936, "box_close_goal": 0.6037080234973348, "box_move_reward": -0.8973486030710316, "box_goal_reward": -0.13347617747845542, "box_player_reward": -0.346138550914729, "final_player_reward": -0.7911612980247791, "preform_step": -0.11710970918758412, "win_reward": 180, "invalid_move_reward": -19.37713511927295, "max_invalid_move_reset": 16, "model_type": "PPO", "policy": "MlpPolicy", "folder_path_for_models": "models-tone", "model_performance": 104.97863247863248}