{"learning_rate": 0.07370142276981419, "net_arch": {"pi": [325, 960, 105, 941], "vf": [120, 206, 552, 930]}, "net_arch_dqn": [124, 392, 615, 82], "batch_size": 128, "model_name": "model-1709396295", "map_size": [10, 10], "reset": 147, "box_near_goal": 0.9882812717535923, "box_close_goal": 0.12802967930946907, "box_move_reward": 0.048063569438823395, "box_goal_reward": -0.505774402477172, "box_player_reward": -0.5143959961645814, "final_player_reward": 0.7273820092793857, "preform_step": -0.16563230763691705, "win_reward": 77, "invalid_move_reward": -13.262380926070847, "max_invalid_move_reset": 20, "model_type": "DQN", "policy": "MlpPolicy", "folder_path_for_models": "models-tone", "model_performance": 21.38888888888889}