{"learning_rate": 0.010840772458947347, "net_arch": {"pi": [615, 109], "vf": [312, 302]}, "net_arch_dqn": [358, 801, 550, 144], "batch_size": 64, "model_name": "model-1709399500", "map_size": [10, 10], "reset": 70, "box_near_goal": 0.6596448610583073, "box_close_goal": 0.31432191351918903, "box_move_reward": 0.8829274454052478, "box_goal_reward": -0.16570032294084136, "box_player_reward": 0.9400225266935773, "final_player_reward": -0.07629937686709076, "preform_step": -0.12322290335115471, "win_reward": 162, "invalid_move_reward": -17.23436173989636, "max_invalid_move_reset": 6, "model_type": "DQN", "policy": "MlpPolicy", "folder_path_for_models": "models-tone", "model_performance": 151.66666666666666}