{"learning_rate": 0.027843879696366695, "net_arch": {"pi": [497, 844], "vf": [666, 171, 105, 895]}, "net_arch_dqn": [371], "batch_size": 64, "model_name": "model-1709403371", "map_size": [10, 10], "reset": 172, "box_near_goal": 0.7141062148444325, "box_close_goal": 0.6874382067973148, "box_move_reward": -0.9093603798008105, "box_goal_reward": -0.35868603551875067, "box_player_reward": -0.416154083710512, "final_player_reward": 0.5744757535229377, "preform_step": -0.10392356032726258, "win_reward": 135, "invalid_move_reward": -0.5290241773364706, "max_invalid_move_reset": 6, "model_type": "DQN", "policy": "MlpPolicy", "folder_path_for_models": "models-tone", "model_performance": 134.72222222222223}