{"learning_rate": 0.0020938514307730595, "net_arch": {"pi": [496, 560, 575, 462, 124], "vf": [359, 657]}, "net_arch_dqn": [189, 618, 889, 761, 534], "batch_size": 64, "model_name": "model-1709404503", "map_size": [10, 10], "reset": 65, "box_near_goal": 0.7727100805369803, "box_close_goal": 0.8280782390475393, "box_move_reward": -0.040571785866383436, "box_goal_reward": 0.10412378917346143, "box_player_reward": -0.04422229208094608, "final_player_reward": 0.7768581947721351, "preform_step": -0.7610475949232529, "win_reward": 174, "invalid_move_reward": -12.21116219376043, "max_invalid_move_reset": 12, "model_type": "PPO", "policy": "MlpPolicy", "folder_path_for_models": "models-tone", "model_performance": 48.04318488529015}