{"learning_rate": 0.062212748464380976, "net_arch": {"pi": [142], "vf": [165, 70, 769, 706]}, "net_arch_dqn": [325, 113, 644, 560, 820, 335, 795], "batch_size": 128, "model_name": "model-1709644269", "map_size": [10, 10], "reset": 134, "box_near_goal": 0.8108739768913364, "box_close_goal": 0.3107581273339246, "box_move_reward": 0.979769051766338, "box_goal_reward": 0.46579346387258713, "box_player_reward": 0.7445741044485381, "final_player_reward": 0.8515710973177573, "preform_step": -0.3202229609592271, "win_reward": 144, "invalid_move_reward": -18.514548406224087, "no_win_reward": -15.897072682051602, "model_type": "DQN", "policy": "MlpPolicy", "folder_path_for_models": "models-tone", "model_performance": 2.7777777777777777}