{"learning_rate": 0.07468798761133957, "net_arch": {"pi": [434, 754, 704], "vf": [797, 334]}, "net_arch_dqn": [711, 490, 820, 92, 756], "batch_size": 256, "model_name": "model-1709393284", "map_size": [10, 10], "reset": 181, "box_near_goal": 0.5420233075417827, "box_close_goal": 0.7907323545792702, "box_move_reward": -0.9912139854077939, "box_goal_reward": 0.5483034437455117, "box_player_reward": -0.03829563534652114, "final_player_reward": -0.18537231378386476, "preform_step": -0.16524898663566345, "win_reward": 195, "invalid_move_reward": -10.957297844119934, "max_invalid_move_reset": 18, "model_type": "PPO", "policy": "MlpPolicy", "folder_path_for_models": "models-tone", "model_performance": 0}