{"learning_rate": 0.07635740556140698, "net_arch": {"pi": [163, 349, 167, 393, 841], "vf": [90, 561]}, "net_arch_dqn": [271, 546, 942, 497], "batch_size": 256, "model_name": "model-1709371677", "map_size": [10, 10], "reset": 195, "box_near_goal": 0.24886214213961744, "box_close_goal": 0.347084502850295, "box_move_reward": -0.030256884418355057, "box_goal_reward": -0.5485823748856629, "box_player_reward": -0.8565967147914246, "final_player_reward": -0.4070108722539665, "preform_step": 0.9122370020841013, "win_reward": 105, "invalid_move_reward": -2.072276052788414, "max_invalid_move_reset": 12, "model_type": "PPO", "policy": "MlpPolicy", "folder_path_for_models": "models-tone", "model_performance": 103.76984126984127}