{"learning_rate": 0.022435418166812243, "net_arch": {"pi": [698, 823], "vf": [543]}, "net_arch_dqn": [903, 513, 1021, 269, 401], "batch_size": 256, "model_name": "model-1709657158", "map_size": [10, 10], "reset": 57, "box_near_goal": 0.12345450542783165, "box_close_goal": 0.28495478856720313, "box_move_reward": 0.8803743244891935, "box_goal_reward": 0.25687557241221426, "box_player_reward": 0.821037240779982, "final_player_reward": 0.4542459472863891, "preform_step": -0.845860932052912, "win_reward": 91, "invalid_move_reward": -6.109201531687043, "no_win_reward": -16.057800173830202, "model_type": "PPO", "policy": "MlpPolicy", "folder_path_for_models": "models-tone", "model_performance": 0}