{"learning_rate": 0.01907709103262625, "net_arch": {"pi": [902, 495], "vf": [293, 291]}, "net_arch_dqn": [288, 469, 425], "batch_size": 128, "model_name": "model-1709407587", "map_size": [10, 10], "reset": 175, "box_near_goal": 0.6525036237887764, "box_close_goal": 0.6191028129546516, "box_move_reward": 0.8912454105922014, "box_goal_reward": -0.8049830220566441, "box_player_reward": -0.7160747364081155, "final_player_reward": -0.7793161427294253, "preform_step": -0.2678488592460897, "win_reward": 59, "invalid_move_reward": -10.64177480778119, "max_invalid_move_reset": 9, "model_type": "DQN", "policy": "MlpPolicy", "folder_path_for_models": "models-tone", "model_performance": 15.313988946064418}