{"learning_rate": 0.09311812428007742, "net_arch": {"pi": [531, 394, 402, 744, 798], "vf": [252, 517, 801]}, "net_arch_dqn": [647, 762, 630, 416, 249], "batch_size": 32, "model_name": "model-1709628510", "map_size": [10, 10], "reset": 173, "box_near_goal": 0.7982008949648653, "box_close_goal": 0.9812670323919291, "box_move_reward": -0.03794784685744723, "box_goal_reward": 0.6155691686291296, "box_player_reward": -0.2394243701152725, "final_player_reward": 0.7311689551465625, "preform_step": -0.3160035977454556, "win_reward": 114, "invalid_move_reward": -6.250597034356833, "no_win_reward": -6.401972143960089, "model_type": "PPO", "policy": "MlpPolicy", "folder_path_for_models": "models-tone", "model_performance": 0}