{"learning_rate": 0.025856227925273798, "net_arch": {"pi": [228, 197, 167, 648, 595], "vf": [963, 467, 766, 597, 462, 658, 382]}, "net_arch_dqn": [631, 455], "batch_size": 64, "model_name": "model-1709659338", "map_size": [10, 10], "reset": 176, "box_near_goal": 0.9820809031323415, "box_close_goal": 0.8729831252204104, "box_move_reward": 0.7871724339850148, "box_goal_reward": 0.29743931756182973, "box_player_reward": -0.25330401753435017, "final_player_reward": 0.02385393205453279, "preform_step": 0.6201575786804328, "win_reward": 191, "invalid_move_reward": -5.460224456794638, "no_win_reward": -0.44046454828250603, "model_type": "DQN", "policy": "MlpPolicy", "folder_path_for_models": "models-tone", "model_performance": 0}