{"learning_rate": 0.04092573378910605, "net_arch": {"pi": [551, 469, 982, 783], "vf": [203, 648, 776, 552]}, "net_arch_dqn": [722], "batch_size": 128, "model_name": "model-1709633936", "map_size": [10, 10], "reset": 185, "box_near_goal": 0.6248868241583596, "box_close_goal": 0.4503432591413058, "box_move_reward": -0.6089547945252647, "box_goal_reward": -0.5674767176368203, "box_player_reward": 0.7396904958621777, "final_player_reward": 0.24190772844157626, "preform_step": -0.9335787494728585, "win_reward": 87, "invalid_move_reward": -11.965714189516268, "no_win_reward": -15.192868078586422, "model_type": "PPO", "policy": "MlpPolicy", "folder_path_for_models": "models-tone", "model_performance": 0}