{"learning_rate": 0.0450596475198259, "net_arch": {"pi": [575, 927, 504], "vf": [938, 323, 598, 441]}, "net_arch_dqn": [797, 1017], "batch_size": 32, "model_name": "model-1709384343", "map_size": [10, 10], "reset": 173, "box_near_goal": 0.13763661824622508, "box_close_goal": 0.7196198832563379, "box_move_reward": -0.6593962938068492, "box_goal_reward": -0.7932265555332754, "box_player_reward": -0.17893913272555673, "final_player_reward": -0.3179506661489586, "preform_step": 0.5946963986525515, "win_reward": 124, "invalid_move_reward": -15.690638902091582, "max_invalid_move_reset": 8, "model_type": "PPO", "policy": "MlpPolicy", "folder_path_for_models": "models-tone", "model_performance": 0}