{"learning_rate": 0.04146788534022554, "net_arch": {"pi": [278, 138, 86, 165], "vf": [694, 131]}, "net_arch_dqn": [203, 589, 379], "batch_size": 256, "model_name": "model-1709624671", "map_size": [10, 10], "reset": 100, "box_near_goal": 0.5335993493767445, "box_close_goal": 0.7363388121812505, "box_move_reward": -0.3337080224632043, "box_goal_reward": 0.5831928795266326, "box_player_reward": 0.263606225768215, "final_player_reward": 0.9072237548332496, "preform_step": -0.087537102463076, "win_reward": 153, "invalid_move_reward": -6.5753084605672925, "no_win_reward": -5.483607425923838, "model_type": "PPO", "policy": "MlpPolicy", "folder_path_for_models": "models-tone", "model_performance": 0}