{"learning_rate": 0.039540748754083706, "net_arch": {"pi": [255, 205, 244], "vf": [865, 97]}, "net_arch_dqn": [277, 637, 282, 834], "batch_size": 64, "model_name": "model-1709654443", "map_size": [10, 10], "reset": 177, "box_near_goal": 0.5112208820124975, "box_close_goal": 0.3490960955882423, "box_move_reward": 0.7218476929057331, "box_goal_reward": 0.7435993973354209, "box_player_reward": 0.9952969915978114, "final_player_reward": -0.944069993641838, "preform_step": -0.0018931250577338687, "win_reward": 57, "invalid_move_reward": -0.9792592207567168, "no_win_reward": -8.245255378158669, "model_type": "PPO", "policy": "MlpPolicy", "folder_path_for_models": "models-tone", "model_performance": 0}