{"learning_rate": 0.06646543682123297, "net_arch": {"pi": [497, 914], "vf": [510, 652, 566, 688, 494]}, "net_arch_dqn": [757, 501, 876], "batch_size": 64, "model_name": "model-1709360302", "map_size": [10, 10], "reset": 82, "box_near_goal": 0.14611753525132432, "box_close_goal": 0.21644780027135935, "box_move_reward": 0.7659679094508767, "box_goal_reward": -0.4428369792118938, "box_player_reward": 0.08818013001200309, "final_player_reward": -0.03579709845174195, "preform_step": -0.25667948426369946, "win_reward": 197, "invalid_move_reward": -16.97102970658461, "max_invalid_move_reset": 9, "model_type": "DQN", "policy": "MlpPolicy", "folder_path_for_models": "models-tone", "model_performance": 11.853618258897761}