{"learning_rate": 0.0645738595298257, "net_arch": {"pi": [303, 836, 612, 896], "vf": [242, 930, 310, 912, 542]}, "net_arch_dqn": [362, 262, 331], "batch_size": 128, "model_name": "model-1709399850", "map_size": [10, 10], "reset": 100, "box_near_goal": 0.9885302588115432, "box_close_goal": 0.6199239026040445, "box_move_reward": -0.2870562228598399, "box_goal_reward": 0.45502060532518795, "box_player_reward": 0.13983633701247467, "final_player_reward": 0.08887089160728978, "preform_step": 0.4331238494818017, "win_reward": 152, "invalid_move_reward": -13.837464775331421, "max_invalid_move_reset": 16, "model_type": "DQN", "policy": "MlpPolicy", "folder_path_for_models": "models-tone", "model_performance": 9.255510571300045}