{"learning_rate": 0.011433531325411061, "net_arch": {"pi": [928, 563], "vf": [638, 274]}, "net_arch_dqn": [663, 685, 1001], "batch_size": 256, "model_name": "model-1709406066", "map_size": [10, 10], "reset": 85, "box_near_goal": 0.9904920061651041, "box_close_goal": 0.13656020274769198, "box_move_reward": -0.7454042348026972, "box_goal_reward": 0.639587207983962, "box_player_reward": -0.8488249469906386, "final_player_reward": -0.13419269948770096, "preform_step": 0.7492363402705287, "win_reward": 111, "invalid_move_reward": -2.031259002389639, "max_invalid_move_reset": 16, "model_type": "DQN", "policy": "MlpPolicy", "folder_path_for_models": "models-tone", "model_performance": 25.0}