{"learning_rate": 0.0607396308866318, "net_arch": {"pi": [151, 720], "vf": [813, 754, 969, 276, 523]}, "net_arch_dqn": [199, 955, 479], "batch_size": 64, "model_name": "model-1709627906", "map_size": [10, 10], "reset": 77, "box_near_goal": 0.5722812608713186, "box_close_goal": 0.782473006115212, "box_move_reward": -0.18900986338877046, "box_goal_reward": -0.4667962726637087, "box_player_reward": 0.6862847329292052, "final_player_reward": -0.9285101371572031, "preform_step": 0.6077235103059477, "win_reward": 166, "invalid_move_reward": -12.678532139349969, "no_win_reward": -6.217136621247935, "model_type": "DQN", "policy": "MlpPolicy", "folder_path_for_models": "models-tone", "model_performance": 0}