{"learning_rate": 0.02892586142816344, "net_arch": {"pi": [173, 999, 265, 1016, 673], "vf": [156, 829, 251]}, "net_arch_dqn": [70, 333, 808, 89, 657], "batch_size": 32, "model_name": "model-1709431864", "map_size": [10, 10], "reset": 79, "box_near_goal": 0.24133497036683405, "box_close_goal": 0.02981980572926035, "box_move_reward": 0.7095985314456723, "box_goal_reward": 0.7951519298446803, "box_player_reward": 0.9560947175699761, "final_player_reward": -0.738797132878954, "preform_step": 0.4761584096994387, "win_reward": 185, "invalid_move_reward": -2.548814311228483, "max_invalid_move_reset": 8, "model_type": "DQN", "policy": "MlpPolicy", "folder_path_for_models": "models-tone", "model_performance": 114.24373040752351}