{"learning_rate": 0.0535850826931455, "net_arch": {"pi": [199, 652], "vf": [602, 742, 546]}, "net_arch_dqn": [84], "batch_size": 256, "model_name": "model-1709627449", "map_size": [10, 10], "reset": 198, "box_near_goal": 0.6072272813541301, "box_close_goal": 0.014159485938764482, "box_move_reward": -0.8990586148458539, "box_goal_reward": -0.7552385275610292, "box_player_reward": 0.1514323425863897, "final_player_reward": -0.2171373015945519, "preform_step": -0.9074149009559709, "win_reward": 169, "invalid_move_reward": -8.37382555802084, "no_win_reward": -3.694477995119456, "model_type": "PPO", "policy": "MlpPolicy", "folder_path_for_models": "models-tone", "model_performance": 0}