{"learning_rate": 0.025686161941345445, "net_arch": {"pi": [750, 495], "vf": [521, 593, 378, 207, 715]}, "net_arch_dqn": [914, 797], "batch_size": 64, "model_name": "model-1709388964", "map_size": [10, 10], "reset": 90, "box_near_goal": 0.6947770499198098, "box_close_goal": 0.033009900604888065, "box_move_reward": -0.3471545820206512, "box_goal_reward": 0.6192325400990821, "box_player_reward": 0.7296551983711346, "final_player_reward": 0.9471387984942801, "preform_step": 0.4294758581769238, "win_reward": 200, "invalid_move_reward": -0.9903685346118536, "max_invalid_move_reset": 10, "model_type": "PPO", "policy": "MlpPolicy", "folder_path_for_models": "models-tone", "model_performance": 105.7367149758454}