{"learning_rate": 0.08892572944561646, "net_arch": {"pi": [642, 783, 632, 713, 539, 993], "vf": [245, 782]}, "net_arch_dqn": [331, 273, 588, 876, 648, 420], "batch_size": 256, "model_name": "model-1709648470", "map_size": [10, 10], "reset": 105, "box_near_goal": 0.7171228809943215, "box_close_goal": 0.2510158759055324, "box_move_reward": 0.8290451948376178, "box_goal_reward": -0.8339599481770352, "box_player_reward": -0.2531365572379034, "final_player_reward": 0.8587092019604152, "preform_step": -0.7416837481752105, "win_reward": 166, "invalid_move_reward": -9.601570000046147, "no_win_reward": -14.807601640057069, "model_type": "DQN", "policy": "MlpPolicy", "folder_path_for_models": "models-tone", "model_performance": 2.7777777777777777}