{"learning_rate": 0.06438381730070757, "net_arch": {"pi": [603, 221, 529, 845], "vf": [771, 665, 957, 395, 123, 339, 681]}, "net_arch_dqn": [252, 352, 260, 823, 863, 322], "batch_size": 64, "model_name": "model-1709649056", "map_size": [10, 10], "reset": 92, "box_near_goal": 0.9709114449195828, "box_close_goal": 0.3396174331782228, "box_move_reward": 0.07516918645462711, "box_goal_reward": 0.9212898662462521, "box_player_reward": -0.4750978978029117, "final_player_reward": 0.0028084904901175545, "preform_step": 0.529378435400591, "win_reward": 57, "invalid_move_reward": -2.192998844574351, "no_win_reward": -2.6527040333756524, "model_type": "DQN", "policy": "MlpPolicy", "folder_path_for_models": "models-tone", "model_performance": 2.7777777777777777}