{"learning_rate": 0.09920073012407721, "net_arch": {"pi": [237], "vf": [68, 791, 699, 542, 654]}, "net_arch_dqn": [479], "batch_size": 256, "model_name": "model-1709653236", "map_size": [10, 10], "reset": 64, "box_near_goal": 0.25492951289793275, "box_close_goal": 0.6371516750842624, "box_move_reward": 0.8571923615834101, "box_goal_reward": 0.04801128721139181, "box_player_reward": 0.9809470762680093, "final_player_reward": 0.9229638625482839, "preform_step": 0.6883334113540913, "win_reward": 82, "invalid_move_reward": -16.444615780404817, "no_win_reward": -10.626179725270376, "model_type": "PPO", "policy": "MlpPolicy", "folder_path_for_models": "models-tone", "model_performance": 0}