{"learning_rate": 0.060043670556909935, "net_arch": {"pi": [99], "vf": [97, 359, 632]}, "net_arch_dqn": [897, 733, 668, 303, 677], "batch_size": 32, "model_name": "model-1709370808", "map_size": [10, 10], "reset": 106, "box_near_goal": 0.0053656253828798794, "box_close_goal": 0.4613375300580955, "box_move_reward": 0.46129594140239516, "box_goal_reward": 0.29395614881839793, "box_player_reward": -0.039536528922435865, "final_player_reward": 0.4737100072333702, "preform_step": 0.41948101679558114, "win_reward": 58, "invalid_move_reward": -12.511597982476626, "max_invalid_move_reset": 16, "model_type": "PPO", "policy": "MlpPolicy", "folder_path_for_models": "models-tone", "model_performance": 0}