{"learning_rate": 0.007807175411369824, "net_arch": {"pi": [120, 986, 926, 214, 696], "vf": [391, 257, 1006, 664, 513]}, "net_arch_dqn": [419], "batch_size": 32, "model_name": "model-1709640732", "map_size": [10, 10], "reset": 143, "box_near_goal": 0.7123290247127898, "box_close_goal": 0.9971163931037603, "box_move_reward": 0.7134337874233654, "box_goal_reward": -0.5629430203444408, "box_player_reward": 0.3712686053216423, "final_player_reward": 0.3304972639213115, "preform_step": 0.5898838624283758, "win_reward": 193, "invalid_move_reward": -4.685668802544036, "no_win_reward": -18.020176000078067, "model_type": "DQN", "policy": "MlpPolicy", "folder_path_for_models": "models-tone", "model_performance": 0}