{"learning_rate": 0.049776323252097285, "net_arch": {"pi": [131, 421], "vf": [799, 109, 126, 618]}, "net_arch_dqn": [679, 927], "batch_size": 256, "model_name": "model-1709393962", "map_size": [10, 10], "reset": 133, "box_near_goal": 0.37873601768080467, "box_close_goal": 0.6562387485885561, "box_move_reward": -0.7883256239309884, "box_goal_reward": -0.23096783982760183, "box_player_reward": 0.9802173609213345, "final_player_reward": 0.03169298432243628, "preform_step": -0.880763489096597, "win_reward": 60, "invalid_move_reward": -7.0528021666772815, "max_invalid_move_reset": 20, "model_type": "PPO", "policy": "MlpPolicy", "folder_path_for_models": "models-tone", "model_performance": 0}