{"learning_rate": 0.09834803343731109, "net_arch": {"pi": [593, 257], "vf": [984, 918]}, "net_arch_dqn": [642, 755, 344], "batch_size": 256, "model_name": "model-1709387190", "map_size": [10, 10], "reset": 148, "box_near_goal": 0.9115233318305145, "box_close_goal": 0.6869735613028822, "box_move_reward": -0.7516459936189208, "box_goal_reward": 0.7582303843651204, "box_player_reward": 0.49278367293547265, "final_player_reward": 0.09267601694839889, "preform_step": -0.9173087466585528, "win_reward": 89, "invalid_move_reward": -0.47595222275127824, "max_invalid_move_reset": 8, "model_type": "PPO", "policy": "MlpPolicy", "folder_path_for_models": "models-tone", "model_performance": 0}