{"learning_rate": 0.036538158598809614, "net_arch": {"pi": [184, 690], "vf": [928, 968, 655]}, "net_arch_dqn": [307], "batch_size": 64, "model_name": "model-1709384777", "map_size": [10, 10], "reset": 147, "box_near_goal": 0.6677529947256391, "box_close_goal": 0.7289712499740156, "box_move_reward": -0.9718746019857933, "box_goal_reward": -0.7339892452876497, "box_player_reward": 0.5347803436563032, "final_player_reward": -0.9052856324512661, "preform_step": 0.4134570108025293, "win_reward": 168, "invalid_move_reward": -3.921382734423865, "max_invalid_move_reset": 9, "model_type": "DQN", "policy": "MlpPolicy", "folder_path_for_models": "models-tone", "model_performance": 53.08380414312617}