{"learning_rate": 0.05730126039847631, "net_arch": {"pi": [153, 323], "vf": [140, 859, 1016, 107]}, "net_arch_dqn": [527, 538], "batch_size": 32, "model_name": "model-1709376985", "map_size": [10, 10], "reset": 84, "box_near_goal": 0.9200830239707273, "box_close_goal": 0.4885170118209139, "box_move_reward": -0.6462345275969863, "box_goal_reward": -0.46033330235417, "box_player_reward": -0.5993656104665614, "final_player_reward": 0.8008017490171799, "preform_step": -0.6751148886203571, "win_reward": 196, "invalid_move_reward": -0.15777447280111545, "max_invalid_move_reset": 19, "model_type": "PPO", "policy": "MlpPolicy", "folder_path_for_models": "models-tone", "model_performance": 0}