{"learning_rate": 0.04156446550497056, "net_arch": {"pi": [318, 849, 696, 359], "vf": [187, 206, 557, 414, 378]}, "net_arch_dqn": [337, 985], "batch_size": 64, "model_name": "model-1709650786", "map_size": [10, 10], "reset": 102, "box_near_goal": 0.9669833251417614, "box_close_goal": 0.9834183292019131, "box_move_reward": -0.9900844812206115, "box_goal_reward": 0.7569366563570943, "box_player_reward": 0.7650910252100576, "final_player_reward": -0.7406952106549081, "preform_step": 0.26248664206328076, "win_reward": 178, "invalid_move_reward": -2.168857605533095, "no_win_reward": -0.07760534901979099, "model_type": "PPO", "policy": "MlpPolicy", "folder_path_for_models": "models-tone", "model_performance": 0}