{"learning_rate": 0.04341048339847105, "net_arch": {"pi": [77, 362, 438, 493], "vf": [982, 105, 112]}, "net_arch_dqn": [887, 96, 359, 938], "batch_size": 64, "model_name": "model-1709658022", "map_size": [10, 10], "reset": 89, "box_near_goal": 0.02221962259501442, "box_close_goal": 0.24466992784225283, "box_move_reward": 0.33247603565695094, "box_goal_reward": 0.16997726012371261, "box_player_reward": 0.8813095224099616, "final_player_reward": 0.890296323823285, "preform_step": 0.06574677582803146, "win_reward": 198, "invalid_move_reward": -7.873952554686364, "no_win_reward": -10.088874626713364, "model_type": "PPO", "policy": "MlpPolicy", "folder_path_for_models": "models-tone", "model_performance": 2.7777777777777777}