{"learning_rate": 0.03298586005673767, "net_arch": {"pi": [824], "vf": [161, 952, 922]}, "net_arch_dqn": [94, 848, 405, 840], "batch_size": 128, "model_name": "model-1709629578", "map_size": [10, 10], "reset": 108, "box_near_goal": 0.72700581829736, "box_close_goal": 0.7348442770260948, "box_move_reward": 0.5458918427413582, "box_goal_reward": 0.8435944028785118, "box_player_reward": -0.7284983623880423, "final_player_reward": 0.1337096231695909, "preform_step": 0.9934602873875735, "win_reward": 156, "invalid_move_reward": -1.9660795679928178, "no_win_reward": -4.562584586959936, "model_type": "DQN", "policy": "MlpPolicy", "folder_path_for_models": "models-tone", "model_performance": 0}