{"learning_rate": 0.05856097923965991, "net_arch": {"pi": [822, 201, 733, 584], "vf": [836]}, "net_arch_dqn": [223, 384, 777], "batch_size": 32, "model_name": "model-1709440271", "map_size": [10, 10], "reset": 123, "box_near_goal": 0.7602552627151163, "box_close_goal": 0.8716555114247885, "box_move_reward": -0.3885936597126862, "box_goal_reward": -0.36261279799361934, "box_player_reward": 0.3322482015208492, "final_player_reward": 0.1565805032126455, "preform_step": -0.14250530462084443, "win_reward": 191, "invalid_move_reward": -16.821883432758366, "max_invalid_move_reset": 19, "model_type": "PPO", "policy": "MlpPolicy", "folder_path_for_models": "models-tone", "model_performance": 0}