{"learning_rate": 0.02803908587639249, "net_arch": {"pi": [985, 501], "vf": [364, 499, 663, 773]}, "net_arch_dqn": [474, 303], "batch_size": 64, "model_name": "model-1709362690", "map_size": [10, 10], "reset": 89, "box_near_goal": 0.9114109330932998, "box_close_goal": 0.1002961442726964, "box_move_reward": -0.02597497085063094, "box_goal_reward": 0.20083373514880765, "box_player_reward": 0.3728147913728306, "final_player_reward": 0.3576172406942313, "preform_step": 0.7608780481390149, "win_reward": 130, "invalid_move_reward": -0.9005796969010369, "max_invalid_move_reset": 18, "model_type": "DQN", "policy": "MlpPolicy", "folder_path_for_models": "models-tone", "model_performance": 16.666666666666668}