{"learning_rate": 0.02353760436466051, "net_arch": {"pi": [948], "vf": [181, 302, 615]}, "net_arch_dqn": [529], "batch_size": 256, "model_name": "model-1709405759", "map_size": [10, 10], "reset": 165, "box_near_goal": 0.024518186494899674, "box_close_goal": 0.8323813748403601, "box_move_reward": -0.4884366370798756, "box_goal_reward": -0.4094806387322387, "box_player_reward": -0.024426410613005434, "final_player_reward": 0.23178801880391453, "preform_step": -0.21457805880365743, "win_reward": 50, "invalid_move_reward": -10.249055908337768, "max_invalid_move_reset": 19, "model_type": "PPO", "policy": "MlpPolicy", "folder_path_for_models": "models-tone", "model_performance": 0}