{"learning_rate": 0.07518976613358708, "net_arch": {"pi": [264, 530, 684], "vf": [947, 93]}, "net_arch_dqn": [950, 83, 472, 954], "batch_size": 128, "model_name": "model-1709346419", "map_size": [10, 10], "reset": 127, "box_near_goal": 0.7092001054560113, "box_close_goal": 0.6586451512012824, "box_move_reward": -0.7851867682476363, "box_goal_reward": -0.5784404723272665, "box_player_reward": -0.1053432477641858, "final_player_reward": 0.9912920612973586, "preform_step": -0.8379842125700523, "win_reward": 66, "invalid_move_reward": -6.980978790054813, "max_invalid_move_reset": 13, "model_type": "DQN", "policy": "MlpPolicy", "folder_path_for_models": "models-tone", "model_performance": 120.45822102425876}