{"learning_rate": 0.006232603760639449, "net_arch": {"pi": [323, 606, 878, 238], "vf": [466, 113, 671]}, "net_arch_dqn": [429, 913, 171], "batch_size": 32, "model_name": "model-1709633795", "map_size": [10, 10], "reset": 66, "box_near_goal": 0.00927647668057796, "box_close_goal": 0.5419184591249827, "box_move_reward": 0.43205446833369066, "box_goal_reward": 0.5038855491998944, "box_player_reward": 0.6997221826895608, "final_player_reward": -0.34289693255786746, "preform_step": -0.5773687124611708, "win_reward": 96, "invalid_move_reward": -1.7388157358737537, "no_win_reward": -14.59459968604272, "model_type": "PPO", "policy": "MlpPolicy", "folder_path_for_models": "models-tone", "model_performance": 0}