{"learning_rate": 0.09147491706710088, "net_arch": {"pi": [445, 277, 409, 359], "vf": [900, 372, 835, 161, 67, 586, 887]}, "net_arch_dqn": [981, 353, 707, 872, 920], "batch_size": 128, "model_name": "model-1709625359", "map_size": [10, 10], "reset": 89, "box_near_goal": 0.06340819694815081, "box_close_goal": 0.6073719672664222, "box_move_reward": -0.12364258814901041, "box_goal_reward": -0.5313836568750303, "box_player_reward": 0.4773798618870915, "final_player_reward": -0.8598015054323203, "preform_step": -0.15909186847320056, "win_reward": 73, "invalid_move_reward": -7.126466761818026, "no_win_reward": -8.702141218609993, "model_type": "PPO", "policy": "MlpPolicy", "folder_path_for_models": "models-tone", "model_performance": 0}