{"learning_rate": 0.07884553648256469, "net_arch": {"pi": [361, 394, 483, 916, 404], "vf": [677, 599, 166, 521]}, "net_arch_dqn": [413, 978, 893, 360, 388], "batch_size": 32, "model_name": "model-1709406265", "map_size": [10, 10], "reset": 139, "box_near_goal": 0.3283142443253112, "box_close_goal": 0.08384868188895545, "box_move_reward": 0.41544613881438686, "box_goal_reward": -0.4050070328940898, "box_player_reward": 0.7268437284504681, "final_player_reward": 0.6757398673591426, "preform_step": 0.12895877507292752, "win_reward": 153, "invalid_move_reward": -3.3413234951071793, "max_invalid_move_reset": 11, "model_type": "DQN", "policy": "MlpPolicy", "folder_path_for_models": "models-tone", "model_performance": 106.15079365079364}