{"learning_rate": 0.08219556820210623, "net_arch": {"pi": [493, 518], "vf": [280, 290, 134]}, "net_arch_dqn": [647, 253, 687, 482], "batch_size": 64, "model_name": "model-1709344500", "map_size": [10, 10], "reset": 161, "box_near_goal": 0.16399982045824557, "box_close_goal": 0.7963605580215566, "box_move_reward": -0.5855538322625724, "box_goal_reward": -0.9786981534595618, "box_player_reward": -0.32728309540306766, "final_player_reward": 0.9790373563681936, "preform_step": 0.16975509850275894, "win_reward": 82, "invalid_move_reward": -9.422061533272302, "max_invalid_move_reset": 12, "model_type": "DQN", "policy": "MlpPolicy", "folder_path_for_models": "models-tone", "model_performance": 59.607843137254896}