{"learning_rate": 0.0735705596674333, "net_arch": {"pi": [246, 617], "vf": [145, 682, 954]}, "net_arch_dqn": [510, 80, 467, 126], "batch_size": 128, "model_name": "model-1709657839", "map_size": [10, 10], "reset": 151, "box_near_goal": 0.6452444568022141, "box_close_goal": 0.44641961169275257, "box_move_reward": -0.957142829181558, "box_goal_reward": -0.5602675903041914, "box_player_reward": 0.93358162374374, "final_player_reward": 0.8728573927617387, "preform_step": -0.5096983018558823, "win_reward": 55, "invalid_move_reward": -19.081984803028934, "no_win_reward": -14.971839675855739, "model_type": "DQN", "policy": "MlpPolicy", "folder_path_for_models": "models-tone", "model_performance": 2.7777777777777777}