{"learning_rate": 0.00932869075371549, "net_arch": {"pi": [815, 171, 592, 372, 637], "vf": [1011]}, "net_arch_dqn": [912, 433], "batch_size": 256, "model_name": "model-1709633309", "map_size": [10, 10], "reset": 139, "box_near_goal": 0.4726237202877137, "box_close_goal": 0.09565404243080089, "box_move_reward": 0.16646376430257237, "box_goal_reward": -0.4233690620186128, "box_player_reward": 0.5296431827125048, "final_player_reward": -0.1885830569016711, "preform_step": 0.13334040689843096, "win_reward": 182, "invalid_move_reward": -19.85191269267783, "no_win_reward": -11.20035452067377, "model_type": "DQN", "policy": "MlpPolicy", "folder_path_for_models": "models-tone", "model_performance": 1.3888888888888888}