{"learning_rate": 0.07716250780671885, "net_arch": {"pi": [665, 391, 796, 427, 554], "vf": [489, 457, 262, 806]}, "net_arch_dqn": [853, 183, 672, 659], "batch_size": 32, "model_name": "model-1709369688", "map_size": [10, 10], "reset": 136, "box_near_goal": 0.659027646176746, "box_close_goal": 0.5576010272440025, "box_move_reward": 0.652108799325531, "box_goal_reward": 0.14707516728616765, "box_player_reward": 0.26437238409006425, "final_player_reward": -0.37631448000120926, "preform_step": 0.6391835676790449, "win_reward": 64, "invalid_move_reward": -2.3521334778725915, "max_invalid_move_reset": 20, "model_type": "PPO", "policy": "MlpPolicy", "folder_path_for_models": "models-tone", "model_performance": 0}