{"learning_rate": 0.012788542590786258, "net_arch": {"pi": [197], "vf": [176, 253, 132, 578]}, "net_arch_dqn": [437, 500], "batch_size": 128, "model_name": "model-1709440073", "map_size": [10, 10], "reset": 151, "box_near_goal": 0.23785676778075882, "box_close_goal": 0.13534797641546858, "box_move_reward": -0.9136661313318748, "box_goal_reward": 0.5576350329733937, "box_player_reward": 0.03418399386540094, "final_player_reward": -0.8494333830193441, "preform_step": 0.672335968233025, "win_reward": 84, "invalid_move_reward": -16.069636069485455, "max_invalid_move_reset": 14, "model_type": "DQN", "policy": "MlpPolicy", "folder_path_for_models": "models-tone", "model_performance": 1.7241379310344827}