{
    "learning_rate": 0.09977300191312365,
    "net_arch": {
        "pi": [
            889,
            959,
            136,
            1019,
            573
        ],
        "vf": [
            677,
            580
        ]
    },
    "net_arch_dqn": [
        275,
        313,
        749,
        402
    ],
    "batch_size": 256,
    "model_name": "model-1709342280",
    "map_size": [
        10,
        10
    ],
    "reset": 75,
    "box_near_goal": 0.08356431431773093,
    "box_close_goal": 0.2718782503114967,
    "box_move_reward": -0.2663971669099092,
    "box_goal_reward": 0.6289108978742786,
    "box_player_reward": 0.43569233251622697,
    "final_player_reward": 0.34506568699217177,
    "preform_step": 0.8438715116033428,
    "win_reward": 88,
    "invalid_move_reward": -10.729908183397272,
    "max_invalid_move_reset": 16,
    "model_type": "PPO",
    "policy": "MlpPolicy",
    "folder_path_for_models": "models-tone",
    "model_performance": 0
}