{"learning_rate": 0.09686728383314379, "net_arch": {"pi": [775, 146, 1012, 988], "vf": [404, 345, 130]}, "net_arch_dqn": [824, 495, 333], "batch_size": 32, "model_name": "model-1709382740", "map_size": [10, 10], "reset": 199, "box_near_goal": 0.053056106120483504, "box_close_goal": 0.5515542554079824, "box_move_reward": 0.09725180849492854, "box_goal_reward": 0.16565925842532359, "box_player_reward": -0.5694242040710875, "final_player_reward": -0.3454530944804872, "preform_step": 0.29590707414523165, "win_reward": 173, "invalid_move_reward": -13.255522480448247, "max_invalid_move_reset": 5, "model_type": "DQN", "policy": "MlpPolicy", "folder_path_for_models": "models-tone", "model_performance": 80.95238095238096}