{"learning_rate": 0.05693830735151953, "net_arch": {"pi": [978], "vf": [881, 850, 916, 1023, 130]}, "net_arch_dqn": [694, 556, 696], "batch_size": 32, "model_name": "model-1709388103", "map_size": [10, 10], "reset": 62, "box_near_goal": 0.21204090203785086, "box_close_goal": 0.3028640488340495, "box_move_reward": -0.22191199931127725, "box_goal_reward": 0.09411552017217928, "box_player_reward": -0.1586035205286922, "final_player_reward": 0.013101461085441413, "preform_step": -0.775287280152188, "win_reward": 101, "invalid_move_reward": -5.937919238948609, "max_invalid_move_reset": 13, "model_type": "DQN", "policy": "MlpPolicy", "folder_path_for_models": "models-tone", "model_performance": 25.103359173126613}