{"learning_rate": 0.09173734750176736, "net_arch": {"pi": [450], "vf": [73, 891, 337, 362]}, "net_arch_dqn": [716], "batch_size": 64, "model_name": "model-1709382780", "map_size": [10, 10], "reset": 156, "box_near_goal": 0.6825370475904178, "box_close_goal": 0.9738235636917744, "box_move_reward": -0.9360724694180935, "box_goal_reward": -0.9001083088751729, "box_player_reward": 0.05754477279329784, "final_player_reward": -0.9133387225058469, "preform_step": -0.27498823137148865, "win_reward": 145, "invalid_move_reward": -3.569007393756287, "max_invalid_move_reset": 7, "model_type": "DQN", "policy": "MlpPolicy", "folder_path_for_models": "models-tone", "model_performance": 8.231292517006803}