{"learning_rate": 0.08089020067898892, "net_arch": {"pi": [368, 386], "vf": [776, 139, 89, 895]}, "net_arch_dqn": [185, 869, 359, 837, 159], "batch_size": 64, "model_name": "model-1709350006", "map_size": [10, 10], "reset": 138, "box_near_goal": 0.5054760673036907, "box_close_goal": 0.7907560769683286, "box_move_reward": 0.049722996170348255, "box_goal_reward": 0.5656437800557568, "box_player_reward": -0.3918025102716154, "final_player_reward": -0.2338560585006444, "preform_step": -0.3172332006804428, "win_reward": 139, "invalid_move_reward": -15.765425468833858, "max_invalid_move_reset": 5, "model_type": "PPO", "policy": "MlpPolicy", "folder_path_for_models": "models-tone", "model_performance": 211.11111111111111}