{"learning_rate": 0.04133765236609157, "net_arch": {"pi": [131, 510], "vf": [583, 867, 70, 525]}, "net_arch_dqn": [715, 1008], "batch_size": 256, "model_name": "model-1709381031", "map_size": [10, 10], "reset": 185, "box_near_goal": 0.8479918422962561, "box_close_goal": 0.25437631769586444, "box_move_reward": 0.17221361181923478, "box_goal_reward": 0.8429898344964015, "box_player_reward": 0.2721765608360769, "final_player_reward": -0.36308189587426765, "preform_step": -0.9868277200333615, "win_reward": 112, "invalid_move_reward": -4.454578194293557, "max_invalid_move_reset": 17, "model_type": "PPO", "policy": "MlpPolicy", "folder_path_for_models": "models-tone", "model_performance": 0}