{"learning_rate": 0.05190132101753489, "net_arch": {"pi": [612, 666, 644], "vf": [665, 822]}, "net_arch_dqn": [369, 923, 808, 833, 477], "batch_size": 256, "model_name": "model-1709629096", "map_size": [10, 10], "reset": 128, "box_near_goal": 0.9011118774361527, "box_close_goal": 0.5235370062771129, "box_move_reward": 0.4763479428137234, "box_goal_reward": -0.053710643807580505, "box_player_reward": -0.4015963124583468, "final_player_reward": 0.02398498457322873, "preform_step": -0.9312803399920346, "win_reward": 75, "invalid_move_reward": -14.97460256854055, "no_win_reward": -4.160513875396854, "model_type": "DQN", "policy": "MlpPolicy", "folder_path_for_models": "models-tone", "model_performance": 0}