{"learning_rate": 0.05339713765788003, "net_arch": {"pi": [704], "vf": [178, 633, 911, 342, 960]}, "net_arch_dqn": [661, 808], "batch_size": 128, "model_name": "model-1709638347", "map_size": [10, 10], "reset": 145, "box_near_goal": 0.9732097291208646, "box_close_goal": 0.3392002199517703, "box_move_reward": 0.43683958292777314, "box_goal_reward": 0.3002442539594459, "box_player_reward": -0.06454831766527791, "final_player_reward": 0.2515477082036166, "preform_step": -0.6925616237590497, "win_reward": 193, "invalid_move_reward": -15.395756537744695, "no_win_reward": -14.69741879093103, "model_type": "DQN", "policy": "MlpPolicy", "folder_path_for_models": "models-tone", "model_performance": 1.3888888888888888}