{"learning_rate": 0.019296005191927645, "net_arch": {"pi": [742, 587, 126, 991, 245], "vf": [793]}, "net_arch_dqn": [725, 637, 314], "batch_size": 256, "model_name": "model-1709622188", "map_size": [10, 10], "reset": 85, "box_near_goal": 0.35164323606916503, "box_close_goal": 0.13564309258497653, "box_move_reward": 0.22084484148629424, "box_goal_reward": 0.42111026642222193, "box_player_reward": 0.0683260249060782, "final_player_reward": -0.4100309195047913, "preform_step": -0.8467085703082091, "win_reward": 102, "invalid_move_reward": -19.77837799802235, "no_win_reward": -18.836496947130435, "model_type": "DQN", "policy": "MlpPolicy", "folder_path_for_models": "models-tone", "model_performance": 1.3888888888888888}