{"learning_rate": 0.018822931245052372, "net_arch": {"pi": [518, 268], "vf": [70, 479, 1024]}, "net_arch_dqn": [249, 457, 328, 445, 754], "batch_size": 128, "model_name": "model-1709362223", "map_size": [10, 10], "reset": 105, "box_near_goal": 0.0632755482095817, "box_close_goal": 0.06120770063629444, "box_move_reward": -0.253720352430983, "box_goal_reward": -0.22804018689356154, "box_player_reward": 0.27947992540874744, "final_player_reward": -0.18582888092708028, "preform_step": 0.6302212734739203, "win_reward": 148, "invalid_move_reward": -18.948757748911728, "max_invalid_move_reset": 19, "model_type": "DQN", "policy": "MlpPolicy", "folder_path_for_models": "models-tone", "model_performance": 107.12729299685822}