{"learning_rate": 0.05786623287641083, "net_arch": {"pi": [134, 579, 359], "vf": [97, 892, 400, 198]}, "net_arch_dqn": [199, 257, 888], "batch_size": 128, "model_name": "model-1709369141", "map_size": [10, 10], "reset": 177, "box_near_goal": 0.011949819374233117, "box_close_goal": 0.052149724190809765, "box_move_reward": -0.6292419039786192, "box_goal_reward": 0.780192055614463, "box_player_reward": -0.41881321253546844, "final_player_reward": -0.09282970022484816, "preform_step": 0.9378348935058272, "win_reward": 82, "invalid_move_reward": -6.593400124332561, "max_invalid_move_reset": 9, "model_type": "PPO", "policy": "MlpPolicy", "folder_path_for_models": "models-tone", "model_performance": 0}