{"learning_rate": 0.07841951030149685, "net_arch": {"pi": [745, 697, 490, 415], "vf": [180, 480, 635]}, "net_arch_dqn": [716, 947, 497, 757, 674], "batch_size": 64, "model_name": "model-1709354404", "map_size": [10, 10], "reset": 153, "box_near_goal": 0.49182784885033004, "box_close_goal": 0.29510609769939333, "box_move_reward": 0.46520539882868683, "box_goal_reward": -0.9624179154431218, "box_player_reward": 0.7451857534020585, "final_player_reward": 0.2762450935019496, "preform_step": -0.090749882509924, "win_reward": 164, "invalid_move_reward": -8.45706741244265, "max_invalid_move_reset": 19, "model_type": "PPO", "policy": "MlpPolicy", "folder_path_for_models": "models-tone", "model_performance": 0}