{"learning_rate": 0.09749532072552237, "net_arch": {"pi": [331], "vf": [820, 755, 76, 922, 433]}, "net_arch_dqn": [481, 348, 99, 874], "batch_size": 32, "model_name": "model-1709373915", "map_size": [10, 10], "reset": 54, "box_near_goal": 0.44686290453487376, "box_close_goal": 0.8471114341925288, "box_move_reward": 0.8191502854520065, "box_goal_reward": -0.4804059371408922, "box_player_reward": 0.4015127153832836, "final_player_reward": 0.4824644589005629, "preform_step": 0.7370104532373216, "win_reward": 162, "invalid_move_reward": -16.963231838786918, "max_invalid_move_reset": 20, "model_type": "PPO", "policy": "MlpPolicy", "folder_path_for_models": "models-tone", "model_performance": 0}