{"learning_rate": 0.08105537003295216, "net_arch": {"pi": [858, 991, 620], "vf": [461]}, "net_arch_dqn": [130], "batch_size": 64, "model_name": "model-1709358534", "map_size": [10, 10], "reset": 109, "box_near_goal": 0.11296078182194502, "box_close_goal": 0.48742715443205886, "box_move_reward": 0.31801072741374203, "box_goal_reward": 0.40574386114327465, "box_player_reward": -0.7971341026682526, "final_player_reward": -0.990042375494957, "preform_step": 0.27499907811621216, "win_reward": 134, "invalid_move_reward": -0.3399209069162339, "max_invalid_move_reset": 5, "model_type": "PPO", "policy": "MlpPolicy", "folder_path_for_models": "models-tone", "model_performance": 0}