{"learning_rate": 0.019738283735260282, "net_arch": {"pi": [441], "vf": [315, 114, 64, 967]}, "net_arch_dqn": [341, 102, 532], "batch_size": 128, "model_name": "model-1709347570", "map_size": [10, 10], "reset": 188, "box_near_goal": 0.14465922003381182, "box_close_goal": 0.5739119694456899, "box_move_reward": 0.2523674284546029, "box_goal_reward": -0.6380379560277809, "box_player_reward": 0.5319202611840395, "final_player_reward": 0.028934392269501785, "preform_step": -0.8856993887447524, "win_reward": 53, "invalid_move_reward": -1.8469543228456153, "max_invalid_move_reset": 6, "model_type": "DQN", "policy": "MlpPolicy", "folder_path_for_models": "models-tone", "model_performance": 14.444444444444445}