{"learning_rate": 0.030076611179298076, "net_arch": {"pi": [190], "vf": [482, 745, 969, 457, 315]}, "net_arch_dqn": [182, 520], "batch_size": 256, "model_name": "model-1709345552", "map_size": [10, 10], "reset": 109, "box_near_goal": 0.1422509492553633, "box_close_goal": 0.6997199137667804, "box_move_reward": 0.38217987374333573, "box_goal_reward": -0.34109816481141175, "box_player_reward": -0.8322048913888325, "final_player_reward": 0.21266012774651433, "preform_step": -0.0056600870633360945, "win_reward": 50, "invalid_move_reward": -10.413644391584977, "max_invalid_move_reset": 6, "model_type": "PPO", "policy": "MlpPolicy", "folder_path_for_models": "models-tone", "model_performance": 0}