{"learning_rate": 0.009310410013732073, "net_arch": {"pi": [413], "vf": [899, 1012, 454, 410, 867]}, "net_arch_dqn": [262, 747, 165, 996, 276], "batch_size": 128, "model_name": "model-1709660172", "map_size": [10, 10], "reset": 132, "box_near_goal": 0.7604839969008037, "box_close_goal": 0.18586933534128458, "box_move_reward": -0.03927113051748887, "box_goal_reward": 0.3693209011868088, "box_player_reward": -0.34584745856915444, "final_player_reward": 0.1313431623955057, "preform_step": 0.6361277979894948, "win_reward": 122, "invalid_move_reward": -6.825403993584775, "no_win_reward": -18.696046091706226, "model_type": "PPO", "policy": "MlpPolicy", "folder_path_for_models": "models-tone", "model_performance": 0}