{"learning_rate": 0.039752955254239816, "net_arch": {"pi": [890, 424, 684, 166, 861], "vf": [982, 158, 74]}, "net_arch_dqn": [1011, 537, 609, 728, 847], "batch_size": 256, "model_name": "model-1709348455", "map_size": [10, 10], "reset": 108, "box_near_goal": 0.21827537524761464, "box_close_goal": 0.3163948925975235, "box_move_reward": 0.843437907035252, "box_goal_reward": -0.05110955408140461, "box_player_reward": -0.3709239269277045, "final_player_reward": 0.05169953491697443, "preform_step": 0.6388616973374066, "win_reward": 54, "invalid_move_reward": -12.630453202506795, "max_invalid_move_reset": 7, "model_type": "PPO", "policy": "MlpPolicy", "folder_path_for_models": "models-tone", "model_performance": 0}