{"learning_rate": 0.05879546739009743, "net_arch": {"pi": [381, 883], "vf": [691]}, "net_arch_dqn": [673, 773, 944], "batch_size": 64, "model_name": "model-1709386229", "map_size": [10, 10], "reset": 193, "box_near_goal": 0.21147199526539406, "box_close_goal": 0.9305316950047748, "box_move_reward": 0.8887557921113878, "box_goal_reward": -0.4563853894871215, "box_player_reward": 0.5895757233265808, "final_player_reward": 0.41247828006798515, "preform_step": 0.9901833221571839, "win_reward": 70, "invalid_move_reward": -3.9403875403610336, "max_invalid_move_reset": 13, "model_type": "DQN", "policy": "MlpPolicy", "folder_path_for_models": "models-tone", "model_performance": 107.14285714285714}