{"learning_rate": 0.03704713345302247, "net_arch": {"pi": [599, 785, 943, 398], "vf": [302, 127, 400]}, "net_arch_dqn": [238, 86], "batch_size": 256, "model_name": "model-1709639321", "map_size": [10, 10], "reset": 181, "box_near_goal": 0.6320810611611195, "box_close_goal": 0.8193685646885672, "box_move_reward": -0.5796230059617999, "box_goal_reward": -0.3302110579694342, "box_player_reward": 0.4870853296277522, "final_player_reward": 0.2717450188608592, "preform_step": -0.5424706037072362, "win_reward": 166, "invalid_move_reward": -14.54024242249638, "no_win_reward": -17.985391987492157, "model_type": "PPO", "policy": "MlpPolicy", "folder_path_for_models": "models-tone", "model_performance": 2.7777777777777777}