{"learning_rate": 0.06434556940150277, "net_arch": {"pi": [117, 451, 136], "vf": [214, 1000, 413, 587]}, "net_arch_dqn": [611, 410, 252], "batch_size": 64, "model_name": "model-1709628409", "map_size": [10, 10], "reset": 136, "box_near_goal": 0.5272680359508084, "box_close_goal": 0.6894748762923436, "box_move_reward": -0.2929409788667854, "box_goal_reward": 0.6147067235375685, "box_player_reward": -0.3451101440387536, "final_player_reward": -0.9450392576751321, "preform_step": 0.22238626805402872, "win_reward": 128, "invalid_move_reward": -7.37101071099117, "no_win_reward": -8.179050431138917, "model_type": "DQN", "policy": "MlpPolicy", "folder_path_for_models": "models-tone", "model_performance": 0}