{"learning_rate": 0.06927092760637175, "net_arch": {"pi": [920, 468, 73, 660], "vf": [891, 304, 389, 299, 581]}, "net_arch_dqn": [878, 910, 527], "batch_size": 256, "model_name": "model-1709359314", "map_size": [10, 10], "reset": 141, "box_near_goal": 0.01359677385966962, "box_close_goal": 0.6111157235952825, "box_move_reward": -0.5825278223869386, "box_goal_reward": 0.6283365862338652, "box_player_reward": -0.12540972695532626, "final_player_reward": -0.37091293426662353, "preform_step": -0.11782367742754052, "win_reward": 111, "invalid_move_reward": -16.59922005308729, "max_invalid_move_reset": 18, "model_type": "DQN", "policy": "MlpPolicy", "folder_path_for_models": "models-tone", "model_performance": 19.774436090225564}