{"learning_rate": 0.037506812619848826, "net_arch": {"pi": [977, 215, 815, 933], "vf": [671, 904, 893, 451, 637]}, "net_arch_dqn": [408, 609], "batch_size": 256, "model_name": "model-1709356847", "map_size": [10, 10], "reset": 158, "box_near_goal": 0.24684122527106378, "box_close_goal": 0.3341316398554447, "box_move_reward": -0.1211509507614612, "box_goal_reward": 0.6466920225661235, "box_player_reward": -0.7406774710190056, "final_player_reward": 0.08661187601957199, "preform_step": -0.3968422841584873, "win_reward": 148, "invalid_move_reward": -19.782227384110044, "max_invalid_move_reset": 20, "model_type": "PPO", "policy": "MlpPolicy", "folder_path_for_models": "models-tone", "model_performance": 55.131578947368425}