{"learning_rate": 0.009612663379096938, "net_arch": {"pi": [614, 494, 817], "vf": [788, 968, 255, 156]}, "net_arch_dqn": [611, 562], "batch_size": 32, "model_name": "model-1709651679", "map_size": [10, 10], "reset": 61, "box_near_goal": 0.3634638807143036, "box_close_goal": 0.7576627233001354, "box_move_reward": 0.16449677849523248, "box_goal_reward": 0.7944674858584286, "box_player_reward": -0.1527720418738039, "final_player_reward": 0.9645463848150793, "preform_step": -0.9862143179298144, "win_reward": 76, "invalid_move_reward": -1.0338135468774645, "no_win_reward": -11.89585828538725, "model_type": "DQN", "policy": "MlpPolicy", "folder_path_for_models": "models-tone", "model_performance": 2.7777777777777777}