{"learning_rate": 0.04861082532964738, "net_arch": {"pi": [121, 842, 539, 659, 473, 161], "vf": [710, 855]}, "net_arch_dqn": [161, 307, 250, 1007, 622, 606, 385], "batch_size": 256, "model_name": "model-1709634841", "map_size": [10, 10], "reset": 175, "box_near_goal": 0.40720013046553305, "box_close_goal": 0.31092195790277677, "box_move_reward": -0.333364644369061, "box_goal_reward": 0.6266228032941923, "box_player_reward": -0.24615575126905442, "final_player_reward": -0.010480246467889032, "preform_step": 0.8298677748946643, "win_reward": 103, "invalid_move_reward": -2.697981101189672, "no_win_reward": -7.576346822362227, "model_type": "PPO", "policy": "MlpPolicy", "folder_path_for_models": "models-tone", "model_performance": 2.7777777777777777}