{"learning_rate": 0.07990460502732104, "net_arch": {"pi": [169, 1020], "vf": [407]}, "net_arch_dqn": [489, 566, 330, 278], "batch_size": 256, "model_name": "model-1709428113", "map_size": [10, 10], "reset": 77, "box_near_goal": 0.7406096627665765, "box_close_goal": 0.6347495966852282, "box_move_reward": -0.07112507703968562, "box_goal_reward": 0.6580599441020847, "box_player_reward": -0.5911652298983734, "final_player_reward": -0.6242453933021144, "preform_step": 0.9413213804844509, "win_reward": 125, "invalid_move_reward": -17.642130672944, "max_invalid_move_reset": 8, "model_type": "DQN", "policy": "MlpPolicy", "folder_path_for_models": "models-tone", "model_performance": 101.66666666666667}