{
    "learning_rate": 0.010321383193127571,
    "net_arch": {
        "pi": [
            564,
            581,
            267,
            97,
            760
        ],
        "vf": [
            416,
            560
        ]
    },
    "net_arch_dqn": [
        636
    ],
    "batch_size": 256,
    "model_name": "model-1709341869",
    "map_size": [
        10,
        10
    ],
    "reset": 79,
    "box_near_goal": 0.41487703790441366,
    "box_close_goal": 0.5232853191969642,
    "box_move_reward": -0.9906275987455364,
    "box_goal_reward": -0.37629254614942176,
    "box_player_reward": -0.6152560537691487,
    "final_player_reward": 0.6446126410443933,
    "preform_step": 0.7048982087593829,
    "win_reward": 56,
    "invalid_move_reward": -17.25325944604744,
    "max_invalid_move_reset": 16,
    "model_type": "DQN",
    "policy": "MlpPolicy",
    "folder_path_for_models": "models-tone",
    "model_performance": 0
}