{"learning_rate": 0.09226175322904598, "net_arch": {"pi": [81], "vf": [934, 150, 575]}, "net_arch_dqn": [828, 240, 175], "batch_size": 128, "model_name": "model-1709622725", "map_size": [10, 10], "reset": 106, "box_near_goal": 0.8661999169621357, "box_close_goal": 0.1457158841769669, "box_move_reward": -0.14654585391771713, "box_goal_reward": 0.5273384414452398, "box_player_reward": -0.30239862289693664, "final_player_reward": -0.20470580162412855, "preform_step": 0.5151461364125534, "win_reward": 66, "invalid_move_reward": -5.1945841456892765, "no_win_reward": -16.54368276238509, "model_type": "PPO", "policy": "MlpPolicy", "folder_path_for_models": "models-tone", "model_performance": 0}