{"learning_rate": 0.05967334819653676, "net_arch": {"pi": [301, 617, 447], "vf": [352, 493, 123, 806, 158]}, "net_arch_dqn": [138, 893, 843, 754], "batch_size": 256, "model_name": "model-1709357399", "map_size": [10, 10], "reset": 99, "box_near_goal": 0.8664363718575071, "box_close_goal": 0.6876783193211136, "box_move_reward": -0.47407058811521985, "box_goal_reward": 0.9706331971337718, "box_player_reward": 0.007396943446116522, "final_player_reward": 0.0501686257931917, "preform_step": -0.52052664275905, "win_reward": 177, "invalid_move_reward": -9.345486359419157, "max_invalid_move_reset": 18, "model_type": "DQN", "policy": "MlpPolicy", "folder_path_for_models": "models-tone", "model_performance": 21.5801439939371}