{"learning_rate": 0.035769756259145, "net_arch": {"pi": [174], "vf": [351, 198, 623, 799, 723]}, "net_arch_dqn": [279], "batch_size": 32, "model_name": "model-1709429691", "map_size": [10, 10], "reset": 73, "box_near_goal": 0.3944751975562041, "box_close_goal": 0.20758291074873636, "box_move_reward": -0.11458384748276895, "box_goal_reward": -0.36038814996031565, "box_player_reward": -0.36188386274794726, "final_player_reward": -0.7939683561619679, "preform_step": -0.6673172381210546, "win_reward": 62, "invalid_move_reward": -4.117970575453445, "max_invalid_move_reset": 12, "model_type": "PPO", "policy": "MlpPolicy", "folder_path_for_models": "models-tone", "model_performance": 50.0}