{"learning_rate": 0.09146408523465156, "net_arch": {"pi": [96], "vf": [907, 427, 712, 926]}, "net_arch_dqn": [666, 917], "batch_size": 256, "model_name": "model-1709365709", "map_size": [10, 10], "reset": 140, "box_near_goal": 0.13314276779872214, "box_close_goal": 0.9079436372099841, "box_move_reward": 0.14867750687389658, "box_goal_reward": 0.7428487798947709, "box_player_reward": -0.28111255085352727, "final_player_reward": -0.2878464330753696, "preform_step": -0.27357271767710944, "win_reward": 165, "invalid_move_reward": -14.869776887670804, "max_invalid_move_reset": 18, "model_type": "DQN", "policy": "MlpPolicy", "folder_path_for_models": "models-tone", "model_performance": 19.246031746031747}