{"learning_rate": 0.07688943857022416, "net_arch": {"pi": [65, 1024, 873], "vf": [954]}, "net_arch_dqn": [396, 241, 619, 926, 228], "batch_size": 128, "model_name": "model-1709655009", "map_size": [10, 10], "reset": 131, "box_near_goal": 0.6130500872615083, "box_close_goal": 0.6760038466985235, "box_move_reward": 0.08552430568109592, "box_goal_reward": -0.012719699161793718, "box_player_reward": -0.027792471154059806, "final_player_reward": -0.6566634056377789, "preform_step": -0.9813192718390682, "win_reward": 133, "invalid_move_reward": -12.024656550566652, "no_win_reward": -15.411826346786363, "model_type": "DQN", "policy": "MlpPolicy", "folder_path_for_models": "models-tone", "model_performance": 0}