{"learning_rate": 0.06967052875936049, "net_arch": {"pi": [542], "vf": [700, 896, 700, 376, 777]}, "net_arch_dqn": [973, 206, 558, 859], "batch_size": 64, "model_name": "model-1709643495", "map_size": [10, 10], "reset": 133, "box_near_goal": 0.3060975594188413, "box_close_goal": 0.8651213543189262, "box_move_reward": -0.5920030430562517, "box_goal_reward": -0.22922584931367962, "box_player_reward": -0.3972622483783721, "final_player_reward": 0.7032080605406374, "preform_step": 0.5138473015656948, "win_reward": 88, "invalid_move_reward": -11.88568857697441, "no_win_reward": -14.981359949410528, "model_type": "DQN", "policy": "MlpPolicy", "folder_path_for_models": "models-tone", "model_performance": 1.3888888888888888}