{"learning_rate": 0.07385495771230645, "net_arch": {"pi": [556], "vf": [517, 319, 252]}, "net_arch_dqn": [923, 174, 401, 798, 1015, 411], "batch_size": 64, "model_name": "model-1709658520", "map_size": [10, 10], "reset": 182, "box_near_goal": 0.3401667426551853, "box_close_goal": 0.07788446379960234, "box_move_reward": 0.3572461721245128, "box_goal_reward": 0.9570805333401824, "box_player_reward": 0.675449496399446, "final_player_reward": 0.6028268427609749, "preform_step": -0.07131408491352276, "win_reward": 195, "invalid_move_reward": -0.03837584447278175, "no_win_reward": -16.949878602758133, "model_type": "PPO", "policy": "MlpPolicy", "folder_path_for_models": "models-tone", "model_performance": 0}