{"learning_rate": 0.05286714282008844, "net_arch": {"pi": [475], "vf": [711, 320, 268, 819]}, "net_arch_dqn": [494, 674, 886, 459, 806], "batch_size": 128, "model_name": "model-1709428084", "map_size": [10, 10], "reset": 173, "box_near_goal": 0.8385423947861846, "box_close_goal": 0.875531768525724, "box_move_reward": -0.6590841977838044, "box_goal_reward": 0.992568500113477, "box_player_reward": -0.8024497327305375, "final_player_reward": 0.7471094271529237, "preform_step": -0.2436873131224606, "win_reward": 159, "invalid_move_reward": -4.3746455985756345, "max_invalid_move_reset": 8, "model_type": "PPO", "policy": "MlpPolicy", "folder_path_for_models": "models-tone", "model_performance": 0}