{"learning_rate": 0.0903878859392411, "net_arch": {"pi": [399], "vf": [937, 873, 951]}, "net_arch_dqn": [116, 292, 546, 643, 504, 929], "batch_size": 128, "model_name": "model-1709650727", "map_size": [10, 10], "reset": 147, "box_near_goal": 0.8398740616076337, "box_close_goal": 0.38606233698755854, "box_move_reward": 0.06484649358176187, "box_goal_reward": 0.9732692691522389, "box_player_reward": -0.7415231382754581, "final_player_reward": 0.481517930989511, "preform_step": 0.199547010216367, "win_reward": 68, "invalid_move_reward": -12.827196741791067, "no_win_reward": -9.965600903853717, "model_type": "PPO", "policy": "MlpPolicy", "folder_path_for_models": "models-tone", "model_performance": 2.7777777777777777}