{"learning_rate": 0.03555169971521002, "net_arch": {"pi": [640, 439, 371], "vf": [583]}, "net_arch_dqn": [986, 714, 238], "batch_size": 32, "model_name": "model-1709646748", "map_size": [10, 10], "reset": 195, "box_near_goal": 0.07734217840599689, "box_close_goal": 0.1788023630531953, "box_move_reward": 0.14553839822594616, "box_goal_reward": -0.5285978529770758, "box_player_reward": 0.06652679639942671, "final_player_reward": -0.9328097219429421, "preform_step": 0.09564708955213308, "win_reward": 199, "invalid_move_reward": -10.150036797290301, "no_win_reward": -15.072688446729618, "model_type": "DQN", "policy": "MlpPolicy", "folder_path_for_models": "models-tone", "model_performance": 0}