{"learning_rate": 0.03233873099826584, "net_arch": {"pi": [793, 362, 918, 669, 139], "vf": [1000, 72, 493, 331]}, "net_arch_dqn": [883, 583, 555, 917], "batch_size": 128, "model_name": "model-1709429134", "map_size": [10, 10], "reset": 191, "box_near_goal": 0.6130460728322209, "box_close_goal": 0.6153432420641187, "box_move_reward": -0.2655750017699088, "box_goal_reward": 0.7801442316619391, "box_player_reward": -0.3793706932345875, "final_player_reward": 0.5007048715124738, "preform_step": 0.36215155988054426, "win_reward": 88, "invalid_move_reward": -13.906133059551616, "max_invalid_move_reset": 13, "model_type": "DQN", "policy": "MlpPolicy", "folder_path_for_models": "models-tone", "model_performance": 40.80601092896175}