{"learning_rate": 0.06553343952300604, "net_arch": {"pi": [344, 464, 356, 644], "vf": [103, 905, 925]}, "net_arch_dqn": [160, 494, 801, 994], "batch_size": 32, "model_name": "model-1709629644", "map_size": [10, 10], "reset": 171, "box_near_goal": 0.401926926078207, "box_close_goal": 0.3318801294046483, "box_move_reward": 0.5741644436738556, "box_goal_reward": 0.4632181381011633, "box_player_reward": -0.7067504167894747, "final_player_reward": -0.8572022212276638, "preform_step": -0.4670112390382848, "win_reward": 71, "invalid_move_reward": -3.4508061857673624, "no_win_reward": -18.551983773683784, "model_type": "DQN", "policy": "MlpPolicy", "folder_path_for_models": "models-tone", "model_performance": 0}