{"learning_rate": 0.009817785988295162, "net_arch": {"pi": [1024, 279, 470], "vf": [482, 842, 374, 603]}, "net_arch_dqn": [862, 717], "batch_size": 128, "model_name": "model-1709368909", "map_size": [10, 10], "reset": 170, "box_near_goal": 0.3011563487254013, "box_close_goal": 0.3806378111488843, "box_move_reward": 0.5296346753654528, "box_goal_reward": 0.8757001437353504, "box_player_reward": 0.3826261831639033, "final_player_reward": 0.5472775423645548, "preform_step": 0.6367231123992398, "win_reward": 137, "invalid_move_reward": -1.7189141714596623, "max_invalid_move_reset": 16, "model_type": "PPO", "policy": "MlpPolicy", "folder_path_for_models": "models-tone", "model_performance": 102.38095238095238}