{"learning_rate": 0.034017421230299286, "net_arch": {"pi": [971, 382, 144], "vf": [517]}, "net_arch_dqn": [173, 427, 687, 277], "batch_size": 32, "model_name": "model-1709374895", "map_size": [10, 10], "reset": 100, "box_near_goal": 0.12679418375300622, "box_close_goal": 0.9430696581605873, "box_move_reward": 0.20476504446670085, "box_goal_reward": 0.43250317426848905, "box_player_reward": 0.3902830657838512, "final_player_reward": -0.21042417746301, "preform_step": 0.6731370871714144, "win_reward": 115, "invalid_move_reward": -12.46968904552899, "max_invalid_move_reset": 20, "model_type": "DQN", "policy": "MlpPolicy", "folder_path_for_models": "models-tone", "model_performance": 13.899790685504971}