{"learning_rate": 0.027308554780531256, "net_arch": {"pi": [731, 162, 958], "vf": [423, 1012, 478, 839, 742]}, "net_arch_dqn": [152, 734, 126, 544, 799], "batch_size": 32, "model_name": "model-1709401708", "map_size": [10, 10], "reset": 179, "box_near_goal": 0.8691736651253363, "box_close_goal": 0.792981843032553, "box_move_reward": -0.2281599846300848, "box_goal_reward": 0.8056180629788525, "box_player_reward": -0.18821374305410976, "final_player_reward": -0.5908105734314222, "preform_step": -0.4990533619751858, "win_reward": 139, "invalid_move_reward": -19.258635044393685, "max_invalid_move_reset": 6, "model_type": "PPO", "policy": "MlpPolicy", "folder_path_for_models": "models-tone", "model_performance": 0}