{"learning_rate": 0.03541625037007815, "net_arch": {"pi": [1014, 729, 209], "vf": [104, 117, 478]}, "net_arch_dqn": [94], "batch_size": 128, "model_name": "model-1709430673", "map_size": [10, 10], "reset": 115, "box_near_goal": 0.43177826716031853, "box_close_goal": 0.5376321015034268, "box_move_reward": -0.7903263932916327, "box_goal_reward": -0.7505808335107718, "box_player_reward": 0.7146708689779471, "final_player_reward": -0.05033026976815802, "preform_step": -0.8769998708883786, "win_reward": 183, "invalid_move_reward": -18.247237173422988, "max_invalid_move_reset": 11, "model_type": "PPO", "policy": "MlpPolicy", "folder_path_for_models": "models-tone", "model_performance": 0}