{"learning_rate": 0.06280244218488239, "net_arch": {"pi": [1019, 525], "vf": [792]}, "net_arch_dqn": [1011, 413, 137], "batch_size": 256, "model_name": "model-1709655034", "map_size": [10, 10], "reset": 127, "box_near_goal": 0.7200686623233944, "box_close_goal": 0.04207743569130018, "box_move_reward": -0.4035693684968329, "box_goal_reward": 0.631724557081454, "box_player_reward": -0.13591387178633196, "final_player_reward": 0.18540462263640434, "preform_step": -0.24061435116705154, "win_reward": 87, "invalid_move_reward": -19.208258064324678, "no_win_reward": -3.026535664195503, "model_type": "DQN", "policy": "MlpPolicy", "folder_path_for_models": "models-tone", "model_performance": 4.166666666666666}