{"learning_rate": 0.04053308543410252, "net_arch": {"pi": [303], "vf": [411, 524]}, "net_arch_dqn": [931, 347, 175], "batch_size": 256, "model_name": "model-1709640718", "map_size": [10, 10], "reset": 109, "box_near_goal": 0.8401228542939702, "box_close_goal": 0.8190292628643802, "box_move_reward": -0.22966078650829225, "box_goal_reward": -0.9438136561055648, "box_player_reward": -0.33171052589886196, "final_player_reward": 0.21418064668135273, "preform_step": -0.384339128820115, "win_reward": 180, "invalid_move_reward": -15.008246138555723, "no_win_reward": -19.158156332468216, "model_type": "PPO", "policy": "MlpPolicy", "folder_path_for_models": "models-tone", "model_performance": 2.7777777777777777}