{"learning_rate": 0.015433822730980302, "net_arch": {"pi": [143, 1016, 270, 667], "vf": [372]}, "net_arch_dqn": [945, 637, 635], "batch_size": 128, "model_name": "model-1709406751", "map_size": [10, 10], "reset": 129, "box_near_goal": 0.8067289142909491, "box_close_goal": 0.4488353120878664, "box_move_reward": -0.23410551047632877, "box_goal_reward": -0.8468095397369786, "box_player_reward": -0.8268153748240552, "final_player_reward": -0.501676441015416, "preform_step": -0.1230875787963257, "win_reward": 196, "invalid_move_reward": -2.1231120796699017, "max_invalid_move_reset": 11, "model_type": "DQN", "policy": "MlpPolicy", "folder_path_for_models": "models-tone", "model_performance": 9.735850926751908}