{"learning_rate": 0.08270599952935985, "net_arch": {"pi": [125, 138, 72], "vf": [800, 262, 887, 65]}, "net_arch_dqn": [840, 775, 65, 442], "batch_size": 32, "model_name": "model-1709642822", "map_size": [10, 10], "reset": 116, "box_near_goal": 0.7314274821236629, "box_close_goal": 0.82325699737604, "box_move_reward": -0.0351634178136333, "box_goal_reward": 0.2525899077099272, "box_player_reward": 0.11146487992216692, "final_player_reward": -0.31124705443334744, "preform_step": 0.05916649178014799, "win_reward": 109, "invalid_move_reward": -7.734745009086247, "no_win_reward": -18.87555315691817, "model_type": "DQN", "policy": "MlpPolicy", "folder_path_for_models": "models-tone", "model_performance": 2.7777777777777777}