{"learning_rate": 0.0023429865937976938, "net_arch": {"pi": [1016, 203, 438, 723, 541], "vf": [490, 431, 330, 922, 1012, 880]}, "net_arch_dqn": [470, 760, 475, 163, 988, 267, 856], "batch_size": 32, "model_name": "model-1709628145", "map_size": [10, 10], "reset": 50, "box_near_goal": 0.5164850652192771, "box_close_goal": 0.2974380232799285, "box_move_reward": 0.023917308797587022, "box_goal_reward": -0.6236649831924961, "box_player_reward": 0.9956513322221829, "final_player_reward": -0.43109431747177807, "preform_step": -0.9340644575676529, "win_reward": 79, "invalid_move_reward": -5.610477861047123, "no_win_reward": -9.248417968576913, "model_type": "DQN", "policy": "MlpPolicy", "folder_path_for_models": "models-tone", "model_performance": 4.166666666666666}