{"learning_rate": 0.01070342429055139, "net_arch": {"pi": [988, 1012, 687, 611, 830], "vf": [448]}, "net_arch_dqn": [521, 889, 656], "batch_size": 32, "model_name": "model-1709440028", "map_size": [10, 10], "reset": 197, "box_near_goal": 0.6156470271557616, "box_close_goal": 0.08266158319121741, "box_move_reward": -0.22563062650694854, "box_goal_reward": -0.3392219978027824, "box_player_reward": 0.9064724840625411, "final_player_reward": 0.1486335763422455, "preform_step": -0.46033953215457024, "win_reward": 70, "invalid_move_reward": -4.235247074058268, "max_invalid_move_reset": 13, "model_type": "PPO", "policy": "MlpPolicy", "folder_path_for_models": "models-tone", "model_performance": 0}