{"learning_rate": 0.021272793088642827, "net_arch": {"pi": [517, 245, 818, 109], "vf": [429, 535, 867, 794, 570]}, "net_arch_dqn": [705], "batch_size": 128, "model_name": "model-1709387877", "map_size": [10, 10], "reset": 69, "box_near_goal": 0.9366706203910597, "box_close_goal": 0.18393873671503058, "box_move_reward": -0.3716640471019468, "box_goal_reward": 0.5129680696308796, "box_player_reward": -0.6122966626757751, "final_player_reward": -0.045273454491734366, "preform_step": -0.8688794978768968, "win_reward": 148, "invalid_move_reward": -19.718570351921677, "max_invalid_move_reset": 17, "model_type": "DQN", "policy": "MlpPolicy", "folder_path_for_models": "models-tone", "model_performance": 105.72267759562841}