{"learning_rate": 0.09100867357618704, "net_arch": {"pi": [915, 687, 309], "vf": [582, 161, 765, 132, 113]}, "net_arch_dqn": [198, 1009], "batch_size": 32, "model_name": "model-1709374259", "map_size": [10, 10], "reset": 131, "box_near_goal": 0.808542529331283, "box_close_goal": 0.40386785484810994, "box_move_reward": -0.36075784822847323, "box_goal_reward": -0.022235236789744706, "box_player_reward": 0.22952937365943082, "final_player_reward": 0.9788826775157964, "preform_step": -0.34987724955582244, "win_reward": 197, "invalid_move_reward": -7.870784105456387, "max_invalid_move_reset": 14, "model_type": "DQN", "policy": "MlpPolicy", "folder_path_for_models": "models-tone", "model_performance": 7.738095238095239}