{"learning_rate": 0.05938714866244727, "net_arch": {"pi": [729, 170, 738, 385, 905], "vf": [806, 235, 731, 315, 144]}, "net_arch_dqn": [239, 770, 404], "batch_size": 64, "model_name": "model-1709359760", "map_size": [10, 10], "reset": 170, "box_near_goal": 0.3318389576389157, "box_close_goal": 0.22949864363535455, "box_move_reward": -0.5431785290057403, "box_goal_reward": 0.8036279847174574, "box_player_reward": -0.7978248124051697, "final_player_reward": 0.3497218003617004, "preform_step": 0.5979068775476322, "win_reward": 133, "invalid_move_reward": -5.3637894282493015, "max_invalid_move_reset": 17, "model_type": "PPO", "policy": "MlpPolicy", "folder_path_for_models": "models-tone", "model_performance": 0}