{"learning_rate": 0.06548593899448509, "net_arch": {"pi": [614, 336], "vf": [676]}, "net_arch_dqn": [183, 565, 469, 927, 889, 151, 122], "batch_size": 32, "model_name": "model-1709636821", "map_size": [10, 10], "reset": 178, "box_near_goal": 0.42285350975156966, "box_close_goal": 0.7846814624539545, "box_move_reward": 0.6850291853708854, "box_goal_reward": -0.5927117797358141, "box_player_reward": -0.6301486659805682, "final_player_reward": 0.6547491227723481, "preform_step": 0.7416978795191518, "win_reward": 173, "invalid_move_reward": -1.988123801592458, "no_win_reward": -0.9792506129409553, "model_type": "PPO", "policy": "MlpPolicy", "folder_path_for_models": "models-tone", "model_performance": 4.166666666666666}