{"learning_rate": 0.08069360706738313, "net_arch": {"pi": [584, 140], "vf": [641, 1005, 176, 606, 276]}, "net_arch_dqn": [705, 741], "batch_size": 256, "model_name": "model-1709354398", "map_size": [10, 10], "reset": 78, "box_near_goal": 0.06186416354276991, "box_close_goal": 0.9613642948906117, "box_move_reward": 0.4204865337884125, "box_goal_reward": 0.8431527544708146, "box_player_reward": 0.4036823978382347, "final_player_reward": 0.67943142321594, "preform_step": -0.012217464626861352, "win_reward": 161, "invalid_move_reward": -16.05595286838549, "max_invalid_move_reset": 18, "model_type": "DQN", "policy": "MlpPolicy", "folder_path_for_models": "models-tone", "model_performance": 18.333333333333336}