{"learning_rate": 0.05189180355751273, "net_arch": {"pi": [212], "vf": [274, 647, 768]}, "net_arch_dqn": [114, 488], "batch_size": 128, "model_name": "model-1709361792", "map_size": [10, 10], "reset": 61, "box_near_goal": 0.2855768877176925, "box_close_goal": 0.7844274282631535, "box_move_reward": 0.7909664430515695, "box_goal_reward": -0.8262484031059742, "box_player_reward": -0.4519373848019841, "final_player_reward": -0.29044528492756827, "preform_step": 0.9788638680090564, "win_reward": 99, "invalid_move_reward": -12.535706726614766, "max_invalid_move_reset": 14, "model_type": "DQN", "policy": "MlpPolicy", "folder_path_for_models": "models-tone", "model_performance": 108.11688311688312}