{"learning_rate": 0.02969184725585447, "net_arch": {"pi": [266, 683], "vf": [797]}, "net_arch_dqn": [153, 636], "batch_size": 256, "model_name": "model-1709638329", "map_size": [10, 10], "reset": 179, "box_near_goal": 0.0910224708697629, "box_close_goal": 0.36228922269085684, "box_move_reward": 0.10564680080352007, "box_goal_reward": 0.6685152764549356, "box_player_reward": 0.3671494183401298, "final_player_reward": -0.5791713015460422, "preform_step": 0.16911392161354333, "win_reward": 156, "invalid_move_reward": -10.138341404913646, "no_win_reward": -10.380278189884145, "model_type": "DQN", "policy": "MlpPolicy", "folder_path_for_models": "models-tone", "model_performance": 4.166666666666666}