{
    "learning_rate": 0.08507398380278733,
    "net_arch": {
        "pi": [
            185,
            482
        ],
        "vf": [
            886,
            607
        ]
    },
    "net_arch_dqn": [
        643,
        291
    ],
    "batch_size": 128,
    "model_name": "model-1709341120",
    "map_size": [
        10,
        10
    ],
    "reset": 163,
    "box_near_goal": 0.3187063058465953,
    "box_close_goal": 0.5545780955926438,
    "box_move_reward": 0.4878344887286761,
    "box_goal_reward": 0.7861349455618576,
    "box_player_reward": 0.3467928576920769,
    "final_player_reward": 0.09690455914061546,
    "preform_step": 0.8126500985261282,
    "win_reward": 149,
    "invalid_move_reward": -11.632276361851435,
    "max_invalid_move_reset": 11,
    "model_type": "PPO",
    "policy": "MlpPolicy",
    "folder_path_for_models": "models-tone",
    "model_performance": 0
}