{"learning_rate": 0.003959768992550131, "net_arch": {"pi": [607, 246], "vf": [452]}, "net_arch_dqn": [914, 683, 678], "batch_size": 256, "model_name": "model-1709391596", "map_size": [10, 10], "reset": 51, "box_near_goal": 0.8771417596891949, "box_close_goal": 0.824031094194148, "box_move_reward": 0.6893057324129761, "box_goal_reward": 0.6539213339255756, "box_player_reward": 0.20841098906409417, "final_player_reward": -0.6333327585986672, "preform_step": 0.703164542836624, "win_reward": 158, "invalid_move_reward": -13.046995169127296, "max_invalid_move_reset": 16, "model_type": "PPO", "policy": "MlpPolicy", "folder_path_for_models": "models-tone", "model_performance": 100.0}