{"learning_rate": 0.006477031056678325, "net_arch": {"pi": [1004, 476, 415], "vf": [493, 196, 769, 638, 831, 1017, 647]}, "net_arch_dqn": [66, 961, 65, 292, 585, 860, 400], "batch_size": 256, "model_name": "model-1709653961", "map_size": [10, 10], "reset": 60, "box_near_goal": 0.12296505856421003, "box_close_goal": 0.022159372926589316, "box_move_reward": -0.49606684626716335, "box_goal_reward": -0.35117671962800356, "box_player_reward": -0.1994521486161296, "final_player_reward": 0.7400178900970309, "preform_step": 0.4493131506555281, "win_reward": 121, "invalid_move_reward": -12.723133709941932, "no_win_reward": -17.040745322687293, "model_type": "PPO", "policy": "MlpPolicy", "folder_path_for_models": "models-tone", "model_performance": 4.166666666666666}