{"learning_rate": 0.028964413764061402, "net_arch": {"pi": [718, 721, 378, 706, 887], "vf": [842, 145, 1013, 551, 737]}, "net_arch_dqn": [138], "batch_size": 128, "model_name": "model-1709357292", "map_size": [10, 10], "reset": 186, "box_near_goal": 0.3089409607907745, "box_close_goal": 0.492478244972803, "box_move_reward": 0.7781414590649913, "box_goal_reward": -0.965336872568406, "box_player_reward": 0.38113812542121384, "final_player_reward": -0.31213445780821547, "preform_step": 0.7155006670590334, "win_reward": 181, "invalid_move_reward": -2.9081223248921404, "max_invalid_move_reset": 17, "model_type": "DQN", "policy": "MlpPolicy", "folder_path_for_models": "models-tone", "model_performance": 52.631578947368425}