{"learning_rate": 0.09614072338016831, "net_arch": {"pi": [762, 1020, 586, 364], "vf": [995, 286]}, "net_arch_dqn": [751], "batch_size": 128, "model_name": "model-1709432397", "map_size": [10, 10], "reset": 129, "box_near_goal": 0.26486135635061525, "box_close_goal": 0.4583303853627535, "box_move_reward": -0.9900446592289414, "box_goal_reward": -0.8339562695318752, "box_player_reward": 0.2665233775294473, "final_player_reward": 0.6898508557265284, "preform_step": -0.07148687730591408, "win_reward": 171, "invalid_move_reward": -9.356546530581875, "max_invalid_move_reset": 12, "model_type": "DQN", "policy": "MlpPolicy", "folder_path_for_models": "models-tone", "model_performance": 16.666666666666668}