{"learning_rate": 0.06801622864772265, "net_arch": {"pi": [308], "vf": [232, 648, 399]}, "net_arch_dqn": [187, 342, 525, 738], "batch_size": 32, "model_name": "model-1709637783", "map_size": [10, 10], "reset": 56, "box_near_goal": 0.3750748330455248, "box_close_goal": 0.6588344673405564, "box_move_reward": 0.7502833893274243, "box_goal_reward": -0.9540039671932712, "box_player_reward": -0.6280358653090319, "final_player_reward": 0.09606178604133442, "preform_step": -0.4629985584519001, "win_reward": 125, "invalid_move_reward": -3.4743702438338673, "no_win_reward": -9.345883846479238, "model_type": "PPO", "policy": "MlpPolicy", "folder_path_for_models": "models-tone", "model_performance": 0}