{"learning_rate": 0.08424892917700247, "net_arch": {"pi": [278, 670, 398], "vf": [709]}, "net_arch_dqn": [564, 175, 441, 635, 195], "batch_size": 64, "model_name": "model-1709641373", "map_size": [10, 10], "reset": 162, "box_near_goal": 0.8779168166246746, "box_close_goal": 0.8168676874330847, "box_move_reward": 0.6605189872155497, "box_goal_reward": -0.6426053157850107, "box_player_reward": -0.257894867958975, "final_player_reward": -0.750429024453253, "preform_step": 0.7123823095087827, "win_reward": 158, "invalid_move_reward": -0.9469353021244338, "no_win_reward": -1.952045294369963, "model_type": "PPO", "policy": "MlpPolicy", "folder_path_for_models": "models-tone", "model_performance": 0}