{"learning_rate": 0.09238199436588145, "net_arch": {"pi": [92, 952, 823, 116], "vf": [340, 675, 287, 441]}, "net_arch_dqn": [768, 515], "batch_size": 32, "model_name": "model-1709356960", "map_size": [10, 10], "reset": 143, "box_near_goal": 0.7121642059326067, "box_close_goal": 0.2836775001095485, "box_move_reward": -0.43723183616367844, "box_goal_reward": -0.8124858318318806, "box_player_reward": 0.5205720008479366, "final_player_reward": -0.20806218645417407, "preform_step": 0.2688045546798159, "win_reward": 59, "invalid_move_reward": -14.609885255542727, "max_invalid_move_reset": 7, "model_type": "DQN", "policy": "MlpPolicy", "folder_path_for_models": "models-tone", "model_performance": 25.626780626780626}