{"learning_rate": 0.005942116544165767, "net_arch": {"pi": [87, 724], "vf": [721, 147, 242, 698, 64]}, "net_arch_dqn": [862, 215], "batch_size": 128, "model_name": "model-1709398967", "map_size": [10, 10], "reset": 199, "box_near_goal": 0.8679282509786319, "box_close_goal": 0.3059617499645245, "box_move_reward": -0.23517148130908105, "box_goal_reward": 0.8366581106250428, "box_player_reward": -0.5700471526706126, "final_player_reward": -0.3025251970965066, "preform_step": 0.7625144742870604, "win_reward": 58, "invalid_move_reward": -0.5967544055700493, "max_invalid_move_reset": 6, "model_type": "PPO", "policy": "MlpPolicy", "folder_path_for_models": "models-tone", "model_performance": 23.818831441782265}