{"learning_rate": 0.020921063955508766, "net_arch": {"pi": [543, 532], "vf": [216, 972, 632, 875, 651]}, "net_arch_dqn": [232, 654, 806], "batch_size": 64, "model_name": "model-1709362604", "map_size": [10, 10], "reset": 172, "box_near_goal": 0.09485862550293445, "box_close_goal": 0.10950721302903865, "box_move_reward": 0.16153421254316536, "box_goal_reward": 0.15399066490554025, "box_player_reward": 0.6277542596484356, "final_player_reward": 0.27524588086625723, "preform_step": 0.668660805779808, "win_reward": 63, "invalid_move_reward": -7.45648282779328, "max_invalid_move_reset": 5, "model_type": "PPO", "policy": "MlpPolicy", "folder_path_for_models": "models-tone", "model_performance": 0}