{"learning_rate": 0.03486810244294438, "net_arch": {"pi": [894, 257, 252, 852, 941], "vf": [238, 81, 750]}, "net_arch_dqn": [785, 906, 937], "batch_size": 256, "model_name": "model-1709400297", "map_size": [10, 10], "reset": 119, "box_near_goal": 0.46970214744952443, "box_close_goal": 0.7564218673051245, "box_move_reward": -0.2228796360342149, "box_goal_reward": 0.19760925401900886, "box_player_reward": -0.6665731725318174, "final_player_reward": 0.7617862625595482, "preform_step": -0.7277620453642426, "win_reward": 158, "invalid_move_reward": -12.647087425111735, "max_invalid_move_reset": 19, "model_type": "PPO", "policy": "MlpPolicy", "folder_path_for_models": "models-tone", "model_performance": 73.87177093059447}