{"learning_rate": 0.018544252499504674, "net_arch": {"pi": [874], "vf": [103, 790, 470, 186]}, "net_arch_dqn": [588, 132, 442, 210, 992], "batch_size": 32, "model_name": "model-1709641181", "map_size": [10, 10], "reset": 198, "box_near_goal": 0.10901114421063385, "box_close_goal": 0.18040342502336948, "box_move_reward": 0.4140118116490443, "box_goal_reward": 0.7969500861048942, "box_player_reward": -0.8238125189767278, "final_player_reward": 0.27168901570487036, "preform_step": 0.9611095244986618, "win_reward": 179, "invalid_move_reward": -8.033767928908109, "no_win_reward": -8.052056624497215, "model_type": "PPO", "policy": "MlpPolicy", "folder_path_for_models": "models-tone", "model_performance": 0}