{"learning_rate": 0.00870871036306374, "net_arch": {"pi": [401, 831, 957, 998], "vf": [794, 460]}, "net_arch_dqn": [607], "batch_size": 32, "model_name": "model-1709432888", "map_size": [10, 10], "reset": 182, "box_near_goal": 0.1676145235907075, "box_close_goal": 0.9200353750061249, "box_move_reward": 0.05504769718329605, "box_goal_reward": -0.02543963146676953, "box_player_reward": -0.6626769316435153, "final_player_reward": -0.16124991526343901, "preform_step": -0.3126861227262274, "win_reward": 185, "invalid_move_reward": -11.700390301235368, "max_invalid_move_reset": 9, "model_type": "DQN", "policy": "MlpPolicy", "folder_path_for_models": "models-tone", "model_performance": 11.785714285714286}