{"learning_rate": 0.08367884647277887, "net_arch": {"pi": [229, 646, 531], "vf": [378]}, "net_arch_dqn": [384, 445, 714, 621], "batch_size": 64, "model_name": "model-1709664632", "map_size": [10, 10], "reset": 81, "box_near_goal": 0.8644599816763425, "box_close_goal": 0.9886747508800434, "box_move_reward": -0.23215276097499582, "box_goal_reward": -0.17654867841953048, "box_player_reward": 0.5470084938547211, "final_player_reward": -0.05940231949363328, "preform_step": 0.41386682737863767, "win_reward": 113, "invalid_move_reward": -5.351528732355826, "no_win_reward": -14.322411636572063, "model_type": "DQN", "policy": "MlpPolicy", "folder_path_for_models": "models-tone", "model_performance": 1.3888888888888888}