{"learning_rate": 0.08066227693681445, "net_arch": {"pi": [804, 743, 379], "vf": [857]}, "net_arch_dqn": [751, 642, 926], "batch_size": 256, "model_name": "model-1709367065", "map_size": [10, 10], "reset": 174, "box_near_goal": 0.07900391051186095, "box_close_goal": 0.7612239542188286, "box_move_reward": 0.8720542559420217, "box_goal_reward": -0.6081279794448968, "box_player_reward": 0.03806771021201527, "final_player_reward": 0.5083436861001649, "preform_step": -0.7253175493595643, "win_reward": 130, "invalid_move_reward": -7.984417391586721, "max_invalid_move_reset": 10, "model_type": "PPO", "policy": "MlpPolicy", "folder_path_for_models": "models-tone", "model_performance": 0}