{"learning_rate": 0.05499608446791798, "net_arch": {"pi": [880], "vf": [100, 333, 124]}, "net_arch_dqn": [635, 816, 593, 890], "batch_size": 64, "model_name": "model-1709635269", "map_size": [10, 10], "reset": 162, "box_near_goal": 0.7028125739304808, "box_close_goal": 0.872737404228268, "box_move_reward": -0.5581295435873326, "box_goal_reward": -0.3680263428260562, "box_player_reward": -0.47043319752115265, "final_player_reward": -0.5467229739597961, "preform_step": -0.7750991539815393, "win_reward": 101, "invalid_move_reward": -0.8123472556827558, "no_win_reward": -10.053448084863625, "model_type": "DQN", "policy": "MlpPolicy", "folder_path_for_models": "models-tone", "model_performance": 0}