{"learning_rate": 0.019980796742625484, "net_arch": {"pi": [441, 486, 131, 615], "vf": [757]}, "net_arch_dqn": [430, 90, 251, 472], "batch_size": 64, "model_name": "model-1709350319", "map_size": [10, 10], "reset": 136, "box_near_goal": 0.10621678543005653, "box_close_goal": 0.07220553464390422, "box_move_reward": -0.568127376428323, "box_goal_reward": 0.482951451948362, "box_player_reward": -0.23294859267398782, "final_player_reward": 0.8946468160144116, "preform_step": -0.3520328176720522, "win_reward": 160, "invalid_move_reward": -15.120575661061913, "max_invalid_move_reset": 12, "model_type": "DQN", "policy": "MlpPolicy", "folder_path_for_models": "models-tone", "model_performance": 21.50383141762452}