{"learning_rate": 0.06532568248905347, "net_arch": {"pi": [895, 139, 144], "vf": [125, 672, 549, 654, 97, 793, 903]}, "net_arch_dqn": [473], "batch_size": 128, "model_name": "model-1709632002", "map_size": [10, 10], "reset": 85, "box_near_goal": 0.9903073462071396, "box_close_goal": 0.4989031849160791, "box_move_reward": 0.511121581581226, "box_goal_reward": 0.5247319160241508, "box_player_reward": -0.20045587344562987, "final_player_reward": 0.4134079254014924, "preform_step": 0.2131150277493734, "win_reward": 64, "invalid_move_reward": -1.5926883230079696, "no_win_reward": -0.9244787776030847, "model_type": "DQN", "policy": "MlpPolicy", "folder_path_for_models": "models-tone", "model_performance": 2.7777777777777777}