{"learning_rate": 0.023638400156026917, "net_arch": {"pi": [988, 422, 196, 213, 512, 945], "vf": [178, 491, 637]}, "net_arch_dqn": [764, 668, 485, 816, 572], "batch_size": 64, "model_name": "model-1709665773", "map_size": [10, 10], "reset": 133, "box_near_goal": 0.2392708613969916, "box_close_goal": 0.3627279024699803, "box_move_reward": -0.43663228149305944, "box_goal_reward": 0.8883927100723628, "box_player_reward": 0.11543945474358996, "final_player_reward": 0.5548605218861264, "preform_step": -0.5604548948966745, "win_reward": 123, "invalid_move_reward": -15.007626988278842, "no_win_reward": -3.5185214569530814, "model_type": "DQN", "policy": "MlpPolicy", "folder_path_for_models": "models-tone", "model_performance": 4.166666666666666}