{"learning_rate": 0.07940236663602716, "net_arch": {"pi": [308], "vf": [257, 689]}, "net_arch_dqn": [463, 446, 239, 973, 474], "batch_size": 256, "model_name": "model-1709645228", "map_size": [10, 10], "reset": 118, "box_near_goal": 0.8532325377306065, "box_close_goal": 0.7996863665692315, "box_move_reward": -0.9654403426144, "box_goal_reward": 0.5953255848308765, "box_player_reward": -0.5623902174998481, "final_player_reward": 0.004817463744113848, "preform_step": -0.3420284965146818, "win_reward": 138, "invalid_move_reward": -6.04123444689627, "no_win_reward": -10.200812699760286, "model_type": "PPO", "policy": "MlpPolicy", "folder_path_for_models": "models-tone", "model_performance": 0}