{"learning_rate": 0.05817325441952439, "net_arch": {"pi": [794, 73, 516, 85, 259], "vf": [518, 714, 804, 378]}, "net_arch_dqn": [863, 298, 111], "batch_size": 64, "model_name": "model-1709664101", "map_size": [10, 10], "reset": 150, "box_near_goal": 0.9273093889986649, "box_close_goal": 0.027176292405339475, "box_move_reward": -0.6577089387782689, "box_goal_reward": 0.18443631052355602, "box_player_reward": -0.15082082989958323, "final_player_reward": 0.9130144138369753, "preform_step": -0.3183385043036666, "win_reward": 57, "invalid_move_reward": -2.3128890395498765, "no_win_reward": -16.968234664779047, "model_type": "DQN", "policy": "MlpPolicy", "folder_path_for_models": "models-tone", "model_performance": 1.3888888888888888}