{"learning_rate": 0.010035542622002175, "net_arch": {"pi": [951], "vf": [927, 96]}, "net_arch_dqn": [716, 725], "batch_size": 32, "model_name": "model-1709631700", "map_size": [10, 10], "reset": 198, "box_near_goal": 0.4443982192366305, "box_close_goal": 0.9544628755842192, "box_move_reward": 0.8580756417343862, "box_goal_reward": -0.5430198669349284, "box_player_reward": -0.0492398246580974, "final_player_reward": 0.4286761649623607, "preform_step": -0.6800188204885595, "win_reward": 102, "invalid_move_reward": -4.8462058523023295, "no_win_reward": -16.777758683077188, "model_type": "DQN", "policy": "MlpPolicy", "folder_path_for_models": "models-tone", "model_performance": 4.166666666666666}