{"learning_rate": 0.005162089793526327, "net_arch": {"pi": [228, 301, 915, 1018], "vf": [838]}, "net_arch_dqn": [66], "batch_size": 128, "model_name": "model-1709634197", "map_size": [10, 10], "reset": 181, "box_near_goal": 0.6633529945918916, "box_close_goal": 0.3666788820310273, "box_move_reward": 0.38374475086602544, "box_goal_reward": -0.008722006521336478, "box_player_reward": 0.6288324003454318, "final_player_reward": -0.43414207095484825, "preform_step": 0.24502573809786532, "win_reward": 63, "invalid_move_reward": -9.668184662892081, "no_win_reward": -12.64333965572069, "model_type": "DQN", "policy": "MlpPolicy", "folder_path_for_models": "models-tone", "model_performance": 1.3888888888888888}