{"learning_rate": 0.09570224288521985, "net_arch": {"pi": [445, 291, 722, 601, 971], "vf": [872, 513]}, "net_arch_dqn": [829, 512, 404, 1013], "batch_size": 128, "model_name": "model-1709376501", "map_size": [10, 10], "reset": 186, "box_near_goal": 0.4816079625761881, "box_close_goal": 0.5756541783008828, "box_move_reward": -0.04396038380811906, "box_goal_reward": 0.5492237041115751, "box_player_reward": -0.591138763481136, "final_player_reward": -0.3459979121152119, "preform_step": -0.3794768977325471, "win_reward": 60, "invalid_move_reward": -15.39587256861841, "max_invalid_move_reset": 14, "model_type": "DQN", "policy": "MlpPolicy", "folder_path_for_models": "models-tone", "model_performance": 8.67638129933212}