{"learning_rate": 0.018313011425438612, "net_arch": {"pi": [514, 382, 65, 877], "vf": [935, 545]}, "net_arch_dqn": [113, 699], "batch_size": 128, "model_name": "model-1709649515", "map_size": [10, 10], "reset": 186, "box_near_goal": 0.6348436007235011, "box_close_goal": 0.7173827440188886, "box_move_reward": 0.4087077104288077, "box_goal_reward": 0.9828270506501149, "box_player_reward": -0.6193519187324119, "final_player_reward": -0.5687629012339674, "preform_step": -0.022363472462458178, "win_reward": 118, "invalid_move_reward": -1.6820334560136132, "no_win_reward": -13.08911090586614, "model_type": "PPO", "policy": "MlpPolicy", "folder_path_for_models": "models-tone", "model_performance": 0}