{"learning_rate": 0.07185019155499214, "net_arch": {"pi": [915, 550, 198, 727], "vf": [812, 445, 634, 986, 530]}, "net_arch_dqn": [416, 338, 757], "batch_size": 256, "model_name": "model-1709375172", "map_size": [10, 10], "reset": 193, "box_near_goal": 0.7150391961893784, "box_close_goal": 0.2934825544586791, "box_move_reward": 0.6283104840294862, "box_goal_reward": -0.9114479551153936, "box_player_reward": 0.7514004265409844, "final_player_reward": -0.3951429670785578, "preform_step": -0.1693614277847184, "win_reward": 152, "invalid_move_reward": -13.872300361855071, "max_invalid_move_reset": 6, "model_type": "PPO", "policy": "MlpPolicy", "folder_path_for_models": "models-tone", "model_performance": 0}