{"learning_rate": 0.07397218032350165, "net_arch": {"pi": [922, 713], "vf": [663, 385, 310, 930, 862]}, "net_arch_dqn": [619, 761, 148, 861, 809], "batch_size": 64, "model_name": "model-1709435174", "map_size": [10, 10], "reset": 92, "box_near_goal": 0.6877876110839515, "box_close_goal": 0.291609852958976, "box_move_reward": -0.5824804642539425, "box_goal_reward": 0.3164364387066483, "box_player_reward": -0.8162757971621728, "final_player_reward": -0.7441816479964154, "preform_step": -0.8771733641249269, "win_reward": 97, "invalid_move_reward": -17.87409423082712, "max_invalid_move_reset": 10, "model_type": "PPO", "policy": "MlpPolicy", "folder_path_for_models": "models-tone", "model_performance": 0}