{"learning_rate": 0.049082482792422104, "net_arch": {"pi": [902, 816, 901, 966, 409], "vf": [744, 449, 692, 387]}, "net_arch_dqn": [814, 444, 371, 169, 535], "batch_size": 128, "model_name": "model-1709378297", "map_size": [10, 10], "reset": 75, "box_near_goal": 0.11168648190742614, "box_close_goal": 0.4566004915776837, "box_move_reward": 0.36992961066628127, "box_goal_reward": -0.8638950134077747, "box_player_reward": 0.9134171712812167, "final_player_reward": 0.26615439465036617, "preform_step": 0.2598957993609614, "win_reward": 105, "invalid_move_reward": -19.9017587602047, "max_invalid_move_reset": 5, "model_type": "DQN", "policy": "MlpPolicy", "folder_path_for_models": "models-tone", "model_performance": 25.0}