{"learning_rate": 0.0038748843832089597, "net_arch": {"pi": [215, 723, 622, 280, 280], "vf": [770, 766]}, "net_arch_dqn": [606, 203, 70, 654, 759], "batch_size": 128, "model_name": "model-1709390863", "map_size": [10, 10], "reset": 135, "box_near_goal": 0.16185508801976756, "box_close_goal": 0.3600766285348149, "box_move_reward": 0.26812775525108257, "box_goal_reward": 0.3622682370761965, "box_player_reward": 0.9942348060218624, "final_player_reward": 0.5377366258387162, "preform_step": -0.2194684782409284, "win_reward": 182, "invalid_move_reward": -15.547680071146242, "max_invalid_move_reset": 6, "model_type": "PPO", "policy": "MlpPolicy", "folder_path_for_models": "models-tone", "model_performance": 20.099016480595427}