{"learning_rate": 0.021460563784912384, "net_arch": {"pi": [156, 225], "vf": [551, 483, 731, 99]}, "net_arch_dqn": [112, 87], "batch_size": 128, "model_name": "model-1709648312", "map_size": [10, 10], "reset": 130, "box_near_goal": 0.08320611968600677, "box_close_goal": 0.21603372352487415, "box_move_reward": -0.9854879914167827, "box_goal_reward": 0.5063836632245173, "box_player_reward": 0.9935031081998951, "final_player_reward": 0.15336789990675892, "preform_step": -0.5848608238668938, "win_reward": 189, "invalid_move_reward": -14.565705443974732, "no_win_reward": -12.81669504037085, "model_type": "PPO", "policy": "MlpPolicy", "folder_path_for_models": "models-tone", "model_performance": 0}