{"learning_rate": 0.08877281752143404, "net_arch": {"pi": [131, 461, 610], "vf": [950, 66]}, "net_arch_dqn": [666, 264, 691, 248, 941], "batch_size": 32, "model_name": "model-1709372339", "map_size": [10, 10], "reset": 164, "box_near_goal": 0.7669519547966831, "box_close_goal": 0.04992902457964521, "box_move_reward": 0.6867958489641066, "box_goal_reward": 0.6140621077663664, "box_player_reward": 0.7126393496307522, "final_player_reward": 0.37962641096942695, "preform_step": -0.7302771125533927, "win_reward": 176, "invalid_move_reward": -9.01522472165819, "max_invalid_move_reset": 20, "model_type": "PPO", "policy": "MlpPolicy", "folder_path_for_models": "models-tone", "model_performance": 0}