{"learning_rate": 0.04323399338335915, "net_arch": {"pi": [151, 117, 109], "vf": [456]}, "net_arch_dqn": [827, 821, 697, 304, 449], "batch_size": 64, "model_name": "model-1709438027", "map_size": [10, 10], "reset": 200, "box_near_goal": 0.006012222433717795, "box_close_goal": 0.4295761482552982, "box_move_reward": -0.25750733526437997, "box_goal_reward": -0.5891900832787513, "box_player_reward": -0.4963286878148545, "final_player_reward": 0.23102917071966456, "preform_step": 0.8322141123209537, "win_reward": 112, "invalid_move_reward": -17.315781313077572, "max_invalid_move_reset": 10, "model_type": "PPO", "policy": "MlpPolicy", "folder_path_for_models": "models-tone", "model_performance": 0}