{"learning_rate": 0.09370818761567568, "net_arch": {"pi": [367, 557], "vf": [815]}, "net_arch_dqn": [245], "batch_size": 32, "model_name": "model-1709627442", "map_size": [10, 10], "reset": 128, "box_near_goal": 0.8228348115195296, "box_close_goal": 0.19557689752116747, "box_move_reward": 0.7841016991802312, "box_goal_reward": 0.5245709465977308, "box_player_reward": -0.8311362255116894, "final_player_reward": -0.7308433636696581, "preform_step": 0.37690057927089193, "win_reward": 117, "invalid_move_reward": -12.556230204551124, "no_win_reward": -9.898330375145818, "model_type": "DQN", "policy": "MlpPolicy", "folder_path_for_models": "models-tone", "model_performance": 0}