{"learning_rate": 0.013715217111333179, "net_arch": {"pi": [261, 313, 226, 688], "vf": [501, 974, 770, 128, 457]}, "net_arch_dqn": [386, 764], "batch_size": 32, "model_name": "model-1709371040", "map_size": [10, 10], "reset": 93, "box_near_goal": 0.03528366272684791, "box_close_goal": 0.2662108304325228, "box_move_reward": 0.8674850216318553, "box_goal_reward": -0.7812811224013647, "box_player_reward": -0.2626643280157308, "final_player_reward": 0.952968884865588, "preform_step": -0.78025135670301, "win_reward": 100, "invalid_move_reward": -16.710493530526005, "max_invalid_move_reset": 20, "model_type": "DQN", "policy": "MlpPolicy", "folder_path_for_models": "models-tone", "model_performance": 16.544114702230765}