{"learning_rate": 0.048441553496701734, "net_arch": {"pi": [583, 429, 169, 385, 466], "vf": [153, 270]}, "net_arch_dqn": [721, 503], "batch_size": 32, "model_name": "model-1709399728", "map_size": [10, 10], "reset": 88, "box_near_goal": 0.607257709027306, "box_close_goal": 0.08236942561060678, "box_move_reward": -0.8163084724945502, "box_goal_reward": 0.2858285913260077, "box_player_reward": -0.8095971520340484, "final_player_reward": -0.02871411191966078, "preform_step": 0.39570371373460334, "win_reward": 85, "invalid_move_reward": -8.363993580375286, "max_invalid_move_reset": 11, "model_type": "DQN", "policy": "MlpPolicy", "folder_path_for_models": "models-tone", "model_performance": 26.666666666666668}