{"learning_rate": 0.016256968212534466, "net_arch": {"pi": [314], "vf": [978, 953]}, "net_arch_dqn": [583, 85, 693, 86, 357, 709, 703], "batch_size": 128, "model_name": "model-1709640544", "map_size": [10, 10], "reset": 127, "box_near_goal": 0.0012969814773503563, "box_close_goal": 0.11175747686200588, "box_move_reward": 0.8103467845582752, "box_goal_reward": -0.8135005309349908, "box_player_reward": -0.08095570262017837, "final_player_reward": -0.5160120249577056, "preform_step": -0.61603318212897, "win_reward": 154, "invalid_move_reward": -11.194723167733533, "no_win_reward": -7.260197314398837, "model_type": "PPO", "policy": "MlpPolicy", "folder_path_for_models": "models-tone", "model_performance": 0}