{"learning_rate": 0.024332827443071473, "net_arch": {"pi": [177], "vf": [230, 166, 706]}, "net_arch_dqn": [888, 208, 414, 634], "batch_size": 128, "model_name": "model-1709379113", "map_size": [10, 10], "reset": 153, "box_near_goal": 0.47227333386442816, "box_close_goal": 0.07355579840801729, "box_move_reward": -0.7589552854431245, "box_goal_reward": -0.1223141273666295, "box_player_reward": -0.8840690745333795, "final_player_reward": -0.5234970490167963, "preform_step": 0.11601223814750372, "win_reward": 116, "invalid_move_reward": -1.7266383011729936, "max_invalid_move_reset": 12, "model_type": "PPO", "policy": "MlpPolicy", "folder_path_for_models": "models-tone", "model_performance": 104.16666666666667}