{"learning_rate": 0.05646700252223891, "net_arch": {"pi": [378, 213, 689, 758, 376], "vf": [908, 962]}, "net_arch_dqn": [101, 602, 352], "batch_size": 256, "model_name": "model-1709343559", "map_size": [10, 10], "reset": 100, "box_near_goal": 0.8943315376000394, "box_close_goal": 0.3537637532794152, "box_move_reward": -0.9643047036597148, "box_goal_reward": -0.28581522497640366, "box_player_reward": 0.5698796215595481, "final_player_reward": -0.5071778407324055, "preform_step": 0.6750449689643843, "win_reward": 170, "invalid_move_reward": -7.975641000760067, "max_invalid_move_reset": 6, "model_type": "DQN", "policy": "MlpPolicy", "folder_path_for_models": "models-tone", "model_performance": 57.638888888888886}