{"learning_rate": 0.045030082033753575, "net_arch": {"pi": [625, 795, 737, 493, 219], "vf": [947, 543]}, "net_arch_dqn": [867, 845, 109, 740, 429], "batch_size": 64, "model_name": "model-1709665171", "map_size": [10, 10], "reset": 133, "box_near_goal": 0.007180727344056725, "box_close_goal": 0.9826702319488535, "box_move_reward": 0.15583275114065387, "box_goal_reward": 0.9965002001682206, "box_player_reward": -0.6517190561722885, "final_player_reward": -0.7106760028374035, "preform_step": 0.05050022522291786, "win_reward": 91, "invalid_move_reward": -6.3594122939667415, "no_win_reward": -6.70457086129073, "model_type": "PPO", "policy": "MlpPolicy", "folder_path_for_models": "models-tone", "model_performance": 0}