{"learning_rate": 0.06674660587417819, "net_arch": {"pi": [682, 971], "vf": [710, 356, 523, 815, 846]}, "net_arch_dqn": [754, 996, 140], "batch_size": 32, "model_name": "model-1709666058", "map_size": [10, 10], "reset": 106, "box_near_goal": 0.3976740557547791, "box_close_goal": 0.2789525248125211, "box_move_reward": 0.24866413252836517, "box_goal_reward": -0.8807795540534225, "box_player_reward": -0.9421658496723311, "final_player_reward": 0.025333151028978707, "preform_step": 0.14203321173903727, "win_reward": 77, "invalid_move_reward": -19.30362407292398, "no_win_reward": -15.372971760841537, "model_type": "DQN", "policy": "MlpPolicy", "folder_path_for_models": "models-tone", "model_performance": 0}