{"learning_rate": 0.005640120277586757, "net_arch": {"pi": [627], "vf": [909, 379, 971]}, "net_arch_dqn": [215, 105, 530], "batch_size": 256, "model_name": "model-1709626760", "map_size": [10, 10], "reset": 64, "box_near_goal": 0.19441495536502218, "box_close_goal": 0.7147505564766468, "box_move_reward": -0.8025928409457621, "box_goal_reward": 0.7116842718865646, "box_player_reward": -0.1596450299087886, "final_player_reward": -0.9452706694217354, "preform_step": 0.2505388550697456, "win_reward": 189, "invalid_move_reward": -8.378596303886972, "no_win_reward": -15.012362051030337, "model_type": "PPO", "policy": "MlpPolicy", "folder_path_for_models": "models-tone", "model_performance": 0}