{"learning_rate": 0.02211362793178923, "net_arch": {"pi": [474, 89, 69, 788], "vf": [483, 321, 977]}, "net_arch_dqn": [660, 561, 707, 286], "batch_size": 128, "model_name": "model-1709433035", "map_size": [10, 10], "reset": 166, "box_near_goal": 0.6826080814857455, "box_close_goal": 0.08641224351160626, "box_move_reward": 0.9961178792208405, "box_goal_reward": 0.8068899491265653, "box_player_reward": 0.40967123531064, "final_player_reward": -0.22701113319497845, "preform_step": 0.5497980980190227, "win_reward": 169, "invalid_move_reward": -6.161613910421387, "max_invalid_move_reset": 12, "model_type": "DQN", "policy": "MlpPolicy", "folder_path_for_models": "models-tone", "model_performance": 20.977285262999548}