{"learning_rate": 0.05673094369575855, "net_arch": {"pi": [784, 848, 724, 265, 834], "vf": [678, 334, 709, 881]}, "net_arch_dqn": [350, 840, 937], "batch_size": 32, "model_name": "model-1709355762", "map_size": [10, 10], "reset": 100, "box_near_goal": 0.44205714432037635, "box_close_goal": 0.663590812178948, "box_move_reward": 0.9951141876036567, "box_goal_reward": 0.6070593117242504, "box_player_reward": -0.7219190353793621, "final_player_reward": 0.6325411806345966, "preform_step": 0.13773651145155807, "win_reward": 182, "invalid_move_reward": -1.2799923618554914, "max_invalid_move_reset": 8, "model_type": "PPO", "policy": "MlpPolicy", "folder_path_for_models": "models-tone", "model_performance": 0}