{"learning_rate": 0.03139911297563925, "net_arch": {"pi": [639, 361, 559], "vf": [689, 248, 525, 546, 625]}, "net_arch_dqn": [520, 561, 341, 475, 306], "batch_size": 128, "model_name": "model-1709401644", "map_size": [10, 10], "reset": 162, "box_near_goal": 0.7444169148190373, "box_close_goal": 0.08244804341617529, "box_move_reward": -0.5316099920270703, "box_goal_reward": -0.5910272008093802, "box_player_reward": 0.5212416066018681, "final_player_reward": -0.8444846610358037, "preform_step": 0.439848355993226, "win_reward": 67, "invalid_move_reward": -13.505344301423596, "max_invalid_move_reset": 9, "model_type": "DQN", "policy": "MlpPolicy", "folder_path_for_models": "models-tone", "model_performance": 109.45887445887446}