{"learning_rate": 0.0628498232780783, "net_arch": {"pi": [819], "vf": [818, 711, 575, 743]}, "net_arch_dqn": [633, 753], "batch_size": 256, "model_name": "model-1709439357", "map_size": [10, 10], "reset": 114, "box_near_goal": 0.8806850000946963, "box_close_goal": 0.5939570514426532, "box_move_reward": -0.41857598547498687, "box_goal_reward": -0.29684792670200966, "box_player_reward": -0.3570584870822673, "final_player_reward": -0.4604322816119817, "preform_step": 0.6197543573925302, "win_reward": 133, "invalid_move_reward": -7.59026136151029, "max_invalid_move_reset": 10, "model_type": "PPO", "policy": "MlpPolicy", "folder_path_for_models": "models-tone", "model_performance": 0}