{"learning_rate": 0.027236860817932893, "net_arch": {"pi": [303], "vf": [426, 981, 488]}, "net_arch_dqn": [310], "batch_size": 256, "model_name": "model-1709391617", "map_size": [10, 10], "reset": 164, "box_near_goal": 0.036719079456271286, "box_close_goal": 0.38047810324239684, "box_move_reward": -0.5334183471649996, "box_goal_reward": -0.10025766330457886, "box_player_reward": 0.15215114027713383, "final_player_reward": 0.06108394019489971, "preform_step": -0.41692772212159235, "win_reward": 109, "invalid_move_reward": -5.209915038647768, "max_invalid_move_reset": 15, "model_type": "PPO", "policy": "MlpPolicy", "folder_path_for_models": "models-tone", "model_performance": 116.91886510701842}