{"learning_rate": 0.09928646373865116, "net_arch": {"pi": [717, 154, 914, 530, 150, 511, 565], "vf": [219, 495]}, "net_arch_dqn": [1009, 239, 653, 866, 690, 599], "batch_size": 256, "model_name": "model-1709659833", "map_size": [10, 10], "reset": 182, "box_near_goal": 0.13214370255731167, "box_close_goal": 0.5667613883090399, "box_move_reward": -0.35623483543663426, "box_goal_reward": 0.6925105504597644, "box_player_reward": -0.8237189158726224, "final_player_reward": -0.6935927813925891, "preform_step": -0.09668783527789548, "win_reward": 108, "invalid_move_reward": -6.062595666808832, "no_win_reward": -18.373449571018824, "model_type": "PPO", "policy": "MlpPolicy", "folder_path_for_models": "models-tone", "model_performance": 0}