{"learning_rate": 0.0688427805246383, "net_arch": {"pi": [248, 910, 320, 236, 691, 507, 831], "vf": [993, 897, 75]}, "net_arch_dqn": [158, 93, 844, 957, 445, 295, 848], "batch_size": 32, "model_name": "model-1709637790", "map_size": [10, 10], "reset": 187, "box_near_goal": 0.4681449660180843, "box_close_goal": 0.29939378968876973, "box_move_reward": -0.7160062385688315, "box_goal_reward": -0.19911061614821257, "box_player_reward": -0.6090405271126587, "final_player_reward": 0.8501265778984841, "preform_step": -0.34954911066501615, "win_reward": 55, "invalid_move_reward": -0.8839052833724423, "no_win_reward": -19.381750955710785, "model_type": "PPO", "policy": "MlpPolicy", "folder_path_for_models": "models-tone", "model_performance": 0}