{"learning_rate": 0.060812144316938786, "net_arch": {"pi": [635, 997, 612], "vf": [695]}, "net_arch_dqn": [546, 250], "batch_size": 32, "model_name": "model-1709363118", "map_size": [10, 10], "reset": 50, "box_near_goal": 0.9931115839584495, "box_close_goal": 0.19182924771308596, "box_move_reward": 0.32156889421067736, "box_goal_reward": 0.45005805913434127, "box_player_reward": 0.22115364630736045, "final_player_reward": 0.09922935109103892, "preform_step": 0.28089969856335406, "win_reward": 140, "invalid_move_reward": -9.946562426830223, "max_invalid_move_reset": 19, "model_type": "DQN", "policy": "MlpPolicy", "folder_path_for_models": "models-tone", "model_performance": 36.609014675052414}