{"learning_rate": 0.03296739925915112, "net_arch": {"pi": [472, 553, 677, 823], "vf": [441, 78, 634, 420, 186]}, "net_arch_dqn": [746, 432], "batch_size": 64, "model_name": "model-1709390434", "map_size": [10, 10], "reset": 113, "box_near_goal": 0.7094930001007619, "box_close_goal": 0.7681668923423048, "box_move_reward": 0.19867742164604785, "box_goal_reward": 0.39296207229933966, "box_player_reward": -0.6333492889285353, "final_player_reward": 0.27218791238181295, "preform_step": -0.6536238037266799, "win_reward": 188, "invalid_move_reward": -11.859321417188989, "max_invalid_move_reset": 14, "model_type": "DQN", "policy": "MlpPolicy", "folder_path_for_models": "models-tone", "model_performance": 14.4805353292926}