{"learning_rate": 0.03605094057595506, "net_arch": {"pi": [966, 943], "vf": [729, 813, 594, 1017]}, "net_arch_dqn": [717], "batch_size": 128, "model_name": "model-1709663619", "map_size": [10, 10], "reset": 141, "box_near_goal": 0.33897492010284225, "box_close_goal": 0.6288823502446251, "box_move_reward": 0.6869830612511261, "box_goal_reward": 0.41772500556774483, "box_player_reward": 0.6120758870984062, "final_player_reward": -0.7412284828379037, "preform_step": 0.46168324141319106, "win_reward": 136, "invalid_move_reward": -16.653295299163755, "no_win_reward": -12.30946390331377, "model_type": "DQN", "policy": "MlpPolicy", "folder_path_for_models": "models-tone", "model_performance": 1.3888888888888888}