{"learning_rate": 0.05858870078000032, "net_arch": {"pi": [88, 248, 318, 753, 64], "vf": [318]}, "net_arch_dqn": [240, 966, 486], "batch_size": 64, "model_name": "model-1709383923", "map_size": [10, 10], "reset": 83, "box_near_goal": 0.7201562202278096, "box_close_goal": 0.4171719161736308, "box_move_reward": 0.56029383905734, "box_goal_reward": 0.45598137754976564, "box_player_reward": -0.4277959665715685, "final_player_reward": -0.937849271693793, "preform_step": 0.9767103377269737, "win_reward": 100, "invalid_move_reward": -17.296587224342524, "max_invalid_move_reset": 10, "model_type": "PPO", "policy": "MlpPolicy", "folder_path_for_models": "models-tone", "model_performance": 0}