{"learning_rate": 0.08057972515655122, "net_arch": {"pi": [889], "vf": [713, 524]}, "net_arch_dqn": [613], "batch_size": 256, "model_name": "model-1709429957", "map_size": [10, 10], "reset": 53, "box_near_goal": 0.5043338274096615, "box_close_goal": 0.9765790976633255, "box_move_reward": -0.8574150528587301, "box_goal_reward": 0.3138712307589282, "box_player_reward": 0.1305111338786238, "final_player_reward": 0.90134821067219, "preform_step": 0.7480796121471736, "win_reward": 115, "invalid_move_reward": -19.639531168313383, "max_invalid_move_reset": 18, "model_type": "DQN", "policy": "MlpPolicy", "folder_path_for_models": "models-tone", "model_performance": 55.26315789473684}