{"learning_rate": 0.07643044367551077, "net_arch": {"pi": [385, 325, 103, 624], "vf": [279, 683, 1020, 384, 256]}, "net_arch_dqn": [526, 185], "batch_size": 128, "model_name": "model-1709361836", "map_size": [10, 10], "reset": 89, "box_near_goal": 0.5222767456033919, "box_close_goal": 0.20817503262458648, "box_move_reward": -0.9704485236182634, "box_goal_reward": -0.37094869403842545, "box_player_reward": -0.6797575897630113, "final_player_reward": -0.36811734536129914, "preform_step": 0.37828553135842347, "win_reward": 100, "invalid_move_reward": -7.962613673713575, "max_invalid_move_reset": 17, "model_type": "PPO", "policy": "MlpPolicy", "folder_path_for_models": "models-tone", "model_performance": 0}