{"learning_rate": 0.029257727616152134, "net_arch": {"pi": [1014, 1020, 743, 596], "vf": [446]}, "net_arch_dqn": [111], "batch_size": 256, "model_name": "model-1709349169", "map_size": [10, 10], "reset": 154, "box_near_goal": 0.7619312915232214, "box_close_goal": 0.9944508752041336, "box_move_reward": -0.2982510374803564, "box_goal_reward": -0.6493467095329117, "box_player_reward": 0.7001558158099161, "final_player_reward": -0.6909987154383752, "preform_step": -0.5358740580790833, "win_reward": 131, "invalid_move_reward": -17.307816561312286, "max_invalid_move_reset": 17, "model_type": "DQN", "policy": "MlpPolicy", "folder_path_for_models": "models-tone", "model_performance": 21.38888888888889}