{"learning_rate": 0.07759966323838778, "net_arch": {"pi": [80, 842, 201, 596, 843, 681, 369], "vf": [975, 410, 141, 415, 339]}, "net_arch_dqn": [871, 391], "batch_size": 128, "model_name": "model-1709639665", "map_size": [10, 10], "reset": 51, "box_near_goal": 0.7699395187823996, "box_close_goal": 0.27443636931158666, "box_move_reward": -0.34466579194014146, "box_goal_reward": 0.09457496682895772, "box_player_reward": 0.04860075362035565, "final_player_reward": 0.19205522911726125, "preform_step": 0.35029641705209524, "win_reward": 85, "invalid_move_reward": -3.5114049064486537, "no_win_reward": -10.913671510170357, "model_type": "PPO", "policy": "MlpPolicy", "folder_path_for_models": "models-tone", "model_performance": 0}