{"learning_rate": 0.031248986850467356, "net_arch": {"pi": [916, 68, 813], "vf": [838, 507, 232, 219, 752]}, "net_arch_dqn": [607, 234, 707, 586, 72], "batch_size": 256, "model_name": "model-1709364948", "map_size": [10, 10], "reset": 108, "box_near_goal": 0.06765524274152102, "box_close_goal": 0.03987163748853806, "box_move_reward": 0.6576139338347466, "box_goal_reward": -0.13481896385611836, "box_player_reward": -0.13570363542736907, "final_player_reward": -0.14760345488879878, "preform_step": -0.6131155928689251, "win_reward": 103, "invalid_move_reward": -8.31704315915095, "max_invalid_move_reset": 9, "model_type": "PPO", "policy": "MlpPolicy", "folder_path_for_models": "models-tone", "model_performance": 0}