{"learning_rate": 0.05421648674599164, "net_arch": {"pi": [544, 110, 569], "vf": [747, 863]}, "net_arch_dqn": [143, 222], "batch_size": 64, "model_name": "model-1709659673", "map_size": [10, 10], "reset": 160, "box_near_goal": 0.8611972187866875, "box_close_goal": 0.42825650221089273, "box_move_reward": 0.6648628296604655, "box_goal_reward": -0.39816099829400664, "box_player_reward": 0.39570276854146824, "final_player_reward": -0.3307250490945619, "preform_step": -0.5504676576168588, "win_reward": 65, "invalid_move_reward": -9.157734164994846, "no_win_reward": -16.90280363188745, "model_type": "DQN", "policy": "MlpPolicy", "folder_path_for_models": "models-tone", "model_performance": 2.7777777777777777}