{"learning_rate": 0.07539601796722879, "net_arch": {"pi": [780], "vf": [764, 861, 406, 397, 521]}, "net_arch_dqn": [845, 293], "batch_size": 64, "model_name": "model-1709653661", "map_size": [10, 10], "reset": 121, "box_near_goal": 0.4047097258750847, "box_close_goal": 0.5490402042710176, "box_move_reward": 0.24133978209390006, "box_goal_reward": 0.6508131196779179, "box_player_reward": -0.7311582596673682, "final_player_reward": 0.6189586037549983, "preform_step": 0.6643436089323982, "win_reward": 100, "invalid_move_reward": -13.696970940485771, "no_win_reward": -2.188020087936046, "model_type": "PPO", "policy": "MlpPolicy", "folder_path_for_models": "models-tone", "model_performance": 2.7777777777777777}