{"learning_rate": 0.0183299895631441, "net_arch": {"pi": [939, 181, 86], "vf": [97]}, "net_arch_dqn": [693, 450], "batch_size": 32, "model_name": "model-1709394847", "map_size": [10, 10], "reset": 189, "box_near_goal": 0.032841391532113295, "box_close_goal": 0.10215358146743136, "box_move_reward": 0.7792988305377593, "box_goal_reward": 0.6542326414373778, "box_player_reward": 0.1908438358550899, "final_player_reward": 0.42889119855619917, "preform_step": -0.09470663636986498, "win_reward": 66, "invalid_move_reward": -13.259228437805714, "max_invalid_move_reset": 19, "model_type": "DQN", "policy": "MlpPolicy", "folder_path_for_models": "models-tone", "model_performance": 15.293306754733074}