{"learning_rate": 0.04402604214176918, "net_arch": {"pi": [473, 977], "vf": [426]}, "net_arch_dqn": [775, 751, 73], "batch_size": 64, "model_name": "model-1709648442", "map_size": [10, 10], "reset": 200, "box_near_goal": 0.9223933636489228, "box_close_goal": 0.45293679520075614, "box_move_reward": 0.898358332850733, "box_goal_reward": 0.9651211415908512, "box_player_reward": 0.6081463521320574, "final_player_reward": -0.2999519181677339, "preform_step": -0.7580376945599412, "win_reward": 138, "invalid_move_reward": -0.6128848204542265, "no_win_reward": -3.5832420824017923, "model_type": "DQN", "policy": "MlpPolicy", "folder_path_for_models": "models-tone", "model_performance": 4.166666666666666}