{"learning_rate": 0.03726230045187189, "net_arch": {"pi": [387, 227, 178, 144, 963], "vf": [810, 716]}, "net_arch_dqn": [779, 711, 690, 477], "batch_size": 64, "model_name": "model-1709381496", "map_size": [10, 10], "reset": 181, "box_near_goal": 0.07515903019574621, "box_close_goal": 0.3030972176360386, "box_move_reward": 0.5015884940582036, "box_goal_reward": -0.6502417876128335, "box_player_reward": -0.14347229973919906, "final_player_reward": 0.5820522469867428, "preform_step": 0.7318130775213187, "win_reward": 93, "invalid_move_reward": -9.240695726862974, "max_invalid_move_reset": 14, "model_type": "DQN", "policy": "MlpPolicy", "folder_path_for_models": "models-tone", "model_performance": 26.724137931034484}