{"learning_rate": 0.04710869202338258, "net_arch": {"pi": [895, 702], "vf": [395, 998, 283, 322, 700]}, "net_arch_dqn": [171, 228, 439, 510, 999], "batch_size": 256, "model_name": "model-1709403354", "map_size": [10, 10], "reset": 54, "box_near_goal": 0.19380776710019887, "box_close_goal": 0.8919524779051313, "box_move_reward": 0.4141010378653456, "box_goal_reward": -0.5060105099173684, "box_player_reward": 0.4749839826512934, "final_player_reward": 0.7179852771602098, "preform_step": -0.3883684352852017, "win_reward": 146, "invalid_move_reward": -11.262505644469385, "max_invalid_move_reset": 7, "model_type": "PPO", "policy": "MlpPolicy", "folder_path_for_models": "models-tone", "model_performance": 30.5640243902439}