{"learning_rate": 0.09117086763484308, "net_arch": {"pi": [573, 506], "vf": [294, 532, 679, 166, 675, 940, 675]}, "net_arch_dqn": [207, 537], "batch_size": 256, "model_name": "model-1709626182", "map_size": [10, 10], "reset": 193, "box_near_goal": 0.5603130754397416, "box_close_goal": 0.3320207741980232, "box_move_reward": 0.34400529730375906, "box_goal_reward": 0.7881372802087534, "box_player_reward": -0.7616829571883326, "final_player_reward": 0.7373494924309945, "preform_step": 0.29027928545248916, "win_reward": 93, "invalid_move_reward": -0.5267907539503085, "no_win_reward": -17.641224556952327, "model_type": "DQN", "policy": "MlpPolicy", "folder_path_for_models": "models-tone", "model_performance": 1.3888888888888888}