{"learning_rate": 0.05063637756486718, "net_arch": {"pi": [191], "vf": [778, 185]}, "net_arch_dqn": [726, 960], "batch_size": 64, "model_name": "model-1709398070", "map_size": [10, 10], "reset": 132, "box_near_goal": 0.6000497799567835, "box_close_goal": 0.5908302475455912, "box_move_reward": -0.3781367430537095, "box_goal_reward": -0.5308410265050658, "box_player_reward": -0.6888440375541869, "final_player_reward": -0.6202868591221586, "preform_step": 0.20962036878881674, "win_reward": 111, "invalid_move_reward": -14.954673656208136, "max_invalid_move_reset": 8, "model_type": "PPO", "policy": "MlpPolicy", "folder_path_for_models": "models-tone", "model_performance": 0}