{"learning_rate": 0.0773228028950148, "net_arch": {"pi": [394, 655, 64, 506, 486], "vf": [613, 736]}, "net_arch_dqn": [960, 133, 151, 796, 215], "batch_size": 128, "model_name": "model-1709350158", "map_size": [10, 10], "reset": 130, "box_near_goal": 0.9541174741448905, "box_close_goal": 0.8873018651307005, "box_move_reward": -0.8430468931059447, "box_goal_reward": 0.5729108215846133, "box_player_reward": -0.49417394048370733, "final_player_reward": -0.7096482016657522, "preform_step": 0.2459027894483281, "win_reward": 132, "invalid_move_reward": -15.562552619545002, "max_invalid_move_reset": 8, "model_type": "PPO", "policy": "MlpPolicy", "folder_path_for_models": "models-tone", "model_performance": 108.70748299319729}