{"learning_rate": 0.0169205295656032, "net_arch": {"pi": [1017], "vf": [841, 99, 980, 528, 614]}, "net_arch_dqn": [750], "batch_size": 128, "model_name": "model-1709354138", "map_size": [10, 10], "reset": 63, "box_near_goal": 0.7321908860195416, "box_close_goal": 0.10371772332193174, "box_move_reward": -0.9950201740787241, "box_goal_reward": -0.5835064708077244, "box_player_reward": 0.8444790110711788, "final_player_reward": 0.0008258975615462738, "preform_step": -0.3888991284455847, "win_reward": 195, "invalid_move_reward": -10.595664602704524, "max_invalid_move_reset": 17, "model_type": "DQN", "policy": "MlpPolicy", "folder_path_for_models": "models-tone", "model_performance": 0}