{"learning_rate": 0.005053993337540602, "net_arch": {"pi": [317, 198], "vf": [72, 401, 194, 910, 233]}, "net_arch_dqn": [86, 153, 908, 951, 337], "batch_size": 32, "model_name": "model-1709642729", "map_size": [10, 10], "reset": 67, "box_near_goal": 0.6080534676186808, "box_close_goal": 0.28232405698734897, "box_move_reward": 0.30464362104318576, "box_goal_reward": 0.279254981130715, "box_player_reward": 0.49113470392064973, "final_player_reward": -0.24403833295483834, "preform_step": -0.2954120256951489, "win_reward": 129, "invalid_move_reward": -13.598524470742419, "no_win_reward": -19.67431671405884, "model_type": "PPO", "policy": "MlpPolicy", "folder_path_for_models": "models-tone", "model_performance": 2.7777777777777777}