{"learning_rate": 0.015398756307262137, "net_arch": {"pi": [452, 602, 206, 655, 590], "vf": [509, 457]}, "net_arch_dqn": [228, 187, 446], "batch_size": 256, "model_name": "model-1709431395", "map_size": [10, 10], "reset": 132, "box_near_goal": 0.3245145368019491, "box_close_goal": 0.9996419564689312, "box_move_reward": -0.6533830638079088, "box_goal_reward": -0.7378960391656091, "box_player_reward": -0.2996621284033292, "final_player_reward": -0.6415287314766669, "preform_step": -0.026190806959840218, "win_reward": 66, "invalid_move_reward": -19.709917193833384, "max_invalid_move_reset": 10, "model_type": "DQN", "policy": "MlpPolicy", "folder_path_for_models": "models-tone", "model_performance": 100.0}