{"learning_rate": 0.01207118488928907, "net_arch": {"pi": [437, 618, 823], "vf": [555, 611, 238, 388]}, "net_arch_dqn": [635, 940], "batch_size": 32, "model_name": "model-1709354529", "map_size": [10, 10], "reset": 195, "box_near_goal": 0.4734548608639255, "box_close_goal": 0.13670900563139265, "box_move_reward": -0.918887756609662, "box_goal_reward": 0.48029100437799666, "box_player_reward": 0.016036071505972638, "final_player_reward": 0.7476257021394432, "preform_step": 0.4025813408416836, "win_reward": 122, "invalid_move_reward": -2.6572397695198546, "max_invalid_move_reset": 8, "model_type": "PPO", "policy": "MlpPolicy", "folder_path_for_models": "models-tone", "model_performance": 0}