{"learning_rate": 0.05287270151834482, "net_arch": {"pi": [406, 74, 684, 119, 571], "vf": [730]}, "net_arch_dqn": [335, 946, 128], "batch_size": 32, "model_name": "model-1709370578", "map_size": [10, 10], "reset": 136, "box_near_goal": 0.9960213682748892, "box_close_goal": 0.8713780177776183, "box_move_reward": -0.253954954205289, "box_goal_reward": 0.5993504503200309, "box_player_reward": -0.7645992723479689, "final_player_reward": 0.7911053314277394, "preform_step": -0.8413702286607498, "win_reward": 76, "invalid_move_reward": -14.826982832677304, "max_invalid_move_reset": 19, "model_type": "DQN", "policy": "MlpPolicy", "folder_path_for_models": "models-tone", "model_performance": 104.76190476190476}