{"learning_rate": 0.04612671912715771, "net_arch": {"pi": [224, 747, 322], "vf": [299]}, "net_arch_dqn": [162, 244, 549, 357], "batch_size": 128, "model_name": "model-1709394682", "map_size": [10, 10], "reset": 149, "box_near_goal": 0.1800697759080262, "box_close_goal": 0.1009069490589879, "box_move_reward": 0.008280173321959738, "box_goal_reward": -0.4425856833333408, "box_player_reward": -0.2571207591790534, "final_player_reward": -0.059330300963472915, "preform_step": 0.6482963591123867, "win_reward": 106, "invalid_move_reward": -1.8687079529341801, "max_invalid_move_reset": 17, "model_type": "DQN", "policy": "MlpPolicy", "folder_path_for_models": "models-tone", "model_performance": 23.028233151183972}