{"learning_rate": 0.05660371985373976, "net_arch": {"pi": [220, 879, 948, 284, 267], "vf": [643]}, "net_arch_dqn": [128, 975, 402], "batch_size": 128, "model_name": "model-1709402782", "map_size": [10, 10], "reset": 163, "box_near_goal": 0.5587850487181705, "box_close_goal": 0.3000522250266424, "box_move_reward": 0.5443371237230197, "box_goal_reward": -0.7961532837004692, "box_player_reward": -0.6571831915850315, "final_player_reward": 0.5850775793456098, "preform_step": 0.5811438190142459, "win_reward": 83, "invalid_move_reward": -17.838417678568455, "max_invalid_move_reset": 13, "model_type": "DQN", "policy": "MlpPolicy", "folder_path_for_models": "models-tone", "model_performance": 57.638888888888886}