{"learning_rate": 0.012177626370621161, "net_arch": {"pi": [352, 959, 68], "vf": [190, 229, 963, 311, 376]}, "net_arch_dqn": [405, 392, 996], "batch_size": 256, "model_name": "model-1709352105", "map_size": [10, 10], "reset": 149, "box_near_goal": 0.6321694370465335, "box_close_goal": 0.40514194064989284, "box_move_reward": -0.821414876491908, "box_goal_reward": 0.9829002482646156, "box_player_reward": 0.4634886669406477, "final_player_reward": 0.37718443075875885, "preform_step": 0.34583892980633646, "win_reward": 156, "invalid_move_reward": -3.8657638063142485, "max_invalid_move_reset": 15, "model_type": "PPO", "policy": "MlpPolicy", "folder_path_for_models": "models-tone", "model_performance": 24.61152882205514}