{"learning_rate": 0.038496060779644306, "net_arch": {"pi": [275, 68, 486, 471, 657], "vf": [434, 82, 478, 969]}, "net_arch_dqn": [415, 528, 291, 565], "batch_size": 64, "model_name": "model-1709427132", "map_size": [10, 10], "reset": 190, "box_near_goal": 0.6328589210949401, "box_close_goal": 0.1519440799535169, "box_move_reward": 0.04457023820504702, "box_goal_reward": 0.023832370166880334, "box_player_reward": 0.9850911737164496, "final_player_reward": 0.48022581945332576, "preform_step": 0.07847350637358419, "win_reward": 116, "invalid_move_reward": -2.325571239274076, "max_invalid_move_reset": 14, "model_type": "PPO", "policy": "MlpPolicy", "folder_path_for_models": "models-tone", "model_performance": 0}