{"learning_rate": 0.029387850004220874, "net_arch": {"pi": [437], "vf": [870, 754, 313, 221]}, "net_arch_dqn": [975], "batch_size": 64, "model_name": "model-1709622126", "map_size": [10, 10], "reset": 50, "box_near_goal": 0.015757176360209124, "box_close_goal": 0.8083885929120853, "box_move_reward": 0.33010535271182295, "box_goal_reward": -0.9853873481800859, "box_player_reward": 0.2502771769389476, "final_player_reward": 0.4507668522722035, "preform_step": 0.8135906751968669, "win_reward": 98, "invalid_move_reward": -3.969628719215855, "no_win_reward": -0.8982569472544029, "model_type": "PPO", "policy": "MlpPolicy", "folder_path_for_models": "models-tone", "model_performance": 0}