{"learning_rate": 0.00561291920398397, "net_arch": {"pi": [747, 512, 160, 629, 342], "vf": [517, 356, 273]}, "net_arch_dqn": [133, 701, 346], "batch_size": 128, "model_name": "model-1709656063", "map_size": [10, 10], "reset": 166, "box_near_goal": 0.7329842634695732, "box_close_goal": 0.9484429022601814, "box_move_reward": -0.4683892686299944, "box_goal_reward": 0.5617810236823224, "box_player_reward": -0.31880241279704147, "final_player_reward": 0.5686011021563822, "preform_step": 0.960961837949531, "win_reward": 83, "invalid_move_reward": -0.39226744386217405, "no_win_reward": -8.496756437157964, "model_type": "DQN", "policy": "MlpPolicy", "folder_path_for_models": "models-tone", "model_performance": 5.555555555555555}