{"learning_rate": 0.058198444265683935, "net_arch": {"pi": [313, 71], "vf": [461]}, "net_arch_dqn": [357, 768, 756, 345], "batch_size": 128, "model_name": "model-1709346273", "map_size": [10, 10], "reset": 57, "box_near_goal": 0.9507998524495477, "box_close_goal": 0.5461959520744446, "box_move_reward": -0.8742093042571224, "box_goal_reward": -0.278063308822563, "box_player_reward": -0.023604653980894952, "final_player_reward": 0.8059184945306719, "preform_step": 0.2665387233746821, "win_reward": 51, "invalid_move_reward": -3.088686060850822, "max_invalid_move_reset": 5, "model_type": "DQN", "policy": "MlpPolicy", "folder_path_for_models": "models-tone", "model_performance": 0}