{"learning_rate": 0.08288011684609953, "net_arch": {"pi": [121, 942, 286], "vf": [385]}, "net_arch_dqn": [216, 524, 745], "batch_size": 64, "model_name": "model-1709355597", "map_size": [10, 10], "reset": 156, "box_near_goal": 0.9751713423320955, "box_close_goal": 0.7509262076804621, "box_move_reward": 0.9854917432474315, "box_goal_reward": -0.4991239166046504, "box_player_reward": 0.9753574389040438, "final_player_reward": -0.6314266677333764, "preform_step": -0.26207905319220504, "win_reward": 127, "invalid_move_reward": -2.4184204459454257, "max_invalid_move_reset": 17, "model_type": "PPO", "policy": "MlpPolicy", "folder_path_for_models": "models-tone", "model_performance": 113.45201989076018}