{"learning_rate": 0.07606833311752487, "net_arch": {"pi": [391, 111, 291], "vf": [631, 617, 227]}, "net_arch_dqn": [131, 653, 395, 1006], "batch_size": 32, "model_name": "model-1709380347", "map_size": [10, 10], "reset": 151, "box_near_goal": 0.20766316945544894, "box_close_goal": 0.5909677491056721, "box_move_reward": 0.9919661588221653, "box_goal_reward": 0.04031166574763034, "box_player_reward": 0.1728598401423529, "final_player_reward": 0.11299768861423432, "preform_step": -0.4939182611109927, "win_reward": 191, "invalid_move_reward": -13.427250445515483, "max_invalid_move_reset": 16, "model_type": "DQN", "policy": "MlpPolicy", "folder_path_for_models": "models-tone", "model_performance": 16.60569105691057}