{"learning_rate": 0.035055500425815414, "net_arch": {"pi": [981, 858, 800, 73, 550], "vf": [318]}, "net_arch_dqn": [863, 522], "batch_size": 256, "model_name": "model-1709638936", "map_size": [10, 10], "reset": 56, "box_near_goal": 0.29348830048836383, "box_close_goal": 0.5089579589690852, "box_move_reward": 0.8321841720570942, "box_goal_reward": -0.6400392861809523, "box_player_reward": -0.41621029744258675, "final_player_reward": 0.05751738743009782, "preform_step": 0.341275924560805, "win_reward": 90, "invalid_move_reward": -16.59680956358558, "no_win_reward": -6.020335899012203, "model_type": "PPO", "policy": "MlpPolicy", "folder_path_for_models": "models-tone", "model_performance": 0}