{"learning_rate": 0.024707878337096322, "net_arch": {"pi": [647, 197], "vf": [649, 718, 1000]}, "net_arch_dqn": [769, 781, 402], "batch_size": 128, "model_name": "model-1709359798", "map_size": [10, 10], "reset": 179, "box_near_goal": 0.7238289954064824, "box_close_goal": 0.18015923861916072, "box_move_reward": 0.803422075044355, "box_goal_reward": -0.8657438043276977, "box_player_reward": 0.790618627095695, "final_player_reward": -0.955905808043424, "preform_step": -0.6116555712195586, "win_reward": 142, "invalid_move_reward": -16.1555563938848, "max_invalid_move_reset": 18, "model_type": "PPO", "policy": "MlpPolicy", "folder_path_for_models": "models-tone", "model_performance": 0}