{"learning_rate": 0.032911612662134486, "net_arch": {"pi": [922, 210], "vf": [310, 162, 120, 846]}, "net_arch_dqn": [941, 176], "batch_size": 256, "model_name": "model-1709363901", "map_size": [10, 10], "reset": 104, "box_near_goal": 0.10602942757117384, "box_close_goal": 0.7883433584640218, "box_move_reward": 0.9572770571191804, "box_goal_reward": 0.9744100492858505, "box_player_reward": 0.7387415578104837, "final_player_reward": 0.25118452016704507, "preform_step": -0.9527594274424522, "win_reward": 197, "invalid_move_reward": -14.449059631752739, "max_invalid_move_reset": 9, "model_type": "PPO", "policy": "MlpPolicy", "folder_path_for_models": "models-tone", "model_performance": 0}