{"learning_rate": 0.00932005411643381, "net_arch": {"pi": [557], "vf": [621, 334, 414, 221]}, "net_arch_dqn": [809, 662, 640], "batch_size": 256, "model_name": "model-1709655551", "map_size": [10, 10], "reset": 177, "box_near_goal": 0.9523253469225089, "box_close_goal": 0.25075191808390396, "box_move_reward": 0.24612036917499935, "box_goal_reward": 0.5327753757428286, "box_player_reward": 0.04493859132982592, "final_player_reward": -0.8176166928240141, "preform_step": 0.5149831126909516, "win_reward": 77, "invalid_move_reward": -6.1539505672604395, "no_win_reward": -5.323831655688913, "model_type": "DQN", "policy": "MlpPolicy", "folder_path_for_models": "models-tone", "model_performance": 0}