{"learning_rate": 0.008380117433440953, "net_arch": {"pi": [79], "vf": [109, 844, 537]}, "net_arch_dqn": [593, 584, 901], "batch_size": 256, "model_name": "model-1709652395", "map_size": [10, 10], "reset": 113, "box_near_goal": 0.07476117327225684, "box_close_goal": 0.6739387050857685, "box_move_reward": -0.2460695568782214, "box_goal_reward": -0.36778418121779444, "box_player_reward": -0.8666690553515111, "final_player_reward": 0.15889334155939117, "preform_step": -0.31342420823544637, "win_reward": 130, "invalid_move_reward": -4.769248272264754, "no_win_reward": -4.507971274041093, "model_type": "PPO", "policy": "MlpPolicy", "folder_path_for_models": "models-tone", "model_performance": 1.3888888888888888}