{"learning_rate": 0.021073285936687277, "net_arch": {"pi": [219, 820, 196, 484, 116], "vf": [158]}, "net_arch_dqn": [83, 686, 892, 705, 126], "batch_size": 64, "model_name": "model-1709385735", "map_size": [10, 10], "reset": 71, "box_near_goal": 0.0686903941573046, "box_close_goal": 0.11525968518264762, "box_move_reward": 0.6158965936069254, "box_goal_reward": -0.057859953665002184, "box_player_reward": 0.4355639868932555, "final_player_reward": -0.1739674779287823, "preform_step": -0.5078330600345473, "win_reward": 51, "invalid_move_reward": -17.118898067636298, "max_invalid_move_reset": 10, "model_type": "PPO", "policy": "MlpPolicy", "folder_path_for_models": "models-tone", "model_performance": 0}