{"learning_rate": 0.05629889201311519, "net_arch": {"pi": [86, 506], "vf": [141, 826, 856, 669]}, "net_arch_dqn": [612, 377, 717], "batch_size": 256, "model_name": "model-1709366599", "map_size": [10, 10], "reset": 116, "box_near_goal": 0.8643070932089859, "box_close_goal": 0.3000175690710868, "box_move_reward": -0.7647684419188892, "box_goal_reward": 0.18720174077833196, "box_player_reward": -0.6833449204948499, "final_player_reward": -0.2371845849961567, "preform_step": 0.21766510223039504, "win_reward": 138, "invalid_move_reward": -12.336816791084518, "max_invalid_move_reset": 13, "model_type": "DQN", "policy": "MlpPolicy", "folder_path_for_models": "models-tone", "model_performance": 113.0252100840336}