{"learning_rate": 0.00758253674386873, "net_arch": {"pi": [951, 1833, 990, 2963], "vf": [2518, 3404, 3993, 1292, 3695]}, "net_arch_dqn": [3436, 3083, 2807], "batch_size": 512, "model_name": "model-1709694095", "map_size": [10, 10], "reset": 178, "box_near_goal": 0.3346027585110888, "box_close_goal": 0.7310252666273362, "box_move_reward": 0.8128878622187081, "box_goal_reward": 0.3027965059964648, "box_player_reward": 0.4114523060571551, "final_player_reward": -0.3912584822180145, "preform_step": 0.3886677596843575, "win_reward": 136, "invalid_move_reward": -5.64853181014513, "no_win_reward": -0.5331079251473851, "model_type": "PPO", "policy": "MlpPolicy", "folder_path_for_models": "models-tone-complex-2", "complex_map": false, "max_invalid_move_reset": 15.397598752305571, "model_performance": 0}