{"learning_rate": 0.0575629029593955, "net_arch": {"pi": [917, 355, 447, 601, 815], "vf": [719, 553, 566, 812, 524, 608]}, "net_arch_dqn": [214], "batch_size": 256, "model_name": "model-1709679935", "map_size": [10, 10], "reset": 145, "box_near_goal": 0.1633565969502765, "box_close_goal": 0.6956214919313866, "box_move_reward": 0.4115055632243716, "box_goal_reward": -0.522235501091693, "box_player_reward": -0.809274510513305, "final_player_reward": -0.9623779489583273, "preform_step": 0.46766330047305105, "win_reward": 190, "invalid_move_reward": -5.703089353555361, "no_win_reward": -0.9686597342264207, "model_type": "PPO", "policy": "MlpPolicy", "folder_path_for_models": "models-tone-complex-2", "complex_map": true, "max_invalid_move_reset": 8.39666660024307, "model_performance": 0}