{"learning_rate": 0.08728310655427512, "net_arch": {"pi": [2997, 1578, 3109, 1783], "vf": [1987, 3263, 3132, 2822, 2719]}, "net_arch_dqn": [2677, 2998, 2498, 3210, 1382, 3485], "batch_size": 1024, "model_name": "model-1709690113", "map_size": [10, 10], "reset": 67, "box_near_goal": 0.8719118173757912, "box_close_goal": 0.5983367102541471, "box_move_reward": 0.33821032114975336, "box_goal_reward": -0.29406924813107627, "box_player_reward": -0.49053030822158084, "final_player_reward": 0.06990977322290037, "preform_step": -0.35591006998600805, "win_reward": 178, "invalid_move_reward": -1.4640842292580487, "no_win_reward": -1.3639237409987495, "model_type": "PPO", "policy": "MlpPolicy", "folder_path_for_models": "models-tone-complex-2", "complex_map": true, "max_invalid_move_reset": 8.722843246465391, "model_performance": 2.0618556701030926}