{"learning_rate": 0.07582819090274953, "net_arch": {"pi": [2721, 2079, 3385, 3905, 2823, 1395], "vf": [1157, 2665, 1166, 3761, 1809, 3538]}, "net_arch_dqn": [3960, 3893, 1521, 2469, 1043], "batch_size": 1024, "model_name": "model-1709685352", "map_size": [10, 10], "reset": 55, "box_near_goal": 0.1030428126443198, "box_close_goal": 0.17730962418117135, "box_move_reward": 0.5942699789453916, "box_goal_reward": 0.4093529630041539, "box_player_reward": -0.5621539729478702, "final_player_reward": -0.5590218328290597, "preform_step": 0.7239490162088715, "win_reward": 164, "invalid_move_reward": -0.0743381373635259, "no_win_reward": -2.0825434778653813, "model_type": "DQN", "policy": "MlpPolicy", "folder_path_for_models": "models-tone-complex-2", "complex_map": false, "max_invalid_move_reset": 18.22711569464751, "model_performance": 0}