{"learning_rate": 0.00023548230148631152, "net_arch": {"pi": [3996, 1544, 3327, 4093], "vf": [3502, 774, 1198, 3704]}, "net_arch_dqn": [809, 3053], "batch_size": 64, "model_name": "model-1709685077", "map_size": [10, 10], "reset": 112, "box_near_goal": 0.8891092123009928, "box_close_goal": 0.6197879010264513, "box_move_reward": 0.8098491822775846, "box_goal_reward": 0.8345526638208431, "box_player_reward": -0.27670223051045895, "final_player_reward": 0.9665755212315494, "preform_step": 0.41697850644326695, "win_reward": 83, "invalid_move_reward": -8.071384601201357, "no_win_reward": -1.98875234269295, "model_type": "DQN", "policy": "MlpPolicy", "folder_path_for_models": "models-tone-complex-2", "complex_map": true, "max_invalid_move_reset": 5.8065625059331, "model_performance": 0}