{"learning_rate": 0.09323856119430549, "net_arch": {"pi": [673, 1011, 1817, 3552], "vf": [2828, 2411, 3359]}, "net_arch_dqn": [2410, 3736, 2018, 2026], "batch_size": 128, "model_name": "model-1709704528", "map_size": [10, 10], "reset": 88, "box_near_goal": 0.010359328450654348, "box_close_goal": 0.1612004891079606, "box_move_reward": -0.9551136329594707, "box_goal_reward": -0.5939127817754837, "box_player_reward": -0.6934940385008723, "final_player_reward": -0.683879705132338, "preform_step": 0.40444060193307596, "win_reward": 191, "invalid_move_reward": -5.898706267328196, "no_win_reward": -0.9476933436593389, "model_type": "DQN", "policy": "MlpPolicy", "folder_path_for_models": "models-tone-complex-2", "complex_map": true, "max_invalid_move_reset": 6.314237705589149, "model_performance": 2.0618556701030926}