{"learning_rate": 0.014748425637997314, "net_arch": {"pi": [3795, 1893, 3783, 3483], "vf": [3937, 3808, 2521, 1829, 2309]}, "net_arch_dqn": [2891, 3202, 1618, 1555, 1406, 3044], "batch_size": 32, "model_name": "model-1709698647", "map_size": [10, 10], "reset": 79, "box_near_goal": 0.9378213539500241, "box_close_goal": 0.940691071294081, "box_move_reward": 0.8713415608330426, "box_goal_reward": -0.5718815232169967, "box_player_reward": -0.13926884598627964, "final_player_reward": 0.28557292891306973, "preform_step": -0.7710578788218851, "win_reward": 59, "invalid_move_reward": -7.967439521932958, "no_win_reward": -0.1404994484023101, "model_type": "DQN", "policy": "MlpPolicy", "folder_path_for_models": "models-tone-complex-2", "complex_map": true, "max_invalid_move_reset": 17.37179512823485, "model_performance": 2.0618556701030926}