{"learning_rate": 0.021278282524004672, "net_arch": {"pi": [644], "vf": [433, 261, 379, 781]}, "net_arch_dqn": [797], "batch_size": 256, "model_name": "model-1709679546", "map_size": [10, 10], "reset": 149, "box_near_goal": 0.1981262800805471, "box_close_goal": 0.8506004661143173, "box_move_reward": 0.02800002417594616, "box_goal_reward": 0.6687721248545231, "box_player_reward": -0.22814068084166328, "final_player_reward": 0.144168414965967, "preform_step": 0.9290768558356954, "win_reward": 122, "invalid_move_reward": -2.867478687844958, "no_win_reward": -2.710266152543712, "model_type": "DQN", "policy": "MlpPolicy", "folder_path_for_models": "models-tone-complex-2", "complex_map": false, "max_invalid_move_reset": 27.052563311146763, "model_performance": 0}