{"learning_rate": 0.06250191121506417, "net_arch": {"pi": [201, 910, 765, 821, 120, 174, 423], "vf": [533, 396, 603]}, "net_arch_dqn": [991, 142, 906, 437, 196, 209], "batch_size": 32, "model_name": "model-1709682374", "map_size": [10, 10], "reset": 103, "box_near_goal": 0.7881203365319, "box_close_goal": 0.8245640376840068, "box_move_reward": 0.9777660835591675, "box_goal_reward": 0.5929002749815826, "box_player_reward": 0.48186590140823293, "final_player_reward": 0.030947106950782066, "preform_step": -0.7259799323312466, "win_reward": 127, "invalid_move_reward": -4.656072239540723, "no_win_reward": -3.6909309956324288, "model_type": "PPO", "policy": "MlpPolicy", "folder_path_for_models": "models-tone-complex-2", "complex_map": false, "max_invalid_move_reset": 16.143328106846937, "model_performance": 0}