{"learning_rate": 0.026294686177792764, "net_arch": {"pi": [631, 2215, 3874, 1651], "vf": [1097, 3346, 2125, 2886]}, "net_arch_dqn": [2799, 3171, 3540, 2711, 1835], "batch_size": 512, "model_name": "model-1709696671", "map_size": [10, 10], "reset": 190, "box_near_goal": 0.021703110712527285, "box_close_goal": 0.8386210776114729, "box_move_reward": -0.41115271448545565, "box_goal_reward": -0.5686822475304141, "box_player_reward": 0.3771925012642401, "final_player_reward": 0.6656128677597517, "preform_step": 0.6059246795158302, "win_reward": 86, "invalid_move_reward": -1.0336608303793149, "no_win_reward": -0.4911241863275868, "model_type": "PPO", "policy": "MlpPolicy", "folder_path_for_models": "models-tone-complex-2", "complex_map": false, "max_invalid_move_reset": 7.756187987536453, "model_performance": 2.0618556701030926}