{"learning_rate": 0.019326191888146497, "net_arch": {"pi": [103], "vf": [552, 938, 503, 946]}, "net_arch_dqn": [611, 713], "batch_size": 64, "model_name": "model-1709682164", "map_size": [10, 10], "reset": 115, "box_near_goal": 0.7675940882414631, "box_close_goal": 0.47798039411425985, "box_move_reward": -0.124521412846744, "box_goal_reward": 0.8187195811105439, "box_player_reward": -0.4664695248496744, "final_player_reward": 0.28207993474643733, "preform_step": 0.8656948334414203, "win_reward": 102, "invalid_move_reward": -16.35208149342208, "no_win_reward": -0.28498457056299564, "model_type": "PPO", "policy": "MlpPolicy", "folder_path_for_models": "models-tone-complex-2", "complex_map": true, "max_invalid_move_reset": 25.192717891554622, "model_performance": 0}