{"learning_rate": 0.04830005910801634, "net_arch": {"pi": [2969, 1395, 2634], "vf": [3387, 1110, 678, 2488]}, "net_arch_dqn": [1775, 1491, 3674], "batch_size": 32, "model_name": "model-1709700969", "map_size": [10, 10], "reset": 161, "box_near_goal": 0.1880217810349588, "box_close_goal": 0.8274286579829242, "box_move_reward": 0.6325800397527248, "box_goal_reward": -0.36819759359342163, "box_player_reward": 0.19453596149672592, "final_player_reward": -0.558381851369504, "preform_step": -0.6355368171899041, "win_reward": 97, "invalid_move_reward": -3.8416329777343963, "no_win_reward": -1.7171237544034923, "model_type": "PPO", "policy": "MlpPolicy", "folder_path_for_models": "models-tone-complex-2", "complex_map": false, "max_invalid_move_reset": 16.207296744587474, "model_performance": 0}