{"learning_rate": 0.09793865724010646, "net_arch": {"pi": [3708, 1792, 1224, 816], "vf": [1826, 1678, 2900, 2252]}, "net_arch_dqn": [2896, 1327, 1331, 653], "batch_size": 64, "model_name": "model-1709694967", "map_size": [10, 10], "reset": 151, "box_near_goal": 0.11009648577075404, "box_close_goal": 0.07746715031395601, "box_move_reward": -0.6957507020572933, "box_goal_reward": 0.5514382136696121, "box_player_reward": 0.3686682495737581, "final_player_reward": -0.15465981957423347, "preform_step": -0.22293622099203114, "win_reward": 118, "invalid_move_reward": -5.044796413213262, "no_win_reward": -0.4158776955389665, "model_type": "PPO", "policy": "MlpPolicy", "folder_path_for_models": "models-tone-complex-2", "complex_map": false, "max_invalid_move_reset": 18.61072245979182, "model_performance": 0}