{"learning_rate": 0.09905941332658066, "net_arch": {"pi": [990, 897, 223, 826, 830], "vf": [157, 188, 535, 834]}, "net_arch_dqn": [466, 219, 915, 430, 120, 967], "batch_size": 256, "model_name": "model-1709683806", "map_size": [10, 10], "reset": 85, "box_near_goal": 0.9866276962534065, "box_close_goal": 0.7407406833542426, "box_move_reward": 0.3512114947843594, "box_goal_reward": 0.7549807480775141, "box_player_reward": -0.5626037166018973, "final_player_reward": 0.11680599249989232, "preform_step": 0.39867400643353634, "win_reward": 106, "invalid_move_reward": -5.090970404675208, "no_win_reward": -2.819573490636796, "model_type": "DQN", "policy": "MlpPolicy", "folder_path_for_models": "models-tone-complex-2", "complex_map": true, "max_invalid_move_reset": 26.015972049801423, "model_performance": 1.0309278350515463}