{"learning_rate": 0.0021282233018341157, "net_arch": {"pi": [857, 237, 486, 724, 605, 778, 400], "vf": [169, 467, 575, 129, 508, 859]}, "net_arch_dqn": [893, 1012, 771, 790, 541, 493, 606], "batch_size": 64, "model_name": "model-1709680847", "map_size": [10, 10], "reset": 167, "box_near_goal": 0.19815931709323387, "box_close_goal": 0.8154914888950763, "box_move_reward": 0.7185830895469225, "box_goal_reward": 0.7526054849260162, "box_player_reward": 0.5845294115487609, "final_player_reward": 0.7608609334885068, "preform_step": -0.311287894345033, "win_reward": 61, "invalid_move_reward": -12.915948960091399, "no_win_reward": -1.3383320016504485, "model_type": "DQN", "policy": "MlpPolicy", "folder_path_for_models": "models-tone-complex-2", "complex_map": true, "max_invalid_move_reset": 28.20759133334534, "model_performance": 3.092783505154639}