{"learning_rate": 0.04084481401280732, "net_arch": {"pi": [3092, 3084, 2681, 1796, 3517], "vf": [2800, 1947, 2408, 3212, 2456]}, "net_arch_dqn": [3485, 2275, 1957, 1894, 2013, 4025], "batch_size": 512, "model_name": "model-1709687784", "map_size": [10, 10], "reset": 62, "box_near_goal": 0.6975796342265249, "box_close_goal": 0.4837306178631432, "box_move_reward": -0.35781856625675346, "box_goal_reward": 0.7211625312076171, "box_player_reward": 0.8740683996642407, "final_player_reward": 0.4348652728635707, "preform_step": -0.7964023702811047, "win_reward": 52, "invalid_move_reward": -9.001295367636008, "no_win_reward": -0.24581489879187846, "model_type": "PPO", "policy": "MlpPolicy", "folder_path_for_models": "models-tone-complex-2", "complex_map": true, "max_invalid_move_reset": 10.997187553778083, "model_performance": 0}