{"learning_rate": 0.05158778380039969, "net_arch": {"pi": [788, 140, 92, 639, 966, 1003], "vf": [946]}, "net_arch_dqn": [170, 676, 378, 693, 898, 378], "batch_size": 64, "model_name": "model-1709681361", "map_size": [10, 10], "reset": 115, "box_near_goal": 0.800426804530531, "box_close_goal": 0.3228828449926766, "box_move_reward": -0.7723273317566877, "box_goal_reward": -0.4205201259375193, "box_player_reward": -0.7941765799450458, "final_player_reward": -0.9818649363673935, "preform_step": -0.03427354044843822, "win_reward": 56, "invalid_move_reward": -17.95797024026411, "no_win_reward": -0.6096863611161627, "model_type": "DQN", "policy": "MlpPolicy", "folder_path_for_models": "models-tone-complex-2", "complex_map": false, "max_invalid_move_reset": 7.728813294785171, "model_performance": 2.0618556701030926}