{"learning_rate": 0.07438801056867039, "net_arch": {"pi": [2960, 1606, 3702, 2727, 2200, 3740], "vf": [3211, 3368, 2319, 2986, 1979, 1190, 3044]}, "net_arch_dqn": [1088, 3258, 2839, 2020], "batch_size": 64, "model_name": "model-1709700235", "map_size": [10, 10], "reset": 129, "box_near_goal": 0.817619887123964, "box_close_goal": 0.007484187121352459, "box_move_reward": 0.006055869834925565, "box_goal_reward": 0.19283773905525758, "box_player_reward": 0.17402654621328617, "final_player_reward": 0.3742762847506311, "preform_step": -0.36597136133282837, "win_reward": 194, "invalid_move_reward": -3.5993307978024633, "no_win_reward": -1.9123427969123263, "model_type": "DQN", "policy": "MlpPolicy", "folder_path_for_models": "models-tone-complex-2", "complex_map": true, "max_invalid_move_reset": 17.36791266114205, "model_performance": 1.0309278350515463}