{"learning_rate": 0.004339516031149254, "net_arch": {"pi": [534, 386], "vf": [981, 83, 586, 709, 718, 323, 436]}, "net_arch_dqn": [867, 293, 931, 679, 891, 400], "batch_size": 32, "model_name": "model-1709683810", "map_size": [10, 10], "reset": 180, "box_near_goal": 0.4304324671895139, "box_close_goal": 0.016996998939569297, "box_move_reward": -0.6758121672010102, "box_goal_reward": 0.9619564506555449, "box_player_reward": 0.1413956654201738, "final_player_reward": -0.6458889934880006, "preform_step": -0.265662165319688, "win_reward": 85, "invalid_move_reward": -5.476973940505374, "no_win_reward": -3.966164025345167, "model_type": "DQN", "policy": "MlpPolicy", "folder_path_for_models": "models-tone-complex-2", "complex_map": true, "max_invalid_move_reset": 24.620681657425042, "model_performance": 0}