{"learning_rate": 0.0734473572160738, "net_arch": {"pi": [3379, 2058, 1415, 3833, 1691, 792, 780], "vf": [759, 2778, 1133, 1164, 2246]}, "net_arch_dqn": [2116, 1036, 3805, 3889, 3867], "batch_size": 2048, "model_name": "model-1709698246", "map_size": [10, 10], "reset": 86, "box_near_goal": 0.6946434685002102, "box_close_goal": 0.13167367736227853, "box_move_reward": -0.6937783787016891, "box_goal_reward": -0.5073932455936543, "box_player_reward": 0.7503340521009347, "final_player_reward": 0.6948933697960196, "preform_step": 0.6784450241097879, "win_reward": 100, "invalid_move_reward": -2.8734565255584155, "no_win_reward": -0.8030008187358177, "model_type": "DQN", "policy": "MlpPolicy", "folder_path_for_models": "models-tone-complex-2", "complex_map": false, "max_invalid_move_reset": 8.817224266241267, "model_performance": 1.0309278350515463}