{"learning_rate": 0.04045060524219003, "net_arch": {"pi": [2703, 2770, 4052, 1938, 3349, 2806, 842, 1637], "vf": [1678, 726, 2251, 1182]}, "net_arch_dqn": [1381, 2589, 2264, 2159], "batch_size": 128, "model_name": "model-1709702051", "map_size": [10, 10], "reset": 81, "box_near_goal": 0.899084408807636, "box_close_goal": 0.7830354619961319, "box_move_reward": -0.6961088147892502, "box_goal_reward": 0.7067157184562658, "box_player_reward": -0.2326767892803583, "final_player_reward": -0.9771296945188652, "preform_step": 0.5419387415852177, "win_reward": 132, "invalid_move_reward": -5.160511159632489, "no_win_reward": -1.9264554987247042, "model_type": "DQN", "policy": "MlpPolicy", "folder_path_for_models": "models-tone-complex-2", "complex_map": false, "max_invalid_move_reset": 18.144951784706592, "model_performance": 2.0618556701030926}