{"learning_rate": 0.028837893611470586, "net_arch": {"pi": [3363, 3019, 1572], "vf": [656, 1321, 1033]}, "net_arch_dqn": [3391, 3610, 1885, 3237], "batch_size": 128, "model_name": "model-1709697011", "map_size": [10, 10], "reset": 92, "box_near_goal": 0.5378961266815957, "box_close_goal": 0.358526687139892, "box_move_reward": 0.631305817646278, "box_goal_reward": 0.501084726219899, "box_player_reward": -0.183697047677279, "final_player_reward": -0.5733945326891827, "preform_step": -0.4481019718391357, "win_reward": 185, "invalid_move_reward": -2.7309910979885057, "no_win_reward": -0.3714500953144011, "model_type": "PPO", "policy": "MlpPolicy", "folder_path_for_models": "models-tone-complex-2", "complex_map": false, "max_invalid_move_reset": 9.016210128467039, "model_performance": 0}