{"learning_rate": 0.07477748923802063, "net_arch": {"pi": [141, 940, 865, 449], "vf": [1004, 543, 774, 888, 144, 869]}, "net_arch_dqn": [184, 687, 937, 620, 393, 677, 200], "batch_size": 256, "model_name": "model-1709680747", "map_size": [10, 10], "reset": 82, "box_near_goal": 0.8195680216047287, "box_close_goal": 0.9540957328539029, "box_move_reward": 0.1898279098233655, "box_goal_reward": -0.2941906216300354, "box_player_reward": 0.7739546064000971, "final_player_reward": -0.7424748326233093, "preform_step": 0.05348023565390436, "win_reward": 124, "invalid_move_reward": -18.45219786164385, "no_win_reward": -2.908613839787958, "model_type": "DQN", "policy": "MlpPolicy", "folder_path_for_models": "models-tone-complex-2", "complex_map": true, "max_invalid_move_reset": 22.291408255202295, "model_performance": 1.0309278350515463}