{"learning_rate": 0.045371480465046465, "net_arch": {"pi": [2689, 1307, 3941, 1572], "vf": [2166, 1375, 3559, 2416]}, "net_arch_dqn": [2836, 1657, 1592, 850, 2869], "batch_size": 64, "model_name": "model-1709703805", "map_size": [10, 10], "reset": 122, "box_near_goal": 0.6536291503180246, "box_close_goal": 0.8461481266244115, "box_move_reward": 0.58092200317609, "box_goal_reward": -0.4959685980961799, "box_player_reward": -0.019769526253813563, "final_player_reward": 0.6390417049121133, "preform_step": -0.3293236678633058, "win_reward": 186, "invalid_move_reward": -9.054316460363582, "no_win_reward": -0.36814878156509545, "model_type": "DQN", "policy": "MlpPolicy", "folder_path_for_models": "models-tone-complex-2", "complex_map": false, "max_invalid_move_reset": 6.412020248694202, "model_performance": 1.0309278350515463}