{"learning_rate": 0.03978377908773929, "net_arch": {"pi": [2497, 1084, 3011], "vf": [3134, 769, 2967]}, "net_arch_dqn": [1591, 1725, 1815, 4014, 3544], "batch_size": 2048, "model_name": "model-1709698682", "map_size": [10, 10], "reset": 94, "box_near_goal": 0.1961810025125782, "box_close_goal": 0.18918493759321786, "box_move_reward": -0.9109358092561688, "box_goal_reward": 0.25023056542794575, "box_player_reward": 0.5113137363970246, "final_player_reward": -0.5812024222675438, "preform_step": 0.9522738662605486, "win_reward": 55, "invalid_move_reward": -4.300875256266957, "no_win_reward": -2.3178291795724184, "model_type": "DQN", "policy": "MlpPolicy", "folder_path_for_models": "models-tone-complex-2", "complex_map": false, "max_invalid_move_reset": 5.489614100635118, "model_performance": 1.0309278350515463}