{"learning_rate": 0.06567117679245464, "net_arch": {"pi": [905, 557, 620, 518, 773, 368], "vf": [260, 905, 807, 624, 606]}, "net_arch_dqn": [338], "batch_size": 256, "model_name": "model-1709683507", "map_size": [10, 10], "reset": 187, "box_near_goal": 0.256691756778079, "box_close_goal": 0.23448100639849379, "box_move_reward": 0.07219464999253078, "box_goal_reward": 0.4177265781171806, "box_player_reward": -0.9797773118510882, "final_player_reward": 0.07536069540323131, "preform_step": 0.47864020652538497, "win_reward": 75, "invalid_move_reward": -11.20726490346912, "no_win_reward": -1.7296928512788767, "model_type": "DQN", "policy": "MlpPolicy", "folder_path_for_models": "models-tone-complex-2", "complex_map": true, "max_invalid_move_reset": 10.987249218707735, "model_performance": 2.0618556701030926}