{"learning_rate": 0.028530645276504608, "net_arch": {"pi": [4065, 1192, 3106, 4005], "vf": [1747, 2010, 4033, 3707, 2075]}, "net_arch_dqn": [2467, 3022, 1182, 1668], "batch_size": 512, "model_name": "model-1709700590", "map_size": [10, 10], "reset": 164, "box_near_goal": 0.7639344997545553, "box_close_goal": 0.3976520099478964, "box_move_reward": -0.8375089227795038, "box_goal_reward": 0.8074442198354845, "box_player_reward": 0.058308347137903116, "final_player_reward": 0.24314003576875232, "preform_step": -0.4469848623997499, "win_reward": 60, "invalid_move_reward": -7.4392142710980504, "no_win_reward": -0.7506648202469148, "model_type": "DQN", "policy": "MlpPolicy", "folder_path_for_models": "models-tone-complex-2", "complex_map": false, "max_invalid_move_reset": 14.404741598714162, "model_performance": 3.092783505154639}