{"learning_rate": 0.0944595711336449, "net_arch": {"pi": [861, 978], "vf": [299, 69, 831]}, "net_arch_dqn": [940, 373, 504, 783, 738], "batch_size": 256, "model_name": "model-1709682400", "map_size": [10, 10], "reset": 66, "box_near_goal": 0.039317704343922566, "box_close_goal": 0.29883107313960566, "box_move_reward": -0.93270911661039, "box_goal_reward": -0.8426431568898376, "box_player_reward": -0.9531451988454216, "final_player_reward": -0.2258061675215719, "preform_step": -0.07824468192274825, "win_reward": 184, "invalid_move_reward": -15.173759586623948, "no_win_reward": -1.6670835169344906, "model_type": "DQN", "policy": "MlpPolicy", "folder_path_for_models": "models-tone-complex-2", "complex_map": false, "max_invalid_move_reset": 17.552931411584293, "model_performance": 1.0309278350515463}