{"learning_rate": 0.06865054617275355, "net_arch": {"pi": [2484, 3503, 2892], "vf": [1434, 747, 2258, 1446, 3830]}, "net_arch_dqn": [1690, 2242, 2471, 1184, 2821], "batch_size": 256, "model_name": "model-1709705286", "map_size": [10, 10], "reset": 166, "box_near_goal": 0.11328029291642616, "box_close_goal": 0.8992277293224458, "box_move_reward": -0.8798966009545699, "box_goal_reward": 0.08312683856912106, "box_player_reward": 0.29116965623576685, "final_player_reward": 0.03724091703555743, "preform_step": 0.6762946056724488, "win_reward": 141, "invalid_move_reward": -9.163324156518742, "no_win_reward": -0.19953935541488121, "model_type": "DQN", "policy": "MlpPolicy", "folder_path_for_models": "models-tone-complex-2", "complex_map": false, "max_invalid_move_reset": 9.284441731543009, "model_performance": 1.0309278350515463}