{"learning_rate": 0.03136115109394722, "net_arch": {"pi": [1622, 3720, 1517], "vf": [3245, 1435, 3843, 2370]}, "net_arch_dqn": [853, 616, 2162, 2697, 2264, 1521, 1489], "batch_size": 128, "model_name": "model-1709692425", "map_size": [10, 10], "reset": 169, "box_near_goal": 0.38842155116781296, "box_close_goal": 0.08811985852350057, "box_move_reward": 0.10708141518757386, "box_goal_reward": -0.010908231066533602, "box_player_reward": 0.9797852455747977, "final_player_reward": -0.36208219133294683, "preform_step": 0.33677263189018736, "win_reward": 154, "invalid_move_reward": -1.8931272042652978, "no_win_reward": -1.505240326902302, "model_type": "PPO", "policy": "MlpPolicy", "folder_path_for_models": "models-tone-complex-2", "complex_map": false, "max_invalid_move_reset": 10.421651049254407, "model_performance": 0}