{"learning_rate": 0.05398755631816417, "net_arch": {"pi": [664, 487, 274, 583], "vf": [502, 538, 959, 127, 413]}, "net_arch_dqn": [996, 572], "batch_size": 32, "model_name": "model-1709679549", "map_size": [10, 10], "reset": 135, "box_near_goal": 0.5529929907779296, "box_close_goal": 0.3712442530114889, "box_move_reward": -0.48468677208810407, "box_goal_reward": 0.5460282871382407, "box_player_reward": 0.21885892359077763, "final_player_reward": -0.6644860649971529, "preform_step": -0.11809683586458353, "win_reward": 155, "invalid_move_reward": -3.7581624233625845, "no_win_reward": -4.145617574995397, "model_type": "PPO", "policy": "MlpPolicy", "folder_path_for_models": "models-tone-complex-2", "complex_map": false, "max_invalid_move_reset": 12.01694689283378, "model_performance": 0}