{"learning_rate": 0.016593261465354805, "net_arch": {"pi": [3624, 2051, 2436], "vf": [788, 3072, 580, 954, 4051]}, "net_arch_dqn": [1568, 2441, 2993], "batch_size": 128, "model_name": "model-1709686110", "map_size": [10, 10], "reset": 120, "box_near_goal": 0.37043468901796084, "box_close_goal": 0.6317758652929579, "box_move_reward": 0.3570674721592051, "box_goal_reward": -0.14609037070862207, "box_player_reward": -0.1878255556893007, "final_player_reward": 0.4892175696701635, "preform_step": 0.027160239060532332, "win_reward": 119, "invalid_move_reward": -4.9554957336513255, "no_win_reward": -1.9144394022901732, "model_type": "PPO", "policy": "MlpPolicy", "folder_path_for_models": "models-tone-complex-2", "complex_map": true, "max_invalid_move_reset": 5.157859174896616, "model_performance": 3.092783505154639}