{"learning_rate": 0.0341800152890383, "net_arch": {"pi": [1034, 1184, 787], "vf": [3114, 2699, 2553]}, "net_arch_dqn": [3810, 2892, 2113, 655], "batch_size": 32, "model_name": "model-1709697393", "map_size": [10, 10], "reset": 140, "box_near_goal": 0.7278746341396927, "box_close_goal": 0.5876294685253707, "box_move_reward": -0.6206955586551686, "box_goal_reward": -0.12215752492057486, "box_player_reward": -0.28852398985508865, "final_player_reward": 0.6379054194873268, "preform_step": -0.020436747398969057, "win_reward": 152, "invalid_move_reward": -5.274366877379531, "no_win_reward": -0.4548955716027425, "model_type": "PPO", "policy": "MlpPolicy", "folder_path_for_models": "models-tone-complex-2", "complex_map": true, "max_invalid_move_reset": 11.368289289848779, "model_performance": 0}