{"learning_rate": 0.03841395541431178, "net_arch": {"pi": [1096, 3132, 1467, 1230, 1116, 2799, 2670], "vf": [2132, 2973, 3662, 1660]}, "net_arch_dqn": [1214, 3965, 1703, 3900, 2103], "batch_size": 2048, "model_name": "model-1709731918", "map_size": [10, 10], "reset": 143, "box_near_goal": 0.31352702949439726, "box_close_goal": 0.9620127806057408, "box_move_reward": 0.054631704691471716, "box_goal_reward": -0.5768029010489435, "box_player_reward": 0.07922602084765717, "final_player_reward": -0.4326353232574587, "preform_step": -0.5612883673489633, "win_reward": 175, "invalid_move_reward": -0.11737967871968102, "no_win_reward": -0.04172480474314, "model_type": "PPO", "policy": "MlpPolicy", "folder_path_for_models": "models-tone-complex-2", "complex_map": false, "max_invalid_move_reset": 13.559100236640798, "model_performance": 3.092783505154639}