{"learning_rate": 0.037378541798017285, "net_arch": {"pi": [2935, 1884, 3852, 1791, 2434], "vf": [3486, 3191, 650, 839]}, "net_arch_dqn": [3248, 3001, 2132, 1618, 3921], "batch_size": 1024, "model_name": "model-1709695067", "map_size": [10, 10], "reset": 135, "box_near_goal": 0.1775538446385021, "box_close_goal": 0.20107910419137742, "box_move_reward": 0.000716575317279311, "box_goal_reward": -0.725026437232839, "box_player_reward": 0.08028276827561576, "final_player_reward": 0.34448800720818173, "preform_step": -0.0701796546636193, "win_reward": 53, "invalid_move_reward": -4.746849215183148, "no_win_reward": -1.283480373446142, "model_type": "PPO", "policy": "MlpPolicy", "folder_path_for_models": "models-tone-complex-2", "complex_map": true, "max_invalid_move_reset": 9.372775782867889, "model_performance": 0}