{"learning_rate": 0.07186108666757468, "net_arch": {"pi": [3836, 1699, 2740, 1814, 2949, 3560, 1463], "vf": [3297, 2706, 1155, 2183, 1104, 1436, 3182]}, "net_arch_dqn": [1047, 3663, 2436, 3599, 1780, 3180], "batch_size": 256, "model_name": "model-1709688346", "map_size": [10, 10], "reset": 119, "box_near_goal": 0.40364032541645234, "box_close_goal": 0.6813745221927323, "box_move_reward": 0.044235799734335224, "box_goal_reward": -0.752215374039072, "box_player_reward": 0.23893207472973188, "final_player_reward": 0.4324955105355779, "preform_step": -0.4610410361729058, "win_reward": 91, "invalid_move_reward": -0.07353675177931507, "no_win_reward": -1.2305382122851167, "model_type": "PPO", "policy": "MlpPolicy", "folder_path_for_models": "models-tone-complex-2", "complex_map": true, "max_invalid_move_reset": 18.886840527466003, "model_performance": 0}