{"learning_rate": 0.08635430409566043, "net_arch": {"pi": [1370, 3303, 3151, 2295], "vf": [3789, 1810, 3839, 2834, 2005, 3916, 1029]}, "net_arch_dqn": [1725, 3960, 1047], "batch_size": 1024, "model_name": "model-1709688311", "map_size": [10, 10], "reset": 123, "box_near_goal": 0.5238032422948918, "box_close_goal": 0.879329008632777, "box_move_reward": -0.09659923526886094, "box_goal_reward": 0.11998801541186621, "box_player_reward": -0.12266163659706386, "final_player_reward": -0.43260312202896456, "preform_step": 0.77535803785397, "win_reward": 105, "invalid_move_reward": -8.638718936742842, "no_win_reward": -2.2711334889891672, "model_type": "PPO", "policy": "MlpPolicy", "folder_path_for_models": "models-tone-complex-2", "complex_map": true, "max_invalid_move_reset": 16.08420087221853, "model_performance": 0}