{"learning_rate": 0.08121807684167506, "net_arch": {"pi": [3706, 4076, 1217, 1368, 1914, 3829], "vf": [3333, 2085, 2617, 3539, 1853, 1219, 3455]}, "net_arch_dqn": [3991, 1985, 3033, 1297, 3898, 1299, 1818], "batch_size": 128, "model_name": "model-1709701383", "map_size": [10, 10], "reset": 88, "box_near_goal": 0.15125743292893234, "box_close_goal": 0.2812666103365987, "box_move_reward": 0.33260585157191414, "box_goal_reward": 0.16440804966652567, "box_player_reward": 0.20560318138392297, "final_player_reward": 0.3113796097758641, "preform_step": -0.30064429702115647, "win_reward": 186, "invalid_move_reward": -7.0726654265581645, "no_win_reward": -1.4896151341299921, "model_type": "DQN", "policy": "MlpPolicy", "folder_path_for_models": "models-tone-complex-2", "complex_map": false, "max_invalid_move_reset": 7.315901777019474, "model_performance": 2.0618556701030926}