{"learning_rate": 0.0501468882255493, "net_arch": {"pi": [3655, 3383, 1237, 2524, 2997], "vf": [2521, 4090, 3365, 1048, 1078, 2195]}, "net_arch_dqn": [2857, 2482, 3893, 3142], "batch_size": 64, "model_name": "model-1709731933", "map_size": [10, 10], "reset": 69, "box_near_goal": 0.566023310780468, "box_close_goal": 0.4681406230940197, "box_move_reward": 0.30514720744396295, "box_goal_reward": -0.5230028451164221, "box_player_reward": 0.37657767692237365, "final_player_reward": 0.9684815431816429, "preform_step": -0.9619864950412089, "win_reward": 89, "invalid_move_reward": -0.9333125245843163, "no_win_reward": -0.296751936036991, "model_type": "PPO", "policy": "MlpPolicy", "folder_path_for_models": "models-tone-complex-2", "complex_map": true, "max_invalid_move_reset": 14.357501428713032, "model_performance": 3.092783505154639}