{"learning_rate": 0.03717236337083649, "net_arch": {"pi": [198, 1008, 100, 173, 135, 1012], "vf": [787, 235, 285]}, "net_arch_dqn": [752, 542, 682, 1013, 270], "batch_size": 256, "model_name": "model-1709681546", "map_size": [10, 10], "reset": 65, "box_near_goal": 0.828317593201784, "box_close_goal": 0.7331917582806292, "box_move_reward": 0.6735276327832362, "box_goal_reward": 0.42813617529197123, "box_player_reward": 0.2380579891171266, "final_player_reward": 0.37996645483097913, "preform_step": -0.5373860501311969, "win_reward": 104, "invalid_move_reward": -18.590074680879983, "no_win_reward": -0.5729818897775747, "model_type": "DQN", "policy": "MlpPolicy", "folder_path_for_models": "models-tone-complex-2", "complex_map": true, "max_invalid_move_reset": 17.69351113006134, "model_performance": 2.0618556701030926}