{"learning_rate": 0.06698828528188253, "net_arch": {"pi": [461, 843, 413, 420], "vf": [541, 411, 299, 222, 641]}, "net_arch_dqn": [359, 645, 1017, 384], "batch_size": 64, "model_name": "model-1709683924", "map_size": [10, 10], "reset": 177, "box_near_goal": 0.38976424779699803, "box_close_goal": 0.6002285287462834, "box_move_reward": -0.8941431450235233, "box_goal_reward": 0.12819927569703626, "box_player_reward": 0.7725812459550947, "final_player_reward": 0.7514304512939822, "preform_step": -0.1595697474050921, "win_reward": 116, "invalid_move_reward": -16.213466179093533, "no_win_reward": -2.5513001114343603, "model_type": "DQN", "policy": "MlpPolicy", "folder_path_for_models": "models-tone-complex-2", "complex_map": false, "max_invalid_move_reset": 17.25947909267638, "model_performance": 2.0618556701030926}