{"learning_rate": 0.09753221273949009, "net_arch": {"pi": [3116, 3903, 2008, 1656], "vf": [3527, 3354, 4078, 2765]}, "net_arch_dqn": [1830, 1954, 1301, 1864], "batch_size": 128, "model_name": "model-1709689905", "map_size": [10, 10], "reset": 130, "box_near_goal": 0.8678299361836599, "box_close_goal": 0.6172088919459306, "box_move_reward": 0.17720172835315862, "box_goal_reward": -0.9799725160014283, "box_player_reward": 0.8495013731303902, "final_player_reward": 0.886112108170866, "preform_step": 0.3588761917249679, "win_reward": 196, "invalid_move_reward": -9.144466373211843, "no_win_reward": -0.4979233008921171, "model_type": "PPO", "policy": "MlpPolicy", "folder_path_for_models": "models-tone-complex-2", "complex_map": true, "max_invalid_move_reset": 11.25651332219909, "model_performance": 0}