{"learning_rate": 0.023758666187901543, "net_arch": {"pi": [225, 487, 770, 489, 208, 310], "vf": [292]}, "net_arch_dqn": [371, 294], "batch_size": 128, "model_name": "model-1709679551", "map_size": [10, 10], "reset": 198, "box_near_goal": 0.034740534284993685, "box_close_goal": 0.7324184647941676, "box_move_reward": -0.870176730895909, "box_goal_reward": 0.11994272877917855, "box_player_reward": 0.45902937380311926, "final_player_reward": 0.4593628656821065, "preform_step": 0.7944723942977441, "win_reward": 127, "invalid_move_reward": -8.0944481474236, "no_win_reward": -3.757069538327042, "model_type": "DQN", "policy": "MlpPolicy", "folder_path_for_models": "models-tone-complex-2", "complex_map": true, "max_invalid_move_reset": 6.577404794636047, "model_performance": 2.0618556701030926}