{"learning_rate": 0.07293344999412427, "net_arch": {"pi": [1764, 3126, 902, 866], "vf": [815, 3328, 3355, 2096]}, "net_arch_dqn": [3339, 921, 1289, 1750], "batch_size": 32, "model_name": "model-1709692644", "map_size": [10, 10], "reset": 184, "box_near_goal": 0.11161773975685296, "box_close_goal": 0.2887069493973634, "box_move_reward": -0.9293210425832015, "box_goal_reward": -0.7078840211385802, "box_player_reward": -0.15820914198970049, "final_player_reward": -0.09110921559507634, "preform_step": 0.11018314678287355, "win_reward": 182, "invalid_move_reward": -7.0173437787225765, "no_win_reward": -1.3490964369689882, "model_type": "PPO", "policy": "MlpPolicy", "folder_path_for_models": "models-tone-complex-2", "complex_map": true, "max_invalid_move_reset": 15.782983220383768, "model_performance": 2.0618556701030926}