{"learning_rate": 0.046573534505135544, "net_arch": {"pi": [3114, 1735, 1016], "vf": [2583, 3283, 2836, 3449, 2380, 1467]}, "net_arch_dqn": [1865, 3302, 1417, 2499], "batch_size": 128, "model_name": "model-1709686726", "map_size": [10, 10], "reset": 81, "box_near_goal": 0.1483680034391407, "box_close_goal": 0.876788031496867, "box_move_reward": 0.5738931076814429, "box_goal_reward": -0.08168459491394442, "box_player_reward": 0.6771362671657548, "final_player_reward": 0.14570998212072772, "preform_step": 0.7293958108803513, "win_reward": 82, "invalid_move_reward": -1.3171873668894598, "no_win_reward": -0.3817425940293693, "model_type": "PPO", "policy": "MlpPolicy", "folder_path_for_models": "models-tone-complex-2", "complex_map": true, "max_invalid_move_reset": 19.754607961071684, "model_performance": 0}