{"learning_rate": 0.021498681005236983, "net_arch": {"pi": [2190, 1115, 3498, 3502], "vf": [3808, 1566, 1591]}, "net_arch_dqn": [3595, 760, 2586], "batch_size": 128, "model_name": "model-1709689221", "map_size": [10, 10], "reset": 149, "box_near_goal": 0.12268133681193483, "box_close_goal": 0.7518540923765457, "box_move_reward": 0.15106650896279317, "box_goal_reward": -0.8944199099926091, "box_player_reward": -0.6399220063757771, "final_player_reward": -0.3740910673359701, "preform_step": 0.12079542187054804, "win_reward": 108, "invalid_move_reward": -3.8946771081500406, "no_win_reward": -0.342972933685588, "model_type": "DQN", "policy": "MlpPolicy", "folder_path_for_models": "models-tone-complex-2", "complex_map": true, "max_invalid_move_reset": 8.26039436208141, "model_performance": 0}