{"learning_rate": 0.013591383721837415, "net_arch": {"pi": [678, 3954, 1318], "vf": [1946, 3475, 3295, 2421]}, "net_arch_dqn": [2631, 2390, 1573, 798, 2040], "batch_size": 128, "model_name": "model-1709691639", "map_size": [10, 10], "reset": 107, "box_near_goal": 0.6645285663959651, "box_close_goal": 0.8830044947766045, "box_move_reward": -0.3775334245286597, "box_goal_reward": -0.6315182603486835, "box_player_reward": -0.4934183781748873, "final_player_reward": -0.12105123055828848, "preform_step": 0.6843871459767481, "win_reward": 186, "invalid_move_reward": -0.9458021959176719, "no_win_reward": -1.877864357867958, "model_type": "DQN", "policy": "MlpPolicy", "folder_path_for_models": "models-tone-complex-2", "complex_map": false, "max_invalid_move_reset": 18.43715852094502, "model_performance": 3.092783505154639}