{"learning_rate": 0.04132422563681077, "net_arch": {"pi": [566, 687], "vf": [996, 403, 419, 215]}, "net_arch_dqn": [315, 810, 973, 743, 1015, 312], "batch_size": 128, "model_name": "model-1709680044", "map_size": [10, 10], "reset": 157, "box_near_goal": 0.2956787776926725, "box_close_goal": 0.9567582182362924, "box_move_reward": 0.9264086463302683, "box_goal_reward": -0.8504270426816387, "box_player_reward": -0.9146267104368546, "final_player_reward": 0.38928316738549795, "preform_step": -0.7676243674153762, "win_reward": 80, "invalid_move_reward": -13.307897697481225, "no_win_reward": -3.6656676439022924, "model_type": "PPO", "policy": "MlpPolicy", "folder_path_for_models": "models-tone-complex-2", "complex_map": true, "max_invalid_move_reset": 24.697598408158843, "model_performance": 0}