{"learning_rate": 0.0015471343385831662, "net_arch": {"pi": [3368, 2736, 2258, 3319], "vf": [3119, 1153, 3320, 3345, 2778, 3824]}, "net_arch_dqn": [2811, 1117, 3122, 1216], "batch_size": 1024, "model_name": "model-1709694462", "map_size": [10, 10], "reset": 54, "box_near_goal": 0.25159928712792246, "box_close_goal": 0.7036980538483779, "box_move_reward": 0.5599983102849304, "box_goal_reward": 0.5761183616219159, "box_player_reward": -0.1144440347394009, "final_player_reward": 0.1444401146914409, "preform_step": 0.05017939451845055, "win_reward": 184, "invalid_move_reward": -2.8115594477084045, "no_win_reward": -1.0348556689425756, "model_type": "DQN", "policy": "MlpPolicy", "folder_path_for_models": "models-tone-complex-2", "complex_map": true, "max_invalid_move_reset": 11.584259984815956, "model_performance": 2.272727272727273}