{"learning_rate": 0.0434522160907205, "net_arch": {"pi": [1752, 1659, 1587, 3550], "vf": [725, 1701, 1258]}, "net_arch_dqn": [2940, 3535, 3830, 2825, 3228, 651, 2835, 3858], "batch_size": 512, "model_name": "model-1709686885", "map_size": [10, 10], "reset": 72, "box_near_goal": 0.25930104402350407, "box_close_goal": 0.014505530480012019, "box_move_reward": -0.38742672826458735, "box_goal_reward": 0.3702936708163578, "box_player_reward": -0.053464380872488615, "final_player_reward": -0.20945833778091583, "preform_step": -0.38261396774022227, "win_reward": 63, "invalid_move_reward": -9.509347673697983, "no_win_reward": -0.10703003549937673, "model_type": "PPO", "policy": "MlpPolicy", "folder_path_for_models": "models-tone-complex-2", "complex_map": true, "max_invalid_move_reset": 18.22932632860939, "model_performance": 0}