{"learning_rate": 0.05994845497747095, "net_arch": {"pi": [3612, 1919, 3791, 2334], "vf": [1341, 2511, 2092, 2525, 3495]}, "net_arch_dqn": [1878, 1960, 1131, 3021, 4029, 1328], "batch_size": 2048, "model_name": "model-1709734354", "map_size": [10, 10], "reset": 81, "box_near_goal": 0.01367444266085771, "box_close_goal": 0.14787409011134756, "box_move_reward": 0.06481547312679847, "box_goal_reward": 0.3770861867572086, "box_player_reward": 0.4233750982584752, "final_player_reward": 0.9833982399587533, "preform_step": 0.25449416782169876, "win_reward": 132, "invalid_move_reward": -2.0374886824191583, "no_win_reward": -0.5821942953659804, "model_type": "DQN", "policy": "MlpPolicy", "folder_path_for_models": "models-tone-complex-2", "complex_map": true, "max_invalid_move_reset": 9.270933541472445, "model_performance": 1.0309278350515463}