{"learning_rate": 0.07613646304517956, "net_arch": {"pi": [979, 489, 666, 191, 797, 64], "vf": [127]}, "net_arch_dqn": [599, 190, 262, 438, 754], "batch_size": 32, "model_name": "model-1709681548", "map_size": [10, 10], "reset": 71, "box_near_goal": 0.3302537096967262, "box_close_goal": 0.058877750987487376, "box_move_reward": -0.14595475073125885, "box_goal_reward": -0.9618545200563102, "box_player_reward": 0.8539182894224262, "final_player_reward": -0.6703471903270815, "preform_step": -0.6672581339550181, "win_reward": 151, "invalid_move_reward": -8.115676120262945, "no_win_reward": -1.7317903446191147, "model_type": "PPO", "policy": "MlpPolicy", "folder_path_for_models": "models-tone-complex-2", "complex_map": false, "max_invalid_move_reset": 29.17717807617614, "model_performance": 0}