{"learning_rate": 0.012391891484066176, "net_arch": {"pi": [1905, 4059, 2484, 3838], "vf": [1237, 2261, 1997]}, "net_arch_dqn": [4065, 1425, 3074, 3599, 566, 1423, 1875, 529], "batch_size": 2048, "model_name": "model-1709700771", "map_size": [10, 10], "reset": 143, "box_near_goal": 0.46630638195413043, "box_close_goal": 0.13836755420641056, "box_move_reward": 0.941532385213113, "box_goal_reward": -0.46070124472753693, "box_player_reward": 0.8360347260684202, "final_player_reward": -0.8986747124366021, "preform_step": 0.31314749897563177, "win_reward": 161, "invalid_move_reward": -5.136457868923509, "no_win_reward": -1.4545405604673043, "model_type": "PPO", "policy": "MlpPolicy", "folder_path_for_models": "models-tone-complex-2", "complex_map": false, "max_invalid_move_reset": 14.495632744232816, "model_performance": 3.092783505154639}