{"learning_rate": 0.03734121996241595, "net_arch": {"pi": [1079, 2474, 2034, 3188, 2868], "vf": [1357, 3664, 2736, 2288, 2834, 3531]}, "net_arch_dqn": [3964, 3736, 1945, 3704, 1547, 2101, 3854], "batch_size": 1024, "model_name": "model-1709695653", "map_size": [10, 10], "reset": 192, "box_near_goal": 0.7506329567737832, "box_close_goal": 0.5787187176426045, "box_move_reward": -0.961097081396995, "box_goal_reward": -0.6856834653292245, "box_player_reward": -0.09738689569942971, "final_player_reward": -0.1015951923814169, "preform_step": 0.7969247023378694, "win_reward": 124, "invalid_move_reward": -9.864684776248948, "no_win_reward": -0.0933527691387055, "model_type": "DQN", "policy": "MlpPolicy", "folder_path_for_models": "models-tone-complex-2", "complex_map": true, "max_invalid_move_reset": 15.99567779907381, "model_performance": 2.0618556701030926}