{"learning_rate": 0.07707620041860981, "net_arch": {"pi": [1555, 3906, 838, 3298, 3217], "vf": [2568, 1608, 3589]}, "net_arch_dqn": [1806, 1435, 2807], "batch_size": 128, "model_name": "model-1709691527", "map_size": [10, 10], "reset": 185, "box_near_goal": 0.8747251111795077, "box_close_goal": 0.06677405848199991, "box_move_reward": -0.917858339129136, "box_goal_reward": 0.6712173094789609, "box_player_reward": -0.7741007916418883, "final_player_reward": 0.9687307661060145, "preform_step": -0.7775369229115774, "win_reward": 148, "invalid_move_reward": -3.8326418587026714, "no_win_reward": -0.12181335547698247, "model_type": "DQN", "policy": "MlpPolicy", "folder_path_for_models": "models-tone-complex-2", "complex_map": false, "max_invalid_move_reset": 16.600180528742072, "model_performance": 2.0618556701030926}