{"learning_rate": 0.049673333504632815, "net_arch": {"pi": [2557, 3096, 1348, 3518], "vf": [2463, 2605, 678, 1854]}, "net_arch_dqn": [1566, 3177, 1201, 924, 3501], "batch_size": 64, "model_name": "model-1709702614", "map_size": [10, 10], "reset": 73, "box_near_goal": 0.5613088845976791, "box_close_goal": 0.9223423391362271, "box_move_reward": -0.8411618807095693, "box_goal_reward": -0.029869717239359383, "box_player_reward": -0.707602789568025, "final_player_reward": 0.9750098522435473, "preform_step": -0.6799959227339838, "win_reward": 138, "invalid_move_reward": -4.905439578035866, "no_win_reward": -2.0667998138632115, "model_type": "PPO", "policy": "MlpPolicy", "folder_path_for_models": "models-tone-complex-2", "complex_map": false, "max_invalid_move_reset": 18.84837493021803, "model_performance": 0}