{"learning_rate": 0.055988376193662606, "net_arch": {"pi": [3970, 3080, 1543], "vf": [3510, 1120, 3880]}, "net_arch_dqn": [1587, 2590, 2198, 3174], "batch_size": 64, "model_name": "model-1709690373", "map_size": [10, 10], "reset": 193, "box_near_goal": 0.44445320524468457, "box_close_goal": 0.7607918322906869, "box_move_reward": 0.7401821305394267, "box_goal_reward": 0.6372317032765327, "box_player_reward": -0.5313038815921574, "final_player_reward": -0.510404385571871, "preform_step": 0.297274571257667, "win_reward": 170, "invalid_move_reward": -2.945868073608267, "no_win_reward": -0.8335244146073224, "model_type": "PPO", "policy": "MlpPolicy", "folder_path_for_models": "models-tone-complex-2", "complex_map": true, "max_invalid_move_reset": 7.898266191201101, "model_performance": 0}