{"learning_rate": 0.03464028493062327, "net_arch": {"pi": [2488, 1381, 1589], "vf": [1763, 2224, 3779]}, "net_arch_dqn": [3420, 3664, 3512], "batch_size": 32, "model_name": "model-1709688329", "map_size": [10, 10], "reset": 194, "box_near_goal": 0.5191559234677665, "box_close_goal": 0.24424527900582127, "box_move_reward": -0.736326592361809, "box_goal_reward": 0.8542541313643153, "box_player_reward": -0.6144317724817276, "final_player_reward": -0.3468538225772948, "preform_step": 0.8039880581102199, "win_reward": 157, "invalid_move_reward": -6.1215620294169595, "no_win_reward": -2.0710973604510037, "model_type": "PPO", "policy": "MlpPolicy", "folder_path_for_models": "models-tone-complex-2", "complex_map": true, "max_invalid_move_reset": 5.16652668857284, "model_performance": 2.0618556701030926}