{"learning_rate": 0.025313203783768536, "net_arch": {"pi": [1425, 2654, 3872], "vf": [2891, 1096, 2635, 2193, 1269, 3242, 2428]}, "net_arch_dqn": [1781, 2890, 532], "batch_size": 64, "model_name": "model-1709689718", "map_size": [10, 10], "reset": 199, "box_near_goal": 0.09914893269103875, "box_close_goal": 0.08926483949345854, "box_move_reward": 0.6789687985514616, "box_goal_reward": 0.9600566720842125, "box_player_reward": 0.1587475209953042, "final_player_reward": -0.7086077198615679, "preform_step": 0.9031281110537803, "win_reward": 57, "invalid_move_reward": -2.394903944937975, "no_win_reward": -1.8783416028957372, "model_type": "PPO", "policy": "MlpPolicy", "folder_path_for_models": "models-tone-complex-2", "complex_map": false, "max_invalid_move_reset": 6.839124808342605, "model_performance": 0}