{"learning_rate": 0.06774590920099502, "net_arch": {"pi": [717, 479, 71], "vf": [983, 174]}, "net_arch_dqn": [841, 233, 531], "batch_size": 128, "model_name": "model-1709682577", "map_size": [10, 10], "reset": 164, "box_near_goal": 0.5918850382834365, "box_close_goal": 0.674428877737523, "box_move_reward": -0.4992679286084458, "box_goal_reward": 0.8758355761249639, "box_player_reward": 0.45455598665495756, "final_player_reward": 0.5410971381997103, "preform_step": -0.9958272614542858, "win_reward": 188, "invalid_move_reward": -17.045582708582995, "no_win_reward": -4.8045385107746466, "model_type": "PPO", "policy": "MlpPolicy", "folder_path_for_models": "models-tone-complex-2", "complex_map": true, "max_invalid_move_reset": 12.312969259915373, "model_performance": 0}