{"learning_rate": 0.06637575769667406, "net_arch": {"pi": [2756, 1156, 1118, 2286, 2477], "vf": [2971, 3271, 766]}, "net_arch_dqn": [3500, 2122, 2639, 3975, 1788], "batch_size": 256, "model_name": "model-1709692046", "map_size": [10, 10], "reset": 54, "box_near_goal": 0.6881567412115907, "box_close_goal": 0.7109887256471499, "box_move_reward": 0.6115209475236663, "box_goal_reward": 0.6211641637549417, "box_player_reward": -0.3620488154538273, "final_player_reward": 0.9066061479355658, "preform_step": -0.8602638397507758, "win_reward": 139, "invalid_move_reward": -6.262948911526079, "no_win_reward": -0.7861600606316688, "model_type": "DQN", "policy": "MlpPolicy", "folder_path_for_models": "models-tone-complex-2", "complex_map": false, "max_invalid_move_reset": 14.361517223744476, "model_performance": 1.0309278350515463}