{"learning_rate": 0.056021453125381655, "net_arch": {"pi": [848, 438, 282, 315, 653, 727, 621], "vf": [442, 872, 493, 307, 112, 857, 439]}, "net_arch_dqn": [713, 410, 903, 340, 921, 67, 126], "batch_size": 32, "model_name": "model-1709680060", "map_size": [10, 10], "reset": 89, "box_near_goal": 0.7296788574903669, "box_close_goal": 0.2797806758094694, "box_move_reward": -0.026269843214746125, "box_goal_reward": 0.35394106486650645, "box_player_reward": -0.5039081321995444, "final_player_reward": 0.7954531917235408, "preform_step": -0.6817072216248969, "win_reward": 76, "invalid_move_reward": -10.711981799242922, "no_win_reward": -2.1962227910502325, "model_type": "PPO", "policy": "MlpPolicy", "folder_path_for_models": "models-tone-complex-2", "complex_map": false, "max_invalid_move_reset": 5.240000131783594, "model_performance": 0}