{"learning_rate": 0.016622501624624482, "net_arch": {"pi": [3226, 2688, 2668, 2110, 3222], "vf": [3262, 1396, 3637, 3604, 633, 2383, 1883]}, "net_arch_dqn": [3621, 1886, 2550, 1965], "batch_size": 256, "model_name": "model-1709694013", "map_size": [10, 10], "reset": 59, "box_near_goal": 0.6611908091675593, "box_close_goal": 0.5023179935175343, "box_move_reward": 0.602833371508589, "box_goal_reward": -0.0949523768626459, "box_player_reward": -0.6099006213044973, "final_player_reward": 0.15093865309737553, "preform_step": 0.5530412228469954, "win_reward": 193, "invalid_move_reward": -2.8944605697923285, "no_win_reward": -0.8536798345869336, "model_type": "DQN", "policy": "MlpPolicy", "folder_path_for_models": "models-tone-complex-2", "complex_map": true, "max_invalid_move_reset": 17.475475839060234, "model_performance": 2.0618556701030926}