{"learning_rate": 0.07746930062276979, "net_arch": {"pi": [3773, 3821, 2488, 1755], "vf": [2957, 3303, 2164, 4089, 3250]}, "net_arch_dqn": [2729, 2168, 1176, 4000, 2947, 1338], "batch_size": 64, "model_name": "model-1709693406", "map_size": [10, 10], "reset": 135, "box_near_goal": 0.08903333300536087, "box_close_goal": 0.43873572000183425, "box_move_reward": 0.7689301865498424, "box_goal_reward": -0.32272768434616217, "box_player_reward": -0.7910747381571348, "final_player_reward": -0.9573419684665274, "preform_step": -0.015442889667633297, "win_reward": 197, "invalid_move_reward": -0.34993236416466367, "no_win_reward": -2.448126127805824, "model_type": "DQN", "policy": "MlpPolicy", "folder_path_for_models": "models-tone-complex-2", "complex_map": true, "max_invalid_move_reset": 14.408522419256352, "model_performance": 0}