{"learning_rate": 0.04519619591681648, "net_arch": {"pi": [1289, 1629, 2420, 2999, 1439], "vf": [3165, 2634, 1582, 2385, 2903, 1192]}, "net_arch_dqn": [3053, 3232, 2000, 1119, 2746], "batch_size": 64, "model_name": "model-1709691510", "map_size": [10, 10], "reset": 169, "box_near_goal": 0.3002525732702065, "box_close_goal": 0.060643925825227485, "box_move_reward": -0.9465715704679403, "box_goal_reward": 0.9066054960672041, "box_player_reward": -0.7187215488377892, "final_player_reward": 0.5174057386896673, "preform_step": 0.7021854575988478, "win_reward": 147, "invalid_move_reward": -9.321227432820063, "no_win_reward": -1.3168788511431733, "model_type": "PPO", "policy": "MlpPolicy", "folder_path_for_models": "models-tone-complex-2", "complex_map": true, "max_invalid_move_reset": 8.833699171641014, "model_performance": 0}