{"learning_rate": 0.09358693683037037, "net_arch": {"pi": [3203, 3111, 2694, 1218, 2380, 3104], "vf": [3213, 2923, 2027, 3994, 1753, 3376, 3911]}, "net_arch_dqn": [3283, 2039, 3098, 3777, 1541], "batch_size": 256, "model_name": "model-1709733102", "map_size": [10, 10], "reset": 120, "box_near_goal": 0.8669250213992419, "box_close_goal": 0.7411382211112642, "box_move_reward": -0.5836996136861232, "box_goal_reward": -0.7891287174979127, "box_player_reward": 0.028544721529487838, "final_player_reward": 0.7935289024546253, "preform_step": -0.29192862461126357, "win_reward": 157, "invalid_move_reward": -2.805047096022607, "no_win_reward": -1.536329009106806, "model_type": "PPO", "policy": "MlpPolicy", "folder_path_for_models": "models-tone-complex-2", "complex_map": true, "max_invalid_move_reset": 10.96869394408941, "model_performance": 0}