{"learning_rate": 0.06696006949988084, "net_arch": {"pi": [3570, 2716, 943, 3271, 3716], "vf": [3915, 3644, 2135, 3214, 3455]}, "net_arch_dqn": [2482, 707, 2763, 4066], "batch_size": 256, "model_name": "model-1709685147", "map_size": [10, 10], "reset": 135, "box_near_goal": 0.8711081768532539, "box_close_goal": 0.4931127852474365, "box_move_reward": 0.7393683441598955, "box_goal_reward": -0.17404802134656716, "box_player_reward": -0.2199837548513195, "final_player_reward": -0.4881879395644728, "preform_step": 0.07556138001985468, "win_reward": 144, "invalid_move_reward": -6.347827112253377, "no_win_reward": -1.531561417463001, "model_type": "DQN", "policy": "MlpPolicy", "folder_path_for_models": "models-tone-complex-2", "complex_map": false, "max_invalid_move_reset": 13.229804171900122, "model_performance": 3.092783505154639}