{"learning_rate": 0.01889131301338666, "net_arch": {"pi": [742], "vf": [732, 645]}, "net_arch_dqn": [285, 104, 888], "batch_size": 32, "model_name": "model-1709681395", "map_size": [10, 10], "reset": 165, "box_near_goal": 0.8624268740207763, "box_close_goal": 0.5255918372291866, "box_move_reward": -0.7779549403913162, "box_goal_reward": 0.9966160679464222, "box_player_reward": -0.6301287958759092, "final_player_reward": -0.44865240181459676, "preform_step": -0.8370711038033183, "win_reward": 188, "invalid_move_reward": -16.136531450822616, "no_win_reward": -0.011262849016628884, "model_type": "PPO", "policy": "MlpPolicy", "folder_path_for_models": "models-tone-complex-2", "complex_map": false, "max_invalid_move_reset": 21.706781108860703, "model_performance": 0}