{"learning_rate": 0.0538569262045212, "net_arch": {"pi": [3090, 723, 639, 2283], "vf": [3204, 2677, 2506, 2541]}, "net_arch_dqn": [1193, 3965, 3568], "batch_size": 1024, "model_name": "model-1709685191", "map_size": [10, 10], "reset": 199, "box_near_goal": 0.5374151528995567, "box_close_goal": 0.338009600679376, "box_move_reward": -0.8713984975083104, "box_goal_reward": 0.4664129466684168, "box_player_reward": 0.6517401220237637, "final_player_reward": 0.58767187194201, "preform_step": 0.3533217654139287, "win_reward": 136, "invalid_move_reward": -2.063681466578627, "no_win_reward": -1.349858888024845, "model_type": "PPO", "policy": "MlpPolicy", "folder_path_for_models": "models-tone-complex-2", "complex_map": false, "max_invalid_move_reset": 11.554519359069054, "model_performance": 1.0309278350515463}