{"learning_rate": 0.07919423515564776, "net_arch": {"pi": [2957, 2597, 1973, 2762, 1308], "vf": [2258, 2688, 2080, 3488, 2781, 1132, 1890]}, "net_arch_dqn": [2132, 2809, 3451, 2416, 3884, 3625], "batch_size": 1024, "model_name": "model-1709733661", "map_size": [10, 10], "reset": 156, "box_near_goal": 0.9537287979146952, "box_close_goal": 0.5555413063621989, "box_move_reward": 0.8589706290868424, "box_goal_reward": 0.8346543358290703, "box_player_reward": -0.6614173947362514, "final_player_reward": -0.40924898784815267, "preform_step": 0.46310916243646494, "win_reward": 118, "invalid_move_reward": -4.533089859407014, "no_win_reward": -1.1830309328923685, "model_type": "PPO", "policy": "MlpPolicy", "folder_path_for_models": "models-tone-complex-2", "complex_map": false, "max_invalid_move_reset": 13.57873991218397, "model_performance": 0}