{"learning_rate": 0.07792896700412971, "net_arch": {"pi": [3921, 3372, 2198, 1802, 2449, 3251], "vf": [2587, 3255, 3411, 3625, 2299, 3835]}, "net_arch_dqn": [1470, 2799, 1366, 1435, 1864, 4003, 3221], "batch_size": 128, "model_name": "model-1709686669", "map_size": [10, 10], "reset": 138, "box_near_goal": 0.3089821797994239, "box_close_goal": 0.0012078869640361756, "box_move_reward": 0.14558573925698104, "box_goal_reward": 0.9815511855782395, "box_player_reward": -0.7052254971761072, "final_player_reward": -0.9927646784155639, "preform_step": 0.21232016582992608, "win_reward": 190, "invalid_move_reward": -2.0168149579038968, "no_win_reward": -0.7949194654429894, "model_type": "PPO", "policy": "MlpPolicy", "folder_path_for_models": "models-tone-complex-2", "complex_map": true, "max_invalid_move_reset": 16.483952815305546, "model_performance": 0}