{"learning_rate": 0.04960180079109755, "net_arch": {"pi": [240, 673, 182], "vf": [481, 875, 816]}, "net_arch_dqn": [836, 375], "batch_size": 32, "model_name": "model-1709679540", "map_size": [10, 10], "reset": 52, "box_near_goal": 0.46736878165576035, "box_close_goal": 0.8059453079271864, "box_move_reward": 0.5660895908705437, "box_goal_reward": -0.7397544226814945, "box_player_reward": -0.8026038789336294, "final_player_reward": 0.28434377537110866, "preform_step": -0.4249930544836682, "win_reward": 133, "invalid_move_reward": -5.028655230331875, "no_win_reward": -4.927326524528129, "model_type": "PPO", "policy": "MlpPolicy", "folder_path_for_models": "models-tone-complex-2", "complex_map": false, "max_invalid_move_reset": 12.659849917967886, "model_performance": 0}