{"learning_rate": 0.05128338237383652, "net_arch": {"pi": [1772, 2294, 747, 2772, 3925], "vf": [3719, 1250, 3234, 2139]}, "net_arch_dqn": [3671, 3703, 4020, 1530], "batch_size": 512, "model_name": "model-1709695584", "map_size": [10, 10], "reset": 103, "box_near_goal": 0.2711799364387184, "box_close_goal": 0.05977720837925726, "box_move_reward": -0.36478146916902454, "box_goal_reward": -0.11817941828757816, "box_player_reward": -0.44267945601358694, "final_player_reward": 0.7052614829021537, "preform_step": 0.06842386459009697, "win_reward": 158, "invalid_move_reward": -5.609678570293565, "no_win_reward": -2.0325189421949625, "model_type": "PPO", "policy": "MlpPolicy", "folder_path_for_models": "models-tone-complex-2", "complex_map": true, "max_invalid_move_reset": 17.947151734545166, "model_performance": 0}