{"learning_rate": 0.05980005397870788, "net_arch": {"pi": [350, 180], "vf": [96, 700, 938, 684, 649, 890]}, "net_arch_dqn": [530, 845], "batch_size": 256, "model_name": "model-1709682879", "map_size": [10, 10], "reset": 165, "box_near_goal": 0.2569414229141026, "box_close_goal": 0.44605498806181443, "box_move_reward": -0.18663270877552307, "box_goal_reward": -0.9757126308690574, "box_player_reward": -0.4407666255532068, "final_player_reward": 0.586707451712418, "preform_step": 0.07457767583772767, "win_reward": 170, "invalid_move_reward": -16.662166199897325, "no_win_reward": -4.556008982291463, "model_type": "PPO", "policy": "MlpPolicy", "folder_path_for_models": "models-tone-complex-2", "complex_map": true, "max_invalid_move_reset": 22.92017538822611, "model_performance": 0}