{"learning_rate": 0.018634519002378273, "net_arch": {"pi": [2381, 3634, 3788, 2143, 1354, 1377], "vf": [3267, 2639, 3833, 2627]}, "net_arch_dqn": [1511, 2372, 1697, 1929, 3442, 2547, 3727], "batch_size": 128, "model_name": "model-1709697475", "map_size": [10, 10], "reset": 156, "box_near_goal": 0.006448099804314378, "box_close_goal": 0.3851946207933209, "box_move_reward": 0.23200531481826858, "box_goal_reward": -0.5217336286541683, "box_player_reward": 0.10972232809363658, "final_player_reward": 0.023941818650444757, "preform_step": 0.8883196267831188, "win_reward": 125, "invalid_move_reward": -8.42241674530709, "no_win_reward": -0.7977707959796096, "model_type": "DQN", "policy": "MlpPolicy", "folder_path_for_models": "models-tone-complex-2", "complex_map": false, "max_invalid_move_reset": 19.443220543337024, "model_performance": 1.0309278350515463}