{"learning_rate": 0.07771949796843625, "net_arch": {"pi": [172, 812, 332], "vf": [132, 912, 556, 196, 879]}, "net_arch_dqn": [990, 421, 533, 789, 794], "batch_size": 128, "model_name": "model-1709684028", "map_size": [10, 10], "reset": 117, "box_near_goal": 0.5568931921664213, "box_close_goal": 0.4506173612171107, "box_move_reward": -0.7764321392206823, "box_goal_reward": 0.7947863439315614, "box_player_reward": -0.8158407608921903, "final_player_reward": -0.23979042647992754, "preform_step": 0.9979689052667777, "win_reward": 164, "invalid_move_reward": -13.996144008408285, "no_win_reward": -0.3558832404373389, "model_type": "PPO", "policy": "MlpPolicy", "folder_path_for_models": "models-tone-complex-2", "complex_map": true, "max_invalid_move_reset": 5.980419569105654, "model_performance": 0}