{"learning_rate": 0.058514687306082724, "net_arch": {"pi": [3709, 3470, 3034, 3734, 687], "vf": [1943, 591, 3803, 1000, 3204, 1955]}, "net_arch_dqn": [2896, 834, 3528, 868, 843, 1235], "batch_size": 256, "model_name": "model-1709693102", "map_size": [10, 10], "reset": 198, "box_near_goal": 0.8606232407772317, "box_close_goal": 0.44308164452192855, "box_move_reward": 0.019141287926548678, "box_goal_reward": -0.07498273894931651, "box_player_reward": -0.7243217952979106, "final_player_reward": -0.148358992519374, "preform_step": -0.5999556031279274, "win_reward": 57, "invalid_move_reward": -0.6699655570968712, "no_win_reward": -1.4586099548769946, "model_type": "DQN", "policy": "MlpPolicy", "folder_path_for_models": "models-tone-complex-2", "complex_map": false, "max_invalid_move_reset": 14.904763192372839, "model_performance": 3.092783505154639}