{"learning_rate": 0.05900069933773311, "net_arch": {"pi": [958, 1940, 2332, 2739, 2184], "vf": [917, 1157, 2021, 1884, 3609]}, "net_arch_dqn": [3974, 2545, 3339, 3774, 1786, 3928, 3098, 1191], "batch_size": 1024, "model_name": "model-1709685255", "map_size": [10, 10], "reset": 194, "box_near_goal": 0.19437797121118405, "box_close_goal": 0.14942873228918796, "box_move_reward": -0.26698383030216544, "box_goal_reward": -0.020728962136616902, "box_player_reward": 0.5349141692722066, "final_player_reward": 0.3642390269069926, "preform_step": 0.5009664637589357, "win_reward": 182, "invalid_move_reward": -6.3897095117857035, "no_win_reward": -0.07528379115007677, "model_type": "PPO", "policy": "MlpPolicy", "folder_path_for_models": "models-tone-complex-2", "complex_map": false, "max_invalid_move_reset": 7.40624457695773, "model_performance": 1.0309278350515463}