{"learning_rate": 0.0859178883339514, "net_arch": {"pi": [566, 834, 331], "vf": [107, 114, 308]}, "net_arch_dqn": [158, 770, 321, 563, 537], "batch_size": 128, "model_name": "model-1709682980", "map_size": [10, 10], "reset": 143, "box_near_goal": 0.18144988053957734, "box_close_goal": 0.37842442750836836, "box_move_reward": 0.8172677258893037, "box_goal_reward": -0.6908754975646798, "box_player_reward": -0.19210114129289657, "final_player_reward": -0.6400301089075073, "preform_step": -0.5564267103323806, "win_reward": 81, "invalid_move_reward": -2.5939573975686443, "no_win_reward": -1.673235424280684, "model_type": "PPO", "policy": "MlpPolicy", "folder_path_for_models": "models-tone-complex-2", "complex_map": false, "max_invalid_move_reset": 26.78455872506941, "model_performance": 0}