{"learning_rate": 0.022747913912824068, "net_arch": {"pi": [611, 441, 229], "vf": [831, 659, 702, 479, 907, 821]}, "net_arch_dqn": [259, 254, 141, 629], "batch_size": 32, "model_name": "model-1709681012", "map_size": [10, 10], "reset": 103, "box_near_goal": 0.6184727410495466, "box_close_goal": 0.8974887978009675, "box_move_reward": -0.484328400950764, "box_goal_reward": -0.5915293297720148, "box_player_reward": -0.9591633843174208, "final_player_reward": -0.7064436343089375, "preform_step": 0.7027363432909388, "win_reward": 109, "invalid_move_reward": -16.309118013934448, "no_win_reward": -4.754070859560963, "model_type": "PPO", "policy": "MlpPolicy", "folder_path_for_models": "models-tone-complex-2", "complex_map": true, "max_invalid_move_reset": 28.245943279453034, "model_performance": 0}