{"learning_rate": 0.08419608668933763, "net_arch": {"pi": [145, 462, 1001, 488], "vf": [892, 561, 219, 413, 566, 617, 400]}, "net_arch_dqn": [583, 387, 357], "batch_size": 32, "model_name": "model-1709683235", "map_size": [10, 10], "reset": 154, "box_near_goal": 0.6872793009261384, "box_close_goal": 0.14404446041061902, "box_move_reward": 0.70112524937689, "box_goal_reward": 0.09594232523851676, "box_player_reward": -0.5489541170154295, "final_player_reward": -0.6809494620894119, "preform_step": -0.08889039612014393, "win_reward": 153, "invalid_move_reward": -6.1797945377857175, "no_win_reward": -0.40463808196114304, "model_type": "DQN", "policy": "MlpPolicy", "folder_path_for_models": "models-tone-complex-2", "complex_map": true, "max_invalid_move_reset": 22.34641882488873, "model_performance": 1.0309278350515463}