{"learning_rate": 0.09138657403325814, "net_arch": {"pi": [833, 780, 320, 195], "vf": [497]}, "net_arch_dqn": [313], "batch_size": 256, "model_name": "model-1709677318", "map_size": [10, 10], "reset": 169, "box_near_goal": 0.2984460386448824, "box_close_goal": 0.8140540886670569, "box_move_reward": 0.39462618164693475, "box_goal_reward": 0.3740541652343108, "box_player_reward": 0.7835480094905296, "final_player_reward": -0.2965989037857082, "preform_step": -0.7993298231126413, "win_reward": 151, "invalid_move_reward": -7.621271270791091, "no_win_reward": -2.204937819157381, "model_type": "PPO", "policy": "MlpPolicy", "folder_path_for_models": "models-tone-complex", "complex_map": false, "max_invalid_move_reset": 19.63008960479507, "model_performance": 0}